year,noc,team_name,total_athletes,total_entries,num_sports,num_events,female_ratio,mean_age,mean_height,mean_weight,mean_bmi,is_host,gold_medals,silver_medals,bronze_medals,total_medals,medal_points,has_podium,elite_team,prev_medals,prev_points
1960,AFG,Afghanistan,12,16,2,13,0.0,23.31,170.69,69.44,23.84,0,0,0,0,0,0,0,0,0,0
1964,AFG,Afghanistan,8,8,1,8,0.0,22.38,169.25,69.12,24.06,0,0,0,0,0,0,0,0,0,0
1968,AFG,Afghanistan,5,5,1,5,0.0,23.2,170.2,70.0,23.99,0,0,0,0,0,0,0,0,0,0
1972,AFG,Afghanistan,8,8,1,8,0.0,27.0,170.62,63.75,21.83,0,0,0,0,0,0,0,0,0,0
1980,AFG,Afghanistan,11,11,2,11,0.0,23.64,168.36,63.18,22.1,0,0,0,0,0,0,0,0,0,0
1988,AFG,Afghanistan,5,5,1,5,0.0,25.0,172.0,74.0,25.01,0,0,0,0,0,0,0,0,0,0
1996,AFG,Afghanistan,2,2,1,2,0.0,23.5,180.0,71.0,21.91,0,0,0,0,0,0,0,0,0,0
2004,AFG,Afghanistan,5,5,4,5,0.4,18.6,171.0,66.6,22.91,0,0,0,0,0,0,0,0,0,0
2008,AFG,Afghanistan,4,4,2,4,0.25,22.5,179.25,62.75,19.61,0,0,0,1,1,1,1,0,0,0
2012,AFG,Afghanistan,6,6,4,6,0.1667,24.83,171.67,60.83,20.64,0,0,0,1,1,1,1,0,1,1
2016,AFG,Afghanistan,3,3,2,3,0.3333,24.67,173.67,74.0,24.21,0,0,0,0,0,0,0,0,1,1
1960,AHO,Netherlands Antilles,5,5,1,4,0.0,26.2,170.2,83.9,28.73,0,0,0,0,0,0,0,0,0,0
1964,AHO,Netherlands Antilles,4,4,2,4,0.0,28.5,171.25,69.38,23.61,0,0,0,0,0,0,0,0,0,0
1968,AHO,Netherlands Antilles,5,5,2,4,0.4,31.0,173.2,67.8,22.61,0,0,0,0,0,0,0,0,0,0
1972,AHO,Netherlands Antilles,2,2,2,2,0.0,38.5,164.0,86.0,30.62,0,0,0,0,0,0,0,0,0,0
1976,AHO,Netherlands Antilles,4,4,2,4,0.0,26.75,176.25,73.0,23.48,0,0,0,0,0,0,0,0,0,0
1984,AHO,Netherlands Antilles,8,13,3,10,0.5385,18.23,177.08,65.23,20.69,0,0,0,0,0,0,0,0,0,0
1988,AHO,Netherlands Antilles,3,4,3,4,0.25,25.0,182.75,74.25,22.19,0,0,1,0,1,2,1,0,0,0
1992,AHO,Netherlands Antilles,4,4,3,4,0.25,30.25,176.5,76.75,24.67,0,0,0,0,0,0,0,0,1,2
1996,AHO,Netherlands Antilles,6,7,5,7,0.0,30.14,178.57,81.0,25.54,0,0,0,0,0,0,0,0,0,0
2000,AHO,Netherlands Antilles,7,8,6,8,0.125,30.62,179.12,79.62,24.78,0,0,0,0,0,0,0,0,0,0
2004,AHO,Netherlands Antilles,3,3,2,3,0.0,32.33,183.67,80.0,23.71,0,0,0,0,0,0,0,0,0,0
2008,AHO,Netherlands Antilles,3,4,3,4,0.0,23.0,178.75,74.5,23.27,0,0,0,0,0,0,0,0,0,0
1972,ALB,Albania,5,5,2,3,0.2,26.8,172.6,70.0,23.41,0,0,0,0,0,0,0,0,0,0
1992,ALB,Albania,7,9,4,8,0.2222,25.33,174.78,74.44,24.38,0,0,0,0,0,0,0,0,0,0
1996,ALB,Albania,7,9,5,7,0.6667,26.78,169.0,67.5,23.36,0,0,0,0,0,0,0,0,0,0
2000,ALB,Albania,4,5,3,5,0.6,31.2,167.8,62.9,22.1,0,0,0,0,0,0,0,0,0,0
2004,ALB,Albania,7,7,4,7,0.2857,20.86,172.29,70.71,23.69,0,0,0,0,0,0,0,0,0,0
2008,ALB,Albania,11,12,6,12,0.4167,27.25,173.42,74.75,24.7,0,0,0,0,0,0,0,0,0,0
2012,ALB,Albania,9,10,5,9,0.3,25.7,176.8,80.2,25.1,0,0,0,0,0,0,0,0,0,0
2016,ALB,Albania,6,6,3,6,0.5,23.67,176.17,67.17,21.29,0,0,0,0,0,0,0,0,0,0
1964,ALG,Algeria,1,7,1,7,0.0,26.0,175.0,65.0,21.22,0,0,0,0,0,0,0,0,0,0
1968,ALG,Algeria,3,9,2,9,0.0,25.78,169.78,61.22,21.23,0,0,0,0,0,0,0,0,0,0
1972,ALG,Algeria,5,7,2,5,0.0,22.71,174.14,64.57,21.29,0,0,0,0,0,0,0,0,0,0
1980,ALG,Algeria,54,63,9,28,0.0,23.52,175.92,69.86,22.47,0,0,0,0,0,0,0,0,0,0
1984,ALG,Algeria,33,33,4,17,0.0,24.33,178.06,74.3,23.33,0,0,0,2,2,2,1,0,0,0
1988,ALG,Algeria,42,45,7,29,0.0667,24.62,176.16,72.53,23.22,0,0,0,0,0,0,0,0,2,2
1992,ALG,Algeria,35,36,7,27,0.0556,23.78,178.03,71.31,22.29,0,1,0,1,2,4,1,0,0,0
1996,ALG,Algeria,45,47,9,29,0.1277,24.19,177.89,74.15,23.21,0,2,0,1,3,7,1,0,2,4
2000,ALG,Algeria,47,51,10,42,0.1961,24.9,174.31,67.94,22.25,0,1,1,3,5,8,1,1,3,7
2004,ALG,Algeria,61,71,10,57,0.2394,25.08,173.8,67.8,22.31,0,0,0,0,0,0,0,0,5,8
2008,ALG,Algeria,56,57,12,44,0.386,25.21,176.84,70.6,22.44,0,0,1,1,2,3,1,0,0,0
2012,ALG,Algeria,38,39,12,29,0.4359,24.85,174.21,66.74,21.84,0,1,0,0,1,3,1,0,2,3
2016,ALG,Algeria,64,74,13,48,0.1757,23.96,174.03,68.38,22.41,0,0,2,0,2,4,1,0,1,3
1976,AND,Andorra,3,3,2,2,0.0,28.33,174.67,78.0,25.56,0,0,0,0,0,0,0,0,0,0
1980,AND,Andorra,2,2,1,1,0.0,31.0,180.5,85.5,26.29,0,0,0,0,0,0,0,0,0,0
1984,AND,Andorra,2,2,1,1,0.0,35.0,180.5,85.5,26.29,0,0,0,0,0,0,0,0,0,0
1988,AND,Andorra,3,4,2,3,0.0,22.25,170.75,64.5,22.12,0,0,0,0,0,0,0,0,0,0
1992,AND,Andorra,8,8,5,5,0.125,23.12,172.62,67.38,22.59,0,0,0,0,0,0,0,0,0,0
1996,AND,Andorra,8,8,5,7,0.25,24.38,175.12,69.62,22.67,0,0,0,0,0,0,0,0,0,0
2000,AND,Andorra,5,5,3,5,0.4,31.0,175.0,69.8,22.63,0,0,0,0,0,0,0,0,0,0
2004,AND,Andorra,6,6,4,6,0.3333,29.67,173.33,68.5,22.5,0,0,0,0,0,0,0,0,0,0
2008,AND,Andorra,5,5,4,5,0.4,26.6,169.0,61.4,21.43,0,0,0,0,0,0,0,0,0,0
2012,AND,Andorra,6,6,4,6,0.3333,32.0,172.67,66.33,22.18,0,0,0,0,0,0,0,0,0,0
2016,AND,Andorra,4,4,4,4,0.5,26.0,171.5,66.25,22.51,0,0,0,0,0,0,0,0,0,0
1980,ANG,Angola,11,17,3,14,0.1176,17.35,171.71,62.47,21.12,0,0,0,0,0,0,0,0,0,0
1988,ANG,Angola,24,33,4,27,0.3333,20.09,171.06,65.24,22.09,0,0,0,0,0,0,0,0,0,0
1992,ANG,Angola,28,33,6,21,0.1818,23.88,181.58,77.18,23.12,0,0,0,0,0,0,0,0,0,0
1996,ANG,Angola,28,30,5,8,0.5667,25.47,179.53,75.33,23.05,0,0,0,0,0,0,0,0,0,0
2000,ANG,Angola,30,30,5,7,0.5,26.8,182.4,79.7,23.75,0,0,0,0,0,0,0,0,0,0
2004,ANG,Angola,30,30,5,5,0.5333,26.7,182.9,81.47,24.21,0,0,0,0,0,0,0,0,0,0
2008,ANG,Angola,32,33,6,8,0.4545,27.18,182.48,79.09,23.59,0,0,0,0,0,0,0,0,0,0
2012,ANG,Angola,33,35,6,10,0.8286,26.43,174.37,70.14,23.02,0,0,0,0,0,0,0,0,0,0
2016,ANG,Angola,26,26,7,10,0.6923,27.46,174.5,73.35,24.0,0,0,0,0,0,0,0,0,0,0
1976,ANT,Antigua and Barbuda,10,17,2,11,0.0,23.24,178.53,71.71,22.48,0,0,0,0,0,0,0,0,0,0
1984,ANT,Antigua and Barbuda,14,27,3,17,0.2963,21.11,176.67,65.22,20.9,0,0,0,0,0,0,0,0,0,0
1988,ANT,Antigua and Barbuda,15,25,4,19,0.16,23.32,177.76,65.2,20.65,0,0,0,0,0,0,0,0,0,0
1992,ANT,Antigua and Barbuda,13,18,3,15,0.2778,25.44,173.33,65.83,21.88,0,0,0,0,0,0,0,0,0,0
1996,ANT,Antigua and Barbuda,13,19,4,9,0.5789,24.37,171.11,65.84,22.39,0,0,0,0,0,0,0,0,0,0
2000,ANT,Antigua and Barbuda,3,4,2,4,0.5,29.5,170.25,69.5,23.87,0,0,0,0,0,0,0,0,0,0
2004,ANT,Antigua and Barbuda,5,5,2,5,0.4,20.0,169.0,59.8,20.89,0,0,0,0,0,0,0,0,0,0
2008,ANT,Antigua and Barbuda,5,5,2,5,0.2,22.2,176.8,68.4,21.75,0,0,0,0,0,0,0,0,0,0
2012,ANT,Antigua and Barbuda,4,4,2,4,0.5,23.0,174.25,68.0,22.38,0,0,0,0,0,0,0,0,0,0
2016,ANT,Antigua and Barbuda,8,9,2,5,0.2222,22.22,177.11,71.56,22.79,0,0,0,0,0,0,0,0,0,0
1960,ARG,Argentina,92,116,15,54,0.0086,28.22,175.43,73.7,23.85,0,0,1,1,2,3,1,0,0,0
1964,ARG,Argentina,102,148,14,78,0.0743,27.55,175.53,74.13,23.99,0,0,1,0,1,2,1,0,2,3
1968,ARG,Argentina,89,132,12,60,0.0682,26.07,175.52,73.11,23.62,0,0,0,2,2,2,1,0,1,2
1972,ARG,Argentina,92,123,12,62,0.0813,26.33,175.72,73.78,23.8,0,0,1,0,1,2,1,0,2,2
1976,ARG,Argentina,69,106,12,50,0.1698,24.26,176.37,74.79,23.83,0,0,0,0,0,0,0,0,1,2
1984,ARG,Argentina,81,115,14,70,0.1478,24.85,177.63,73.5,23.14,0,0,0,0,0,0,0,0,0,0
1988,ARG,Argentina,118,134,18,53,0.2388,24.96,178.72,73.4,22.86,0,0,1,1,2,3,1,0,0,0
1992,ARG,Argentina,84,111,17,68,0.2613,24.32,174.5,70.91,23.07,0,0,0,1,1,1,1,0,2,3
1996,ARG,Argentina,179,221,20,102,0.3122,24.47,176.86,73.39,23.21,0,0,2,1,3,5,1,0,1,1
2000,ARG,Argentina,143,165,21,98,0.3152,25.0,175.85,72.51,23.22,0,0,2,2,4,6,1,0,3,5
2004,ARG,Argentina,152,179,22,86,0.3073,27.04,177.39,75.21,23.65,0,2,0,4,6,10,1,1,4,6
2008,ARG,Argentina,132,145,19,71,0.3862,27.08,176.88,74.39,23.51,0,2,0,4,6,10,1,1,6,10
2012,ARG,Argentina,137,148,23,66,0.3041,27.35,180.04,77.55,23.61,0,1,1,2,4,7,1,0,6,10
2016,ARG,Argentina,215,232,26,80,0.3534,27.5,178.66,75.22,23.35,0,3,1,0,4,11,1,0,4,7
1996,ARM,Armenia,32,38,11,36,0.0526,24.0,169.26,71.25,24.65,0,1,1,0,2,5,1,0,0,0
2000,ARM,Armenia,25,26,10,26,0.0769,25.62,174.23,75.31,24.56,0,0,0,1,1,1,1,0,2,5
2004,ARM,Armenia,18,19,8,19,0.1053,26.74,173.84,79.26,25.86,0,0,0,0,0,0,0,0,1,1
2008,ARM,Armenia,25,26,7,24,0.0769,24.92,173.58,74.54,24.55,0,0,0,6,6,6,1,1,0,0
2012,ARM,Armenia,24,31,9,30,0.129,24.94,173.32,73.16,24.11,0,0,1,2,3,4,1,0,6,6
2016,ARM,Armenia,31,34,8,32,0.2941,24.53,170.32,73.65,24.93,0,1,3,0,4,9,1,0,3,4
1988,ARU,Aruba,8,12,5,10,0.5833,27.83,171.0,68.17,23.1,0,0,0,0,0,0,0,0,0,0
1992,ARU,Aruba,5,5,3,4,0.2,28.0,173.0,69.2,23.05,0,0,0,0,0,0,0,0,0,0
1996,ARU,Aruba,3,3,3,3,0.0,23.33,175.33,79.33,25.9,0,0,0,0,0,0,0,0,0,0
2000,ARU,Aruba,5,5,3,5,0.4,19.6,170.2,61.6,21.17,0,0,0,0,0,0,0,0,0,0
2004,ARU,Aruba,4,4,3,4,0.25,22.0,175.75,74.0,23.93,0,0,0,0,0,0,0,0,0,0
2008,ARU,Aruba,2,2,2,2,0.0,25.5,186.5,80.5,23.19,0,0,0,0,0,0,0,0,0,0
2012,ARU,Aruba,4,4,3,4,0.25,23.75,173.0,87.0,28.68,0,0,0,0,0,0,0,0,0,0
2016,ARU,Aruba,7,7,4,6,0.5714,24.0,174.29,68.71,22.4,0,0,0,0,0,0,0,0,0,0
1988,ASA,American Samoa,6,6,4,6,0.0,27.0,177.0,85.83,27.24,0,0,0,0,0,0,0,0,0,0
1992,ASA,American Samoa,3,3,2,3,0.0,25.67,171.33,71.83,24.52,0,0,0,0,0,0,0,0,0,0
1996,ASA,American Samoa,7,7,5,6,0.1429,30.86,174.57,77.79,25.67,0,0,0,0,0,0,0,0,0,0
2000,ASA,American Samoa,4,4,3,4,0.25,27.0,179.75,103.0,31.71,0,0,0,0,0,0,0,0,0,0
2004,ASA,American Samoa,3,3,2,3,0.3333,30.0,172.0,91.67,31.17,0,0,0,0,0,0,0,0,0,0
2008,ASA,American Samoa,4,4,3,4,0.5,23.5,176.75,67.25,21.43,0,0,0,0,0,0,0,0,0,0
2012,ASA,American Samoa,4,4,3,4,0.25,22.0,172.75,79.75,26.53,0,0,0,0,0,0,0,0,0,0
2016,ASA,American Samoa,4,4,3,4,0.25,25.25,176.75,75.25,23.95,0,0,0,0,0,0,0,0,0,0
1960,AUS,Australia,189,280,17,122,0.2,24.12,175.27,70.36,22.83,0,8,8,6,22,46,1,1,0,0
1964,AUS,Australia,243,392,19,133,0.2321,24.44,175.01,70.3,22.83,0,6,2,10,18,32,1,1,22,46
1968,AUS,Australia,128,224,16,105,0.2723,23.12,175.04,69.69,22.58,0,5,7,5,17,34,1,1,18,32
1972,AUS,Australia,168,266,20,110,0.2744,23.27,175.92,70.91,22.75,0,8,7,2,17,40,1,1,17,34
1976,AUS,Australia,180,274,20,115,0.2591,24.01,177.37,71.49,22.57,0,0,1,4,5,6,1,1,17,40
1980,AUS,Australia,120,190,17,92,0.3105,22.54,178.34,73.23,22.81,0,2,2,5,9,15,1,1,5,6
1984,AUS,Australia,242,337,22,137,0.3264,23.83,177.52,72.65,22.9,0,4,8,12,24,40,1,1,9,15
1988,AUS,Australia,252,339,24,145,0.3097,24.94,177.73,72.96,22.9,0,3,6,5,14,26,1,1,24,40
1992,AUS,Australia,279,390,25,153,0.4128,23.85,176.46,71.4,22.67,0,7,9,11,27,50,1,1,14,26
1996,AUS,Australia,417,550,26,211,0.4418,24.85,175.65,71.52,22.9,0,9,9,23,41,68,1,1,27,50
2000,AUS,Australia,617,788,34,270,0.467,25.8,177.01,72.9,23.05,1,16,25,17,58,115,1,1,41,68
2004,AUS,Australia,470,601,33,219,0.4559,25.82,177.53,73.57,23.05,0,17,16,17,50,100,1,1,58,115
2008,AUS,Australia,432,570,31,219,0.4754,26.07,177.0,72.45,22.87,0,14,15,17,46,89,1,1,50,100
2012,AUS,Australia,405,514,29,208,0.4728,26.27,178.35,72.89,22.67,0,7,16,12,35,65,1,1,46,89
2016,AUS,Australia,420,518,31,194,0.5077,26.55,178.56,72.97,22.7,0,8,11,10,29,56,1,1,35,65
1960,AUT,Austria,103,198,15,81,0.2727,25.66,171.23,67.18,22.81,0,1,1,0,2,5,1,0,0,0
1964,AUT,Austria,56,82,14,54,0.2561,24.83,175.8,73.59,23.68,0,0,0,0,0,0,0,0,2,5
1968,AUT,Austria,43,59,12,37,0.1864,25.92,178.63,75.1,23.48,0,0,2,2,4,6,1,0,0,0
1972,AUT,Austria,111,143,15,68,0.1469,26.26,177.38,73.86,23.4,0,0,1,2,3,4,1,0,4,6
1976,AUT,Austria,60,73,15,44,0.0822,27.34,178.44,76.23,23.86,0,0,0,1,1,1,1,0,3,4
1980,AUT,Austria,83,92,16,51,0.2174,24.63,177.59,73.43,23.17,0,1,2,1,4,8,1,0,1,1
1984,AUT,Austria,102,130,18,72,0.3154,25.19,176.89,73.05,23.21,0,1,1,1,3,6,1,0,4,8
1988,AUT,Austria,73,96,17,62,0.0938,27.02,180.41,77.2,23.64,0,1,0,0,1,3,1,0,3,6
1992,AUT,Austria,102,127,17,68,0.3071,26.21,178.6,73.77,23.0,0,0,2,0,2,4,1,0,1,3
1996,AUT,Austria,72,92,15,53,0.2283,27.47,179.16,73.08,22.67,0,0,1,2,3,4,1,0,2,4
2000,AUT,Austria,92,114,17,68,0.3947,26.31,179.46,72.36,22.33,0,2,1,0,3,8,1,0,3,4
2004,AUT,Austria,74,92,18,56,0.2826,28.36,179.54,73.0,22.46,0,2,4,1,7,15,1,1,3,8
2008,AUT,Austria,70,93,16,62,0.4086,27.28,177.97,70.25,21.96,0,0,1,2,3,4,1,0,7,15
2012,AUT,Austria,70,90,19,69,0.4222,28.2,176.68,69.5,22.07,0,0,0,0,0,0,0,0,3,4
2016,AUT,Austria,71,85,23,61,0.4706,27.39,176.89,70.05,22.2,0,0,0,1,1,1,1,0,0,0
1996,AZE,Azerbaijan,23,24,9,23,0.1667,25.12,173.12,72.25,23.91,0,0,1,0,1,2,1,0,0,0
2000,AZE,Azerbaijan,31,32,8,32,0.2188,26.44,171.16,70.28,23.8,0,2,0,1,3,7,1,0,1,2
2004,AZE,Azerbaijan,36,37,10,36,0.1892,26.59,172.38,71.54,23.92,0,1,0,4,5,7,1,1,3,7
2008,AZE,Azerbaijan,44,44,10,37,0.3182,23.75,171.16,69.18,23.32,0,1,2,4,7,11,1,1,5,7
2012,AZE,Azerbaijan,52,59,15,57,0.2712,25.22,171.76,70.46,23.62,0,2,2,6,10,16,1,1,7,11
2016,AZE,Azerbaijan,56,69,15,62,0.2319,25.61,175.67,72.04,23.03,0,1,7,10,18,27,1,1,10,16
1960,BAH,Bahamas,13,14,2,8,0.0,32.0,177.43,80.86,25.62,0,0,0,0,0,0,0,0,0,0
1964,BAH,Bahamas,11,12,2,6,0.0,32.67,176.42,77.58,24.8,0,1,0,0,1,3,1,0,0,0
1968,BAH,Bahamas,16,22,3,12,0.0,27.55,179.77,78.41,24.25,0,0,0,0,0,0,0,0,1,3
1972,BAH,Bahamas,20,25,4,13,0.04,27.08,181.72,75.48,22.86,0,0,0,0,0,0,0,0,0,0
1976,BAH,Bahamas,11,19,3,13,0.1053,23.16,181.16,75.0,22.76,0,0,0,0,0,0,0,0,0,0
1984,BAH,Bahamas,22,31,4,23,0.2581,22.06,177.32,69.47,21.86,0,0,0,0,0,0,0,0,0,0
1988,BAH,Bahamas,16,18,5,15,0.2778,26.94,178.44,74.03,23.0,0,0,0,0,0,0,0,0,0,0
1992,BAH,Bahamas,14,18,4,13,0.1667,24.56,180.72,76.33,23.28,0,0,0,1,1,1,1,0,0,0
1996,BAH,Bahamas,26,36,4,17,0.3611,27.11,176.64,72.78,23.24,0,0,1,0,1,2,1,0,1,1
2000,BAH,Bahamas,25,39,3,18,0.3846,26.41,175.92,72.36,23.27,0,2,0,1,3,7,1,0,1,2
2004,BAH,Bahamas,22,28,3,18,0.4286,25.79,174.29,72.5,23.82,0,1,0,1,2,4,1,0,3,7
2008,BAH,Bahamas,25,33,4,22,0.3333,26.0,175.64,70.76,22.83,0,0,1,1,2,3,1,0,2,4
2012,BAH,Bahamas,21,29,2,16,0.4483,25.97,176.17,68.1,21.86,0,1,0,0,1,3,1,0,2,3
2016,BAH,Bahamas,29,38,3,20,0.4474,25.58,177.21,68.71,21.76,0,1,0,1,2,4,1,0,1,3
1984,BAN,Bangladesh,1,2,1,2,0.0,21.0,162.0,60.0,22.86,0,0,0,0,0,0,0,0,0,0
1988,BAN,Bangladesh,6,11,2,8,0.0,23.45,170.82,63.09,21.57,0,0,0,0,0,0,0,0,0,0
1992,BAN,Bangladesh,6,9,3,6,0.1111,24.56,170.78,64.33,22.02,0,0,0,0,0,0,0,0,0,0
1996,BAN,Bangladesh,4,4,3,4,0.25,22.75,172.25,66.5,22.21,0,0,0,0,0,0,0,0,0,0
2000,BAN,Bangladesh,5,6,3,6,0.6667,20.83,157.67,54.67,21.72,0,0,0,0,0,0,0,0,0,0
2004,BAN,Bangladesh,4,4,3,4,0.25,19.25,168.0,59.0,20.91,0,0,0,0,0,0,0,0,0,0
2008,BAN,Bangladesh,5,5,3,5,0.4,24.4,165.0,59.0,21.63,0,0,0,0,0,0,0,0,0,0
2012,BAN,Bangladesh,5,7,5,7,0.1429,20.71,164.29,61.71,22.95,0,0,0,0,0,0,0,0,0,0
2016,BAN,Bangladesh,7,7,5,7,0.4286,23.43,169.43,68.57,23.88,0,0,0,0,0,0,0,0,0,0
1968,BAR,Barbados,9,13,5,10,0.0,24.15,172.77,70.92,23.8,0,0,0,0,0,0,0,0,0,0
1972,BAR,Barbados,13,20,4,13,0.4,24.35,170.7,67.25,23.09,0,0,0,0,0,0,0,0,0,0
1976,BAR,Barbados,11,17,2,11,0.1765,23.24,170.41,66.18,22.84,0,0,0,0,0,0,0,0,0,0
1984,BAR,Barbados,16,25,6,16,0.12,24.16,179.44,70.68,22.03,0,0,0,0,0,0,0,0,0,0
1988,BAR,Barbados,17,26,7,20,0.0769,23.42,175.46,71.56,23.26,0,0,0,0,0,0,0,0,0,0
1992,BAR,Barbados,17,22,5,17,0.0909,26.09,179.5,73.05,22.65,0,0,0,0,0,0,0,0,0,0
1996,BAR,Barbados,13,22,7,21,0.1364,20.86,172.41,73.55,24.78,0,0,0,0,0,0,0,0,0,0
2000,BAR,Barbados,18,28,6,21,0.3571,23.54,177.79,73.82,23.35,0,0,0,1,1,1,1,0,0,0
2004,BAR,Barbados,10,15,5,15,0.0667,23.2,180.27,79.87,24.55,0,0,0,0,0,0,0,0,1,1
2008,BAR,Barbados,8,10,3,10,0.2,22.4,182.4,76.2,23.02,0,0,0,0,0,0,0,0,0,0
2012,BAR,Barbados,6,8,3,6,0.0,23.5,183.0,74.12,22.15,0,0,0,0,0,0,0,0,0,0
2016,BAR,Barbados,11,13,5,11,0.3846,25.15,180.69,75.15,23.05,0,0,0,0,0,0,0,0,0,0
1996,BDI,Burundi,7,7,1,6,0.1429,25.43,175.43,60.86,19.72,0,1,0,0,1,3,1,0,0,0
2000,BDI,Burundi,6,6,1,5,0.1667,25.17,178.17,59.83,18.84,0,0,0,0,0,0,0,0,1,3
2004,BDI,Burundi,7,7,2,5,0.2857,25.0,171.0,57.14,19.44,0,0,0,0,0,0,0,0,0,0
2008,BDI,Burundi,3,3,2,3,0.6667,24.33,162.67,48.33,18.11,0,0,0,0,0,0,0,0,0,0
2012,BDI,Burundi,6,6,3,6,0.6667,21.83,170.83,63.83,22.0,0,0,0,0,0,0,0,0,0,0
2016,BDI,Burundi,9,10,3,9,0.4,24.5,171.8,59.1,20.03,0,0,1,0,1,2,1,0,0,0
1960,BEL,Belgium,101,150,16,64,0.1333,26.31,173.24,69.6,23.08,0,0,2,2,4,6,1,0,0,0
1964,BEL,Belgium,61,74,13,36,0.0676,25.0,176.51,73.43,23.55,0,2,0,1,3,7,1,0,4,6
1968,BEL,Belgium,82,106,13,55,0.1509,23.45,176.81,71.75,22.88,0,0,1,1,2,3,1,0,3,7
1972,BEL,Belgium,88,106,14,51,0.0755,24.65,175.92,72.2,23.29,0,0,2,0,2,4,1,0,2,3
1976,BEL,Belgium,101,149,16,80,0.3557,22.6,175.39,68.91,22.18,0,0,3,3,6,9,1,1,2,4
1980,BEL,Belgium,59,84,10,51,0.3571,23.05,176.0,68.25,21.95,0,1,0,0,1,3,1,0,6,9
1984,BEL,Belgium,63,86,14,48,0.2558,24.09,176.52,71.98,22.96,0,1,1,2,4,7,1,0,1,3
1988,BEL,Belgium,59,85,16,65,0.4118,24.28,174.73,69.28,22.47,0,0,0,2,2,2,1,0,4,7
1992,BEL,Belgium,68,103,18,70,0.3786,24.84,177.51,71.09,22.4,0,0,1,2,3,4,1,0,2,2
1996,BEL,Belgium,61,81,14,55,0.3457,27.12,177.91,71.62,22.45,0,2,2,2,6,12,1,1,3,4
2000,BEL,Belgium,68,94,16,64,0.5745,25.84,175.1,67.19,21.73,0,0,2,3,5,7,1,1,6,12
2004,BEL,Belgium,50,70,14,41,0.3714,28.86,175.69,66.84,21.52,0,1,0,2,3,5,1,0,5,7
2008,BEL,Belgium,94,112,16,55,0.1964,24.86,178.52,70.05,21.89,0,1,1,0,2,5,1,0,3,5
2012,BEL,Belgium,111,142,16,71,0.3451,27.66,177.4,70.51,22.28,0,0,1,2,3,4,1,0,2,5
2016,BEL,Belgium,104,138,19,74,0.3841,25.25,176.22,67.72,21.58,0,2,2,2,6,12,1,1,3,4
1972,BEN,Benin,3,3,2,3,0.0,23.67,165.33,57.67,20.92,0,0,0,0,0,0,0,0,0,0
1980,BEN,Benin,16,17,2,17,0.0588,24.59,175.0,66.82,21.77,0,0,0,0,0,0,0,0,0,0
1984,BEN,Benin,3,3,1,3,0.0,25.33,170.67,64.33,22.01,0,0,0,0,0,0,0,0,0,0
1988,BEN,Benin,7,10,2,7,0.2,27.6,176.2,68.2,21.9,0,0,0,0,0,0,0,0,0,0
1992,BEN,Benin,6,7,2,6,0.2857,23.14,173.43,69.14,22.93,0,0,0,0,0,0,0,0,0,0
1996,BEN,Benin,5,7,1,4,0.1429,25.71,175.43,71.86,23.29,0,0,0,0,0,0,0,0,0,0
2000,BEN,Benin,4,4,3,4,0.25,25.75,172.25,67.75,22.79,0,0,0,0,0,0,0,0,0,0
2004,BEN,Benin,4,4,2,4,0.5,22.75,174.5,67.75,22.14,0,0,0,0,0,0,0,0,0,0
2008,BEN,Benin,5,5,3,5,0.4,24.4,173.4,64.2,21.26,0,0,0,0,0,0,0,0,0,0
2012,BEN,Benin,5,5,4,5,0.2,26.2,174.6,67.8,22.17,0,0,0,0,0,0,0,0,0,0
2016,BEN,Benin,6,6,4,6,0.3333,26.5,179.33,78.83,24.32,0,0,0,0,0,0,0,0,0,0
1960,BER,Bermudes,9,9,1,4,0.0,38.89,175.33,78.0,25.37,0,0,0,0,0,0,0,0,0,0
1964,BER,Oleander XII,4,4,1,2,0.0,25.5,177.0,73.0,23.3,0,0,0,0,0,0,0,0,0,0
1968,BER,Bermuda,6,6,2,4,0.0,29.17,180.67,74.17,22.79,0,0,0,0,0,0,0,0,0,0
1972,BER,Bermuda,9,9,3,4,0.0,30.0,175.56,76.22,24.72,0,0,0,0,0,0,0,0,0,0
1976,BER,Bermuda,16,20,3,12,0.05,25.0,176.7,74.0,23.62,0,0,0,1,1,1,1,0,0,0
1984,BER,Bermuda,12,13,5,10,0.0769,25.08,181.15,74.23,22.64,0,0,0,0,0,0,0,0,1,1
1988,BER,Bermuda,12,14,6,12,0.0714,28.64,177.21,71.29,22.7,0,0,0,0,0,0,0,0,0,0
1992,BER,Bermuda,20,29,4,20,0.3103,23.66,178.07,72.62,22.75,0,0,0,0,0,0,0,0,0,0
1996,BER,Bermuda,9,10,4,9,0.2,30.7,177.0,77.1,24.39,0,0,0,0,0,0,0,0,0,0
2000,BER,Bermuda,6,7,4,6,0.2857,31.86,179.57,81.86,25.06,0,0,0,0,0,0,0,0,0,0
2004,BER,Bermuda,10,10,6,7,0.5,31.3,176.7,75.6,23.94,0,0,0,0,0,0,0,0,0,0
2008,BER,Bermuda,6,6,4,6,0.6667,24.0,174.0,64.17,21.09,0,0,0,0,0,0,0,0,0,0
2012,BER,Bermuda,8,8,5,7,0.375,27.75,177.38,69.5,22.01,0,0,0,0,0,0,0,0,0,0
2016,BER,Bermuda,8,8,5,8,0.5,25.12,174.12,69.12,22.65,0,0,0,0,0,0,0,0,0,0
1984,BHU,Bhutan,6,6,1,2,0.5,26.33,171.5,62.0,20.99,0,0,0,0,0,0,0,0,0,0
1988,BHU,Bhutan,3,6,1,2,0.0,34.0,169.33,66.0,22.95,0,0,0,0,0,0,0,0,0,0
1992,BHU,Bhutan,6,12,1,4,0.5,22.17,167.5,62.33,22.15,0,0,0,0,0,0,0,0,0,0
1996,BHU,Bhutan,2,2,1,2,0.5,23.5,165.5,58.0,21.16,0,0,0,0,0,0,0,0,0,0
2000,BHU,Bhutan,2,2,1,2,0.5,25.0,164.0,53.5,19.9,0,0,0,0,0,0,0,0,0,0
2004,BHU,Bhutan,2,2,1,2,0.5,25.5,167.5,57.5,20.45,0,0,0,0,0,0,0,0,0,0
2008,BHU,Bhutan,2,2,1,2,0.5,27.0,169.0,60.0,21.0,0,0,0,0,0,0,0,0,0,0
2012,BHU,Bhutan,2,2,2,2,1.0,27.5,155.0,60.0,24.86,0,0,0,0,0,0,0,0,0,0
2016,BHU,Bhutan,2,2,2,2,1.0,25.0,164.0,55.0,20.43,0,0,0,0,0,0,0,0,0,0
1992,BIH,Bosnia and Herzegovina,10,13,6,13,0.4615,26.62,175.69,78.38,24.71,0,0,0,0,0,0,0,0,0,0
1996,BIH,Bosnia and Herzegovina,9,12,7,12,0.1667,27.33,177.75,70.75,22.26,0,0,0,0,0,0,0,0,0,0
2000,BIH,Bosnia and Herzegovina,9,11,4,10,0.1818,28.45,181.91,72.36,21.73,0,0,0,0,0,0,0,0,0,0
2004,BIH,Bosnia and Herzegovina,9,11,8,11,0.1818,27.64,181.09,76.18,23.06,0,0,0,0,0,0,0,0,0,0
2008,BIH,Bosnia and Herzegovina,5,7,4,7,0.1429,32.43,180.43,81.0,24.5,0,0,0,0,0,0,0,0,0,0
2012,BIH,Bosnia and Herzegovina,6,8,4,8,0.25,32.12,180.0,78.0,23.55,0,0,0,0,0,0,0,0,0,0
2016,BIH,Bosnia and Herzegovina,11,11,5,8,0.3636,25.27,180.18,85.91,25.93,0,0,0,0,0,0,0,0,0,0
1968,BIZ,Belize,7,7,4,6,0.0,29.14,171.14,65.0,22.12,0,0,0,0,0,0,0,0,0,0
1972,BIZ,Belize,1,2,1,2,0.0,66.0,175.0,76.0,24.82,0,0,0,0,0,0,0,0,0,0
1976,BIZ,Belize,4,4,2,4,0.0,39.5,176.5,67.75,21.73,0,0,0,0,0,0,0,0,0,0
1984,BIZ,Belize,11,13,3,7,0.0,22.38,174.62,68.15,22.44,0,0,0,0,0,0,0,0,0,0
1988,BIZ,Belize,10,13,2,7,0.0,22.31,174.23,66.15,21.87,0,0,0,0,0,0,0,0,0,0
1992,BIZ,Belize,10,18,2,10,0.0556,22.5,176.72,68.67,22.04,0,0,0,0,0,0,0,0,0,0
1996,BIZ,Belize,5,5,2,5,0.6,26.8,174.2,60.8,19.9,0,0,0,0,0,0,0,0,0,0
2000,BIZ,Belize,2,2,1,2,0.5,21.0,177.5,74.5,23.57,0,0,0,0,0,0,0,0,0,0
2004,BIZ,Belize,2,2,1,2,0.5,23.5,176.5,70.5,22.6,0,0,0,0,0,0,0,0,0,0
2008,BIZ,Belize,4,4,2,4,0.25,26.75,175.75,70.25,22.61,0,0,0,0,0,0,0,0,0,0
2012,BIZ,Belize,3,3,2,3,0.3333,27.33,164.0,66.67,24.79,0,0,0,0,0,0,0,0,0,0
2016,BIZ,Belize,3,3,2,3,0.3333,27.33,183.67,79.33,23.47,0,0,0,0,0,0,0,0,0,0
1996,BLR,Belarus,157,259,19,115,0.4402,23.49,170.91,66.14,22.28,0,1,6,8,15,23,1,1,0,0
2000,BLR,Belarus,139,231,20,109,0.4459,24.86,171.2,65.69,21.95,0,3,3,11,17,26,1,1,15,23
2004,BLR,Belarus,151,192,22,121,0.4531,25.47,176.4,73.44,23.24,0,2,5,6,13,22,1,1,17,26
2008,BLR,Belarus,177,237,24,122,0.4051,25.59,176.46,72.15,22.94,0,4,5,9,18,31,1,1,13,22
2012,BLR,Belarus,160,185,23,110,0.4649,26.91,177.06,72.48,22.87,0,2,5,5,12,21,1,1,18,31
2016,BLR,Belarus,120,142,22,86,0.5423,27.32,176.56,71.56,22.72,0,1,4,4,9,15,1,1,12,21
1964,BOL,Bolivia,1,1,1,1,0.0,34.0,184.0,85.0,25.11,0,0,0,0,0,0,0,0,0,0
1968,BOL,Bolivia,4,4,3,3,0.0,39.0,173.5,74.25,24.71,0,0,0,0,0,0,0,0,0,0
1972,BOL,Bolivia,11,14,3,9,0.0,30.79,170.43,70.36,24.01,0,0,0,0,0,0,0,0,0,0
1976,BOL,Bolivia,4,5,4,5,0.0,30.8,173.4,67.4,22.36,0,0,0,0,0,0,0,0,0,0
1984,BOL,Bolivia,11,13,6,11,0.0769,28.62,171.46,65.23,22.08,0,0,0,0,0,0,0,0,0,0
1988,BOL,Bolivia,7,12,6,12,0.3333,20.5,177.67,70.92,22.4,0,0,0,0,0,0,0,0,0,0
1992,BOL,Bolivia,13,21,6,18,0.4286,24.95,172.62,64.71,21.57,0,0,0,0,0,0,0,0,0,0
1996,BOL,Bolivia,8,9,5,9,0.2222,22.56,173.56,66.33,21.9,0,0,0,0,0,0,0,0,0,0
2000,BOL,Bolivia,5,5,3,5,0.4,24.2,173.4,65.4,21.58,0,0,0,0,0,0,0,0,0,0
2004,BOL,Bolivia,7,11,5,11,0.6364,20.45,162.0,54.36,20.25,0,0,0,0,0,0,0,0,0,0
2008,BOL,Bolivia,7,7,5,7,0.4286,32.43,170.0,67.29,23.15,0,0,0,0,0,0,0,0,0,0
2012,BOL,Bolivia,5,5,3,5,0.4,23.8,172.4,67.6,22.66,0,0,0,0,0,0,0,0,0,0
2016,BOL,Bolivia,12,12,5,10,0.5,25.58,171.33,64.25,21.66,0,0,0,0,0,0,0,0,0,0
1980,BOT,Botswana,7,8,1,8,0.0,26.0,171.75,64.0,21.65,0,0,0,0,0,0,0,0,0,0
1984,BOT,Botswana,7,8,2,6,0.0,28.5,176.88,69.5,22.2,0,0,0,0,0,0,0,0,0,0
1988,BOT,Botswana,8,11,2,8,0.0,25.0,180.82,70.36,21.45,0,0,0,0,0,0,0,0,0,0
1992,BOT,Botswana,6,6,2,6,0.0,27.67,176.83,67.17,21.52,0,0,0,0,0,0,0,0,0,0
1996,BOT,Botswana,7,7,2,4,0.0,25.57,173.0,65.57,21.88,0,0,0,0,0,0,0,0,0,0
2000,BOT,Botswana,7,9,2,5,0.0,24.89,173.44,65.22,21.66,0,0,0,0,0,0,0,0,0,0
2004,BOT,Botswana,11,12,2,8,0.0833,24.42,172.5,62.42,20.93,0,0,0,0,0,0,0,0,0,0
2008,BOT,Botswana,11,11,3,11,0.1818,23.82,175.27,62.73,20.39,0,0,0,0,0,0,0,0,0,0
2012,BOT,Botswana,4,4,2,4,0.25,23.5,177.25,64.5,20.46,0,0,1,0,1,2,1,0,0,0
2016,BOT,Botswana,12,14,3,7,0.2143,21.93,179.36,67.79,21.05,0,0,0,0,0,0,0,0,1,2
1960,BRA,Brazil,72,86,14,35,0.0116,25.99,176.87,76.94,24.58,0,0,0,2,2,2,1,0,0,0
1964,BRA,Brazil,61,65,11,17,0.0154,24.38,182.15,78.91,23.76,0,0,0,1,1,1,1,0,2,2
1968,BRA,Brazil,76,89,13,27,0.0449,24.93,180.01,76.19,23.46,0,0,1,2,3,4,1,0,1,1
1972,BRA,Brazil,81,104,13,44,0.0673,23.13,180.19,76.98,23.66,0,0,0,2,2,2,1,0,3,4
1976,BRA,Brazil,79,89,12,47,0.1124,23.61,177.83,73.12,23.02,0,0,0,2,2,2,1,0,2,2
1980,BRA,Brazil,106,149,14,72,0.1275,23.34,179.38,74.0,22.84,0,2,0,2,4,8,1,0,2,2
1984,BRA,Brazil,147,197,17,82,0.1523,24.32,179.19,73.1,22.61,0,1,5,2,8,15,1,1,4,8
1988,BRA,Brazil,160,233,21,106,0.2232,24.31,179.14,73.46,22.68,0,1,2,3,6,10,1,1,8,15
1992,BRA,Brazil,182,233,23,107,0.2575,25.23,180.69,74.53,22.62,0,2,1,0,3,8,1,0,6,10
1996,BRA,Brazil,221,251,18,93,0.2749,25.33,180.87,75.58,22.91,0,3,3,9,15,24,1,1,3,8
2000,BRA,Brazil,198,236,24,96,0.4364,25.01,177.2,71.28,22.51,0,0,6,6,12,18,1,1,15,24
2004,BRA,Brazil,243,318,26,133,0.5031,25.33,175.49,69.7,22.34,0,5,2,3,10,22,1,1,12,18
2008,BRA,Brazil,268,338,28,145,0.4911,25.73,175.57,69.71,22.37,0,3,4,9,16,26,1,1,10,22
2012,BRA,Brazil,248,306,27,138,0.4706,27.01,176.85,71.59,22.64,0,3,5,9,17,28,1,1,16,26
2016,BRA,Brazil,462,583,34,222,0.4443,27.19,175.42,71.34,22.91,1,7,6,6,19,39,1,1,17,28
1984,BRN,Bahrain,10,14,4,8,0.0,26.43,179.71,72.86,22.58,0,0,0,0,0,0,0,0,0,0
1988,BRN,Bahrain,7,16,3,7,0.0,24.25,185.56,71.38,20.7,0,0,0,0,0,0,0,0,0,0
1992,BRN,Bahrain,10,15,2,10,0.0,24.87,168.6,72.73,25.52,0,0,0,0,0,0,0,0,0,0
1996,BRN,Bahrain,5,5,2,3,0.0,34.0,180.0,75.8,23.4,0,0,0,0,0,0,0,0,0,0
2000,BRN,Bahrain,4,4,2,4,0.5,18.75,176.5,59.0,18.86,0,0,0,0,0,0,0,0,0,0
2004,BRN,Bahrain,10,10,4,10,0.3,22.6,173.0,66.5,22.19,0,0,0,0,0,0,0,0,0,0
2008,BRN,Bahrain,14,15,3,11,0.2,24.33,172.33,65.87,22.19,0,0,0,0,0,0,0,0,0,0
2012,BRN,Bahrain,12,14,3,11,0.7143,22.57,167.14,56.43,20.18,0,0,0,1,1,1,1,0,0,0
2016,BRN,Bahrain,33,33,4,20,0.3939,23.42,171.64,61.67,20.89,0,1,1,0,2,5,1,0,1,1
1996,BRU,Brunei,1,1,1,1,0.0,23.0,172.0,90.0,30.42,0,0,0,0,0,0,0,0,0,0
2000,BRU,Brunei,2,2,2,2,0.0,26.5,176.0,80.5,26.17,0,0,0,0,0,0,0,0,0,0
2004,BRU,Brunei,1,1,1,1,0.0,22.0,173.0,65.0,21.72,0,0,0,0,0,0,0,0,0,0
2012,BRU,Brunei,3,3,2,3,0.3333,18.67,168.0,59.0,20.86,0,0,0,0,0,0,0,0,0,0
2016,BRU,Brunei,3,3,2,3,0.3333,23.0,158.0,57.33,22.96,0,0,0,0,0,0,0,0,0,0
1960,BUL,Bulgaria,98,183,12,66,0.2186,25.54,171.41,67.97,22.97,0,1,3,3,7,12,1,1,0,0
1964,BUL,Bulgaria,63,116,9,56,0.1293,26.5,171.96,69.81,23.56,0,3,5,2,10,21,1,1,7,12
1968,BUL,Bulgaria,112,189,13,69,0.2011,24.31,173.6,69.38,22.9,0,2,4,3,9,17,1,1,10,21
1972,BUL,Bulgaria,130,226,15,92,0.2611,23.87,171.42,68.14,22.93,0,6,10,5,21,43,1,1,9,17
1976,BUL,Bulgaria,158,254,14,108,0.3465,22.16,170.52,66.74,22.61,0,6,9,7,22,43,1,1,21,43
1980,BUL,Bulgaria,271,397,20,151,0.3426,23.14,174.23,69.94,22.68,0,8,16,17,41,73,1,1,22,43
1988,BUL,Bulgaria,172,281,16,120,0.4342,23.1,173.53,68.58,22.42,0,10,12,13,35,67,1,1,41,73
1992,BUL,Bulgaria,138,236,19,116,0.3814,22.3,171.34,66.94,22.47,0,3,7,6,16,29,1,1,35,67
1996,BUL,Bulgaria,110,181,17,89,0.2928,24.09,172.33,67.82,22.66,0,3,7,5,15,28,1,1,16,29
2000,BUL,Bulgaria,91,150,16,85,0.3133,25.43,172.91,68.67,22.79,0,5,6,2,13,29,1,1,15,28
2004,BUL,Bulgaria,95,119,19,94,0.437,25.42,175.06,71.55,23.08,0,2,1,9,12,17,1,1,13,29
2008,BUL,Bulgaria,70,87,15,60,0.4023,26.6,178.54,74.46,23.03,0,1,1,3,5,8,1,1,12,17
2012,BUL,Bulgaria,63,75,17,56,0.48,26.09,176.63,69.55,22.05,0,0,1,1,2,3,1,0,5,8
2016,BUL,Bulgaria,51,58,14,51,0.431,25.83,174.64,70.52,22.91,0,0,1,2,3,4,1,0,2,3
1972,BUR,Burkina Faso,1,1,1,1,0.0,27.0,170.0,67.0,23.18,0,0,0,0,0,0,0,0,0,0
1988,BUR,Burkina Faso,6,9,2,7,0.2222,24.22,176.67,69.22,22.09,0,0,0,0,0,0,0,0,0,0
1992,BUR,Burkina Faso,4,4,2,4,0.0,25.5,186.75,81.75,23.48,0,0,0,0,0,0,0,0,0,0
1996,BUR,Burkina Faso,5,5,2,5,0.4,20.4,172.4,68.0,22.73,0,0,0,0,0,0,0,0,0,0
2000,BUR,Burkina Faso,4,4,3,4,0.25,22.25,173.75,69.0,22.5,0,0,0,0,0,0,0,0,0,0
2004,BUR,Burkina Faso,5,5,3,5,0.4,28.8,174.0,71.6,23.27,0,0,0,0,0,0,0,0,0,0
2008,BUR,Burkina Faso,6,6,4,6,0.5,27.5,172.0,67.17,22.44,0,0,0,0,0,0,0,0,0,0
2012,BUR,Burkina Faso,5,5,3,5,0.6,22.8,174.4,68.2,22.4,0,0,0,0,0,0,0,0,0,0
2016,BUR,Burkina Faso,5,5,3,5,0.4,22.6,181.0,84.4,25.77,0,0,0,0,0,0,0,0,0,0
1968,CAF,Central African Republic,1,1,1,1,0.0,25.0,180.0,71.0,21.91,0,0,0,0,0,0,0,0,0,0
1984,CAF,Central African Republic,3,3,2,3,0.0,23.33,172.0,62.0,20.96,0,0,0,0,0,0,0,0,0,0
1988,CAF,Central African Republic,15,15,3,4,0.0,25.0,189.13,80.4,22.36,0,0,0,0,0,0,0,0,0,0
1992,CAF,Central African Republic,15,21,3,16,0.1429,23.52,178.24,70.95,22.28,0,0,0,0,0,0,0,0,0,0
1996,CAF,Central African Republic,5,5,1,5,0.4,25.2,177.2,67.8,21.29,0,0,0,0,0,0,0,0,0,0
2000,CAF,Central African Republic,3,3,2,3,0.6667,32.67,178.0,73.33,22.83,0,0,0,0,0,0,0,0,0,0
2004,CAF,Central African Republic,4,4,3,4,0.5,26.0,171.75,60.0,20.27,0,0,0,0,0,0,0,0,0,0
2008,CAF,Central African Republic,3,3,2,3,0.3333,21.33,172.33,67.0,22.55,0,0,0,0,0,0,0,0,0,0
2012,CAF,Central African Republic,6,6,4,6,0.5,23.33,173.5,63.83,21.14,0,0,0,0,0,0,0,0,0,0
2016,CAF,Central African Republic,6,6,4,6,0.5,21.5,172.0,64.33,21.71,0,0,0,0,0,0,0,0,0,0
1964,CAM,Cambodia,13,15,3,10,0.0,23.6,167.93,60.2,21.2,0,0,0,0,0,0,0,0,0,0
1972,CAM,Cambodia,9,17,3,14,0.1176,23.59,169.18,64.76,22.55,0,0,0,0,0,0,0,0,0,0
1996,CAM,Cambodia,5,5,3,5,0.4,20.8,167.8,62.2,21.99,0,0,0,0,0,0,0,0,0,0
2000,CAM,Cambodia,4,4,2,4,0.5,23.75,167.25,62.75,22.27,0,0,0,0,0,0,0,0,0,0
2004,CAM,Cambodia,4,4,2,4,0.5,20.25,165.5,60.25,21.8,0,0,0,0,0,0,0,0,0,0
2008,CAM,Cambodia,4,4,2,4,0.5,18.0,166.25,58.25,21.06,0,0,0,0,0,0,0,0,0,0
2012,CAM,Cambodia,6,6,4,6,0.5,22.5,169.5,60.5,21.02,0,0,0,0,0,0,0,0,0,0
2016,CAM,Cambodia,6,6,4,6,0.6667,29.5,163.5,56.83,21.24,0,0,0,0,0,0,0,0,0,0
1960,CAN,Canada,85,140,14,77,0.2286,23.59,175.35,69.55,22.51,0,0,1,0,1,2,1,0,0,0
1964,CAN,Canada,115,194,16,92,0.2268,24.35,175.93,71.64,22.97,0,1,2,1,4,8,1,0,1,2
1968,CAN,Canada,139,291,14,124,0.2715,23.95,174.3,69.03,22.58,0,1,3,1,5,10,1,1,4,8
1972,CAN,Canada,208,344,18,136,0.314,23.22,175.38,69.13,22.29,0,0,2,3,5,7,1,1,5,10
1976,CAN,Canada,385,531,23,173,0.3785,22.77,176.12,69.5,22.19,1,0,5,6,11,16,1,1,5,7
1984,CAN,Canada,408,572,23,193,0.3899,23.68,175.27,70.2,22.61,0,10,18,16,44,82,1,1,11,16
1988,CAN,Canada,328,503,23,193,0.3598,24.14,174.83,70.02,22.66,0,3,2,5,10,18,1,1,44,82
1992,CAN,Canada,295,445,24,199,0.436,25.09,174.92,70.11,22.7,0,7,4,7,18,36,1,1,10,18
1996,CAN,Canada,303,408,25,189,0.4951,26.38,175.15,69.79,22.54,0,3,11,8,22,39,1,1,18,36
2000,CAN,Canada,294,422,29,175,0.5308,25.97,175.62,70.44,22.58,0,3,3,8,14,23,1,1,22,39
2004,CAN,Canada,262,391,28,151,0.4885,26.21,174.09,69.39,22.66,0,3,6,3,12,24,1,1,14,23
2008,CAN,Canada,332,449,30,185,0.4187,26.51,175.67,71.49,22.97,0,3,9,7,19,34,1,1,12,24
2012,CAN,Canada,273,354,28,179,0.5876,26.41,174.57,68.94,22.38,0,1,5,12,18,25,1,1,19,34
2016,CAN,Canada,310,405,31,175,0.6272,25.99,174.54,68.46,22.3,0,4,3,15,22,33,1,1,18,25
1976,CAY,Cayman Islands,2,2,1,1,0.0,24.5,177.0,77.0,24.58,0,0,0,0,0,0,0,0,0,0
1984,CAY,Cayman Islands,8,14,2,7,0.0714,25.0,178.79,72.5,22.66,0,0,0,0,0,0,0,0,0,0
1988,CAY,Cayman Islands,8,12,2,7,0.0833,22.17,179.08,71.33,22.14,0,0,0,0,0,0,0,0,0,0
1992,CAY,Cayman Islands,10,13,3,7,0.0,26.23,179.77,75.54,23.33,0,0,0,0,0,0,0,0,0,0
1996,CAY,Cayman Islands,9,9,3,7,0.1111,30.78,178.78,74.33,23.21,0,0,0,0,0,0,0,0,0,0
2000,CAY,Cayman Islands,3,4,2,4,0.75,24.0,173.25,66.75,22.03,0,0,0,0,0,0,0,0,0,0
2004,CAY,Cayman Islands,5,8,2,8,0.375,21.75,174.38,72.62,23.65,0,0,0,0,0,0,0,0,0,0
2008,CAY,Cayman Islands,4,6,2,6,0.1667,21.83,185.67,82.67,23.81,0,0,0,0,0,0,0,0,0,0
2012,CAY,Cayman Islands,4,7,2,5,0.0,23.29,187.0,84.14,24.04,0,0,0,0,0,0,0,0,0,0
2016,CAY,Cayman Islands,5,5,3,5,0.4,23.2,179.4,73.6,22.62,0,0,0,0,0,0,0,0,0,0
1964,CGO,Congo (Brazzaville),2,2,1,2,0.0,21.0,176.5,69.5,22.31,0,0,0,0,0,0,0,0,0,0
1972,CGO,Congo (Brazzaville),6,8,1,5,0.0,21.38,175.88,69.0,22.31,0,0,0,0,0,0,0,0,0,0
1980,CGO,Congo (Brazzaville),23,25,3,8,0.56,26.2,175.2,67.24,21.89,0,0,0,0,0,0,0,0,0,0
1984,CGO,Congo (Brazzaville),9,13,2,10,0.1538,27.15,173.15,66.23,22.08,0,0,0,0,0,0,0,0,0,0
1988,CGO,Congo (Brazzaville),7,10,1,7,0.3,24.3,176.9,66.0,21.1,0,0,0,0,0,0,0,0,0,0
1992,CGO,Congo (Brazzaville),7,10,2,7,0.1,24.3,177.0,70.3,22.4,0,0,0,0,0,0,0,0,0,0
1996,CGO,Congo (Brazzaville),5,5,3,5,0.4,21.6,178.4,69.0,21.54,0,0,0,0,0,0,0,0,0,0
2000,CGO,Congo (Brazzaville),5,5,3,5,0.4,22.2,170.6,65.0,22.3,0,0,0,0,0,0,0,0,0,0
2004,CGO,Congo (Brazzaville),5,5,4,5,0.6,22.0,175.8,79.0,25.88,0,0,0,0,0,0,0,0,0,0
2008,CGO,Congo (Brazzaville),5,5,3,5,0.4,24.0,176.4,66.8,21.32,0,0,0,0,0,0,0,0,0,0
2012,CGO,Congo (Brazzaville),7,7,3,6,0.4286,26.14,172.0,67.86,22.81,0,0,0,0,0,0,0,0,0,0
2016,CGO,Congo (Brazzaville),10,10,5,9,0.3,24.9,174.6,78.4,24.99,0,0,0,0,0,0,0,0,0,0
1964,CHA,Chad,2,2,1,2,0.0,21.5,182.0,67.5,20.3,0,0,0,0,0,0,0,0,0,0
1968,CHA,Chad,3,4,1,3,0.0,24.5,180.25,68.0,20.85,0,0,0,0,0,0,0,0,0,0
1972,CHA,Chad,4,5,2,4,0.0,25.0,180.2,74.2,22.86,0,0,0,0,0,0,0,0,0,0
1984,CHA,Chad,3,3,1,3,0.0,28.0,183.67,76.0,22.53,0,0,0,0,0,0,0,0,0,0
1988,CHA,Chad,6,6,1,6,0.0,23.33,177.5,64.67,20.32,0,0,0,0,0,0,0,0,0,0
1992,CHA,Chad,6,7,2,7,0.2857,22.14,174.43,67.86,22.34,0,0,0,0,0,0,0,0,0,0
1996,CHA,Chad,4,4,1,4,0.25,21.5,178.75,68.0,21.25,0,0,0,0,0,0,0,0,0,0
2000,CHA,Chad,2,3,1,3,0.6667,22.67,173.33,63.0,20.91,0,0,0,0,0,0,0,0,0,0
2004,CHA,Chad,1,1,1,1,1.0,27.0,170.0,59.0,20.42,0,0,0,0,0,0,0,0,0,0
2008,CHA,Chad,2,2,1,2,0.5,22.5,172.5,65.5,21.98,0,0,0,0,0,0,0,0,0,0
2012,CHA,Chad,2,2,2,2,1.0,18.0,170.0,65.0,22.45,0,0,0,0,0,0,0,0,0,0
2016,CHA,Chad,2,2,1,2,0.5,23.5,173.0,51.5,17.12,0,0,0,0,0,0,0,0,0,0
1960,CHI,Chile,9,9,3,8,0.1111,27.22,173.0,67.89,22.63,0,0,0,0,0,0,0,0,0,0
1964,CHI,Chile,14,16,6,13,0.0,27.75,176.31,70.69,22.73,0,0,0,0,0,0,0,0,0,0
1968,CHI,Chile,21,25,4,19,0.08,29.4,172.96,69.88,23.31,0,0,0,0,0,0,0,0,0,0
1972,CHI,Chile,11,13,5,9,0.1538,27.54,170.23,67.15,23.03,0,0,0,0,0,0,0,0,0,0
1976,CHI,Chile,7,9,4,8,0.0,27.78,174.22,69.44,22.74,0,0,0,0,0,0,0,0,0,0
1984,CHI,Chile,52,64,8,25,0.0625,26.41,178.36,73.78,23.07,0,0,0,0,0,0,0,0,0,0
1988,CHI,Chile,17,23,6,14,0.0435,26.78,179.0,77.91,24.38,0,0,1,0,1,2,1,0,0,0
1992,CHI,Chile,12,15,7,12,0.2,27.07,172.87,71.73,24.01,0,0,0,0,0,0,0,0,1,2
1996,CHI,Chile,21,24,10,18,0.25,23.5,174.88,72.33,23.43,0,0,0,0,0,0,0,0,0,0
2000,CHI,Chile,50,58,14,28,0.1379,25.93,176.4,70.9,22.7,0,0,0,1,1,1,1,0,0,0
2004,CHI,Chile,22,29,11,25,0.2759,26.0,177.55,76.66,24.09,0,2,0,1,3,7,1,0,1,1
2008,CHI,Chile,26,29,14,26,0.2414,27.0,175.72,74.55,23.93,0,0,1,0,1,2,1,0,3,7
2012,CHI,Chile,35,44,17,36,0.4091,29.84,172.73,69.66,23.14,0,0,0,0,0,0,0,0,1,2
2016,CHI,Chile,42,47,16,36,0.4468,27.15,172.66,66.98,22.31,0,0,0,0,0,0,0,0,0,0
1984,CHN,China,215,323,19,105,0.3808,22.1,172.07,65.71,21.9,0,15,8,9,32,70,1,1,0,0
1988,CHN,China,273,427,25,150,0.4543,22.48,171.26,65.41,22.01,0,5,11,12,28,49,1,1,32,70
1992,CHN,China,244,394,23,144,0.5203,22.07,170.88,65.03,21.93,0,16,22,15,53,107,1,1,28,49
1996,CHN,China,294,438,25,155,0.5913,22.13,170.46,65.36,22.14,0,16,22,12,50,104,1,1,53,107
2000,CHN,China,271,414,28,163,0.6159,22.55,171.0,64.7,21.82,0,28,16,14,58,130,1,1,50,104
2004,CHN,China,383,518,31,204,0.612,22.98,172.81,66.37,21.94,0,32,17,14,63,144,1,1,58,130
2008,CHN,China,599,730,34,257,0.4849,23.92,176.05,69.96,22.28,1,51,21,28,100,223,1,1,63,144
2012,CHN,China,375,479,29,206,0.5574,23.96,175.44,68.63,22.03,0,38,27,23,88,191,1,1,100,223
2016,CHN,China,392,499,32,209,0.5912,23.97,175.0,67.96,21.96,0,26,18,26,70,140,1,1,88,191
1964,CIV,Cote d'Ivoire,9,10,2,10,0.0,24.9,178.7,72.8,22.52,0,0,0,0,0,0,0,0,0,0
1968,CIV,Cote d'Ivoire,10,11,2,7,0.0,26.45,177.09,73.18,23.22,0,0,0,0,0,0,0,0,0,0
1972,CIV,Cote d'Ivoire,11,13,2,7,0.0,27.46,174.23,72.62,23.93,0,0,0,0,0,0,0,0,0,0
1976,CIV,Cote d'Ivoire,8,11,1,8,0.1818,22.45,176.27,69.55,22.36,0,0,0,0,0,0,0,0,0,0
1984,CIV,Cote d'Ivoire,15,18,4,14,0.0556,24.33,176.89,72.0,22.91,0,0,1,0,1,2,1,0,0,0
1988,CIV,Cote d'Ivoire,28,29,5,10,0.5862,23.14,175.79,68.72,22.16,0,0,0,0,0,0,0,0,1,2
1992,CIV,Cote d'Ivoire,13,18,3,11,0.4444,23.72,175.17,70.5,22.79,0,0,0,0,0,0,0,0,0,0
1996,CIV,Cote d'Ivoire,11,13,4,8,0.0769,23.54,182.69,81.85,24.45,0,0,0,0,0,0,0,0,0,0
2000,CIV,Cote d'Ivoire,14,18,5,12,0.5,23.61,174.28,71.28,23.23,0,0,0,0,0,0,0,0,0,0
2004,CIV,Cote d'Ivoire,5,5,3,5,0.6,24.2,172.8,66.6,22.04,0,0,0,0,0,0,0,0,0,0
2008,CIV,Cote d'Ivoire,21,22,5,7,0.0909,24.14,178.59,72.64,22.69,0,0,0,0,0,0,0,0,0,0
2012,CIV,Cote d'Ivoire,9,10,6,10,0.6,23.7,173.0,65.9,21.81,0,0,0,0,0,0,0,0,0,0
2016,CIV,Cote d'Ivoire,12,15,6,12,0.6,26.07,175.47,67.97,21.84,0,1,0,1,2,4,1,0,0,0
1964,CMR,Cameroon,1,2,1,2,0.0,22.0,175.0,71.0,23.18,0,0,0,0,0,0,0,0,0,0
1968,CMR,Cameroon,5,5,2,5,0.0,24.8,169.8,66.4,23.09,0,0,1,0,1,2,1,0,0,0
1972,CMR,Cameroon,11,18,3,12,0.0,23.17,175.61,69.44,22.48,0,0,0,0,0,0,0,0,1,2
1976,CMR,Cameroon,4,4,1,1,0.0,23.75,176.0,70.25,22.67,0,0,0,0,0,0,0,0,0,0
1980,CMR,Cameroon,25,29,5,23,0.1379,25.03,173.66,71.83,23.74,0,0,0,0,0,0,0,0,0,0
1984,CMR,Cameroon,46,56,6,32,0.1071,25.73,176.48,71.96,23.07,0,0,0,1,1,1,1,0,0,0
1988,CMR,Cameroon,15,21,4,21,0.1905,23.52,173.48,78.67,26.1,0,0,0,0,0,0,0,0,1,1
1992,CMR,Cameroon,8,12,2,9,0.6667,24.0,168.75,64.25,22.44,0,0,0,0,0,0,0,0,0,0
1996,CMR,Cameroon,15,19,5,13,0.3158,24.21,172.79,66.79,22.3,0,0,0,0,0,0,0,0,0,0
2000,CMR,Cameroon,34,39,4,14,0.2821,22.41,175.08,69.54,22.6,0,1,0,0,1,3,1,0,0,0
2004,CMR,Cameroon,17,19,5,15,0.4737,24.16,174.21,72.11,23.71,0,1,0,0,1,3,1,0,1,3
2008,CMR,Cameroon,32,32,9,16,0.2188,23.25,176.06,72.31,23.33,0,1,0,0,1,3,1,0,1,3
2012,CMR,Cameroon,32,32,9,16,0.6875,24.16,168.38,68.94,24.15,0,0,0,0,0,0,0,0,1,3
2016,CMR,Cameroon,22,22,6,13,0.7727,26.64,173.86,72.41,23.89,0,0,0,0,0,0,0,0,0,0
1968,COD,Congo (Kinshasa),5,8,1,2,0.0,21.62,171.0,68.25,23.3,0,0,0,0,0,0,0,0,0,0
1984,COD,Congo (Kinshasa),8,9,2,9,0.1111,23.33,170.0,63.44,21.91,0,0,0,0,0,0,0,0,0,0
1988,COD,Congo (Kinshasa),15,21,3,15,0.1429,23.62,174.86,68.86,22.4,0,0,0,0,0,0,0,0,0,0
1992,COD,Congo (Kinshasa),17,19,4,14,0.1053,24.53,176.95,71.32,22.72,0,0,0,0,0,0,0,0,0,0
1996,COD,Congo (Kinshasa),14,14,2,2,0.8571,25.79,181.36,70.86,21.57,0,0,0,0,0,0,0,0,0,0
2000,COD,Congo (Kinshasa),2,3,1,3,0.6667,24.67,171.33,59.67,20.32,0,0,0,0,0,0,0,0,0,0
2004,COD,Congo (Kinshasa),4,6,2,4,0.1667,20.83,173.33,65.0,21.56,0,0,0,0,0,0,0,0,0,0
2008,COD,Congo (Kinshasa),5,5,4,5,0.2,27.4,177.2,71.8,22.83,0,0,0,0,0,0,0,0,0,0
2012,COD,Congo (Kinshasa),4,4,3,4,0.25,23.25,177.75,87.25,26.88,0,0,0,0,0,0,0,0,0,0
2016,COD,Congo (Kinshasa),4,4,3,4,0.5,24.0,172.5,60.75,20.28,0,0,0,0,0,0,0,0,0,0
1988,COK,Cook Islands,7,8,3,8,0.25,23.0,172.0,66.88,22.53,0,0,0,0,0,0,0,0,0,0
1992,COK,Cook Islands,2,2,2,2,0.0,22.5,172.5,86.5,29.66,0,0,0,0,0,0,0,0,0,0
1996,COK,Cook Islands,3,3,3,3,0.3333,26.33,174.33,79.0,26.51,0,0,0,0,0,0,0,0,0,0
2000,COK,Cook Islands,2,2,2,2,0.5,24.0,181.5,74.5,22.52,0,0,0,0,0,0,0,0,0,0
2004,COK,Cook Islands,3,3,2,3,0.3333,26.33,170.33,87.67,30.53,0,0,0,0,0,0,0,0,0,0
2008,COK,Cook Islands,4,4,3,4,0.25,22.0,176.25,91.5,29.95,0,0,0,0,0,0,0,0,0,0
2012,COK,Cook Islands,8,9,5,9,0.5556,20.11,166.33,78.33,28.35,0,0,0,0,0,0,0,0,0,0
2016,COK,Cook Islands,9,9,5,9,0.5556,23.33,172.67,73.0,24.68,0,0,0,0,0,0,0,0,0,0
1960,COL,Colombia,16,23,5,13,0.0,27.13,169.96,65.67,22.73,0,0,0,0,0,0,0,0,0,0
1964,COL,Colombia,20,40,6,19,0.0,27.88,171.98,66.88,22.62,0,0,0,0,0,0,0,0,0,0
1968,COL,Colombia,43,70,5,33,0.2,19.77,170.47,66.19,22.71,0,0,0,0,0,0,0,0,0,0
1972,COL,Colombia,59,75,8,39,0.16,23.08,165.33,63.12,23.03,0,0,1,2,3,4,1,0,0,0
1976,COL,Colombia,35,44,7,30,0.1364,23.64,164.41,62.16,22.93,0,0,0,0,0,0,0,0,3,4
1980,COL,Colombia,23,28,3,7,0.0,25.0,174.04,70.79,23.35,0,0,0,0,0,0,0,0,0,0
1984,COL,Colombia,39,48,8,34,0.0625,25.19,171.54,65.79,22.25,0,0,1,0,1,2,1,0,0,0
1988,COL,Colombia,40,57,10,34,0.2632,24.95,169.89,63.23,21.78,0,0,0,1,1,1,1,0,1,2
1992,COL,Colombia,49,61,11,31,0.0492,24.38,174.92,69.4,22.69,0,0,0,1,1,1,1,0,1,1
1996,COL,Colombia,48,62,9,44,0.2419,25.84,171.31,65.61,22.29,0,0,0,0,0,0,0,0,1,1
2000,COL,Colombia,44,54,13,45,0.4444,25.76,170.46,64.55,22.13,0,1,0,0,1,3,1,0,0,0
2004,COL,Colombia,53,71,15,59,0.3944,25.65,170.13,65.6,22.57,0,0,0,2,2,2,1,0,1,3
2008,COL,Colombia,67,90,16,74,0.3667,24.92,170.51,66.66,22.74,0,0,1,1,2,3,1,0,2,2
2012,COL,Colombia,101,120,19,81,0.5333,25.32,170.0,63.2,21.76,0,1,3,4,8,13,1,1,2,3
2016,COL,Colombia,143,157,21,85,0.4841,25.81,169.73,64.56,22.3,0,3,2,3,8,16,1,1,8,13
1996,COM,Comoros,4,4,1,4,0.25,21.0,176.0,61.25,19.79,0,0,0,0,0,0,0,0,0,0
2000,COM,Comoros,2,2,1,2,0.5,19.5,172.5,60.0,20.28,0,0,0,0,0,0,0,0,0,0
2004,COM,Comoros,3,3,2,3,0.3333,27.67,173.67,66.67,22.25,0,0,0,0,0,0,0,0,0,0
2008,COM,Comoros,3,3,2,3,0.3333,21.67,175.0,66.33,21.41,0,0,0,0,0,0,0,0,0,0
2012,COM,Comoros,3,3,2,3,0.6667,21.33,166.0,53.33,19.32,0,0,0,0,0,0,0,0,0,0
2016,COM,Comoros,4,4,2,4,0.5,21.75,168.5,60.5,21.19,0,0,0,0,0,0,0,0,0,0
1996,CPV,Cape Verde,3,3,1,3,0.3333,29.67,172.33,62.33,20.87,0,0,0,0,0,0,0,0,0,0
2000,CPV,Cape Verde,2,2,1,2,0.5,31.5,168.5,57.0,20.04,0,0,0,0,0,0,0,0,0,0
2004,CPV,Cape Verde,3,3,3,3,0.3333,27.33,180.33,69.33,21.26,0,0,0,0,0,0,0,0,0,0
2008,CPV,Cape Verde,2,2,2,2,0.5,25.5,175.5,66.0,21.41,0,0,0,0,0,0,0,0,0,0
2012,CPV,Cape Verde,3,3,2,3,0.6667,22.33,177.33,79.33,26.01,0,0,0,0,0,0,0,0,0,0
2016,CPV,Cape Verde,5,5,4,5,0.6,22.6,177.6,63.4,20.03,0,0,0,0,0,0,0,0,0,0
1964,CRC,Costa Rica,2,2,1,1,0.0,36.5,170.5,79.0,27.3,0,0,0,0,0,0,0,0,0,0
1968,CRC,Costa Rica,18,27,6,18,0.1111,27.74,170.93,69.37,23.66,0,0,0,0,0,0,0,0,0,0
1972,CRC,Costa Rica,3,4,3,4,0.0,31.75,173.5,73.5,24.31,0,0,0,0,0,0,0,0,0,0
1976,CRC,Costa Rica,5,10,4,9,0.5,24.0,170.1,60.9,20.85,0,0,0,0,0,0,0,0,0,0
1980,CRC,Costa Rica,29,37,5,18,0.1081,24.3,174.7,67.97,22.18,0,0,0,0,0,0,0,0,0,0
1984,CRC,Costa Rica,28,32,5,16,0.0312,24.81,175.84,68.59,22.12,0,0,0,0,0,0,0,0,0,0
1988,CRC,Costa Rica,16,33,6,18,0.6061,20.7,174.45,67.27,22.07,0,0,1,0,1,2,1,0,0,0
1992,CRC,Costa Rica,16,20,6,18,0.4,26.8,177.4,68.75,21.69,0,0,0,0,0,0,0,0,1,2
1996,CRC,Costa Rica,11,13,6,13,0.5385,24.85,172.92,65.54,21.84,0,1,0,0,1,3,1,0,0,0
2000,CRC,Costa Rica,7,9,5,9,0.3333,25.33,178.89,70.33,21.88,0,0,0,2,2,2,1,0,1,3
2004,CRC,Costa Rica,20,21,6,8,0.1905,24.67,177.05,72.62,23.15,0,0,0,0,0,0,0,0,2,2
2008,CRC,Costa Rica,8,8,4,8,0.25,24.5,175.25,72.25,23.24,0,0,0,0,0,0,0,0,0,0
2012,CRC,Costa Rica,11,11,6,11,0.2727,26.18,175.27,66.91,21.61,0,0,0,0,0,0,0,0,0,0
2016,CRC,Costa Rica,11,12,6,11,0.4167,27.83,172.67,67.83,22.6,0,0,0,0,0,0,0,0,0,0
1992,CRO,Croatia,39,46,11,23,0.1304,24.67,186.7,83.28,23.65,0,0,1,2,3,4,1,0,0,0
1996,CRO,Croatia,84,117,14,57,0.1368,24.65,186.02,82.86,23.74,0,1,1,0,2,5,1,0,3,4
2000,CRO,Croatia,88,108,12,53,0.2963,24.47,185.19,80.86,23.43,0,1,0,1,2,4,1,0,2,5
2004,CRO,Croatia,81,100,14,57,0.24,25.9,186.19,84.71,24.24,0,1,2,2,5,9,1,1,2,4
2008,CRO,Croatia,99,125,15,66,0.24,25.9,185.5,83.08,23.89,0,0,2,3,5,7,1,1,5,9
2012,CRO,Croatia,107,118,17,53,0.4153,27.14,183.09,80.91,23.83,0,3,1,2,6,13,1,1,5,7
2016,CRO,Croatia,85,93,18,47,0.2581,27.04,185.96,85.0,24.31,0,5,3,2,10,23,1,1,6,13
1960,CUB,Cuba,12,21,8,15,0.5238,20.38,164.48,57.29,20.84,0,0,0,0,0,0,0,0,0,0
1964,CUB,Cuba,27,76,6,24,0.0395,21.7,170.62,65.37,22.38,0,0,1,0,1,2,1,0,0,0
1968,CUB,Cuba,115,227,13,78,0.2203,21.52,168.97,66.52,23.1,0,0,4,0,4,8,1,0,1,2
1972,CUB,Cuba,137,201,14,69,0.1741,22.26,173.61,71.54,23.59,0,3,1,4,8,15,1,1,4,8
1976,CUB,Cuba,156,194,14,76,0.1546,23.55,176.81,74.03,23.55,0,6,4,3,13,29,1,1,8,15
1980,CUB,Cuba,208,288,19,92,0.125,23.73,176.47,74.4,23.76,0,8,7,5,20,43,1,1,13,29
1992,CUB,Cuba,176,196,16,90,0.2908,24.79,177.69,77.3,24.38,0,14,6,11,31,65,1,1,20,43
1996,CUB,Cuba,164,178,15,84,0.3371,25.68,178.64,76.9,23.93,0,9,8,8,25,51,1,1,31,65
2000,CUB,Cuba,229,271,24,135,0.3395,26.54,176.62,75.03,23.86,0,11,11,7,29,62,1,1,25,51
2004,CUB,Cuba,151,177,18,108,0.3446,26.03,173.99,73.52,24.09,0,9,7,11,27,52,1,1,29,62
2008,CUB,Cuba,158,171,18,102,0.3567,25.6,176.12,74.6,23.9,0,2,11,11,24,39,1,1,27,52
2012,CUB,Cuba,109,118,14,86,0.4068,25.36,173.8,71.75,23.56,0,5,3,6,14,27,1,1,24,39
2016,CUB,Cuba,117,143,19,99,0.3007,24.55,174.75,72.78,23.62,0,5,2,4,11,23,1,1,14,27
1980,CYP,Cyprus,14,15,3,13,0.1333,23.4,175.13,71.8,23.3,0,0,0,0,0,0,0,0,0,0
1984,CYP,Cyprus,10,12,4,9,0.0,30.0,175.33,69.42,22.53,0,0,0,0,0,0,0,0,0,0
1988,CYP,Cyprus,9,11,4,10,0.2727,27.36,173.73,64.18,21.16,0,0,0,0,0,0,0,0,0,0
1992,CYP,Cyprus,17,19,8,17,0.2105,24.37,178.37,74.16,23.16,0,0,0,0,0,0,0,0,0,0
1996,CYP,Cyprus,17,24,5,16,0.1667,24.04,178.71,77.42,24.19,0,0,0,0,0,0,0,0,0,0
2000,CYP,Cyprus,22,24,4,20,0.2083,25.21,179.62,71.29,22.02,0,0,0,0,0,0,0,0,0,0
2004,CYP,Cyprus,20,21,7,20,0.3333,25.19,176.43,70.81,22.65,0,0,0,0,0,0,0,0,0,0
2008,CYP,Cyprus,17,18,6,17,0.6111,24.5,173.67,66.28,21.9,0,0,0,0,0,0,0,0,0,0
2012,CYP,Cyprus,13,13,7,12,0.3077,25.77,178.0,73.54,23.03,0,0,1,0,1,2,1,0,0,0
2016,CYP,Cyprus,15,21,6,19,0.3333,24.48,175.81,68.24,21.97,0,0,0,0,0,0,0,0,1,2
1996,CZE,Czech Republic,115,169,17,110,0.4024,24.85,177.8,72.89,22.9,0,4,3,4,11,22,1,1,0,0
2000,CZE,Czech Republic,119,162,20,96,0.3148,25.23,179.27,75.75,23.34,0,2,3,3,8,15,1,1,11,22
2004,CZE,Czech Republic,142,171,20,104,0.4444,26.47,180.57,75.05,22.82,0,1,3,5,9,14,1,1,8,15
2008,CZE,Czech Republic,134,158,21,105,0.4494,26.06,180.47,75.76,23.08,0,3,3,0,6,15,1,1,9,14
2012,CZE,Czech Republic,133,159,21,99,0.4906,26.81,179.53,74.47,22.89,0,4,3,3,10,21,1,1,6,15
2016,CZE,Czech Republic,104,135,20,92,0.4148,26.96,180.1,74.47,22.78,0,1,2,7,10,14,1,1,10,21
1960,DEN,Denmark,100,109,15,46,0.1193,25.42,175.81,70.42,22.7,0,2,3,1,6,13,1,1,0,0
1964,DEN,Denmark,60,71,10,40,0.1408,24.06,177.42,72.56,22.96,0,2,1,3,6,11,1,1,6,13
1968,DEN,Denmark,64,93,11,53,0.1075,26.1,176.49,71.46,22.86,0,1,4,3,8,14,1,1,6,11
1972,DEN,Denmark,126,155,17,73,0.1161,26.35,180.61,74.79,22.85,0,1,0,0,1,3,1,0,8,14
1976,DEN,Denmark,66,81,15,40,0.1605,26.81,177.48,71.8,22.71,0,1,0,2,3,5,1,0,1,3
1980,DEN,Denmark,58,60,13,30,0.0667,26.62,181.87,78.68,23.68,0,2,1,2,5,10,1,1,3,5
1984,DEN,Denmark,60,74,11,33,0.1757,25.11,182.54,77.96,23.26,0,0,3,3,6,9,1,1,5,10
1988,DEN,Denmark,78,130,15,73,0.3077,23.87,181.29,73.74,22.3,0,2,1,1,4,9,1,0,6,9
1992,DEN,Denmark,110,144,14,67,0.375,24.95,179.35,72.96,22.57,0,1,1,4,6,9,1,1,4,9
1996,DEN,Denmark,119,145,14,66,0.5517,25.79,177.34,69.9,22.12,0,4,1,1,6,15,1,1,6,9
2000,DEN,Denmark,97,124,16,55,0.4516,27.78,179.76,73.17,22.53,0,2,3,1,6,13,1,1,6,15
2004,DEN,Denmark,92,115,16,59,0.487,27.37,178.9,71.1,22.13,0,2,1,5,8,13,1,1,6,13
2008,DEN,Denmark,84,108,16,62,0.2963,26.52,183.07,77.59,23.05,0,2,2,3,7,13,1,1,8,13
2012,DEN,Denmark,114,149,17,69,0.4899,26.89,180.52,74.87,22.86,0,2,4,3,9,17,1,1,7,13
2016,DEN,Denmark,119,143,16,67,0.4266,26.4,180.94,74.71,22.7,0,2,6,7,15,25,1,1,9,17
1984,DJI,Djibouti,3,3,1,1,0.0,25.67,175.67,58.67,18.97,0,0,0,0,0,0,0,0,0,0
1988,DJI,Djibouti,6,6,2,5,0.0,24.17,170.67,53.83,18.46,0,0,0,1,1,1,1,0,0,0
1992,DJI,Djibouti,8,8,3,7,0.0,25.75,175.5,63.62,20.61,0,0,0,0,0,0,0,0,1,1
1996,DJI,Djibouti,5,5,2,4,0.0,32.4,175.4,63.6,20.61,0,0,0,0,0,0,0,0,0,0
2000,DJI,Djibouti,2,2,1,2,0.5,25.0,164.0,55.0,20.45,0,0,0,0,0,0,0,0,0,0
2008,DJI,Djibouti,2,2,1,2,0.5,19.5,174.5,64.5,21.11,0,0,0,0,0,0,0,0,0,0
2012,DJI,Djibouti,4,4,3,4,0.5,19.5,174.25,64.75,21.19,0,0,0,0,0,0,0,0,0,0
2016,DJI,Djibouti,7,8,3,7,0.125,21.88,175.62,61.75,20.28,0,0,0,0,0,0,0,0,0,0
1996,DMA,Dominica,6,6,2,6,0.3333,27.33,173.83,67.0,22.01,0,0,0,0,0,0,0,0,0,0
2000,DMA,Dominica,4,4,2,4,0.5,22.25,176.75,66.25,21.15,0,0,0,0,0,0,0,0,0,0
2004,DMA,Dominica,2,2,1,2,0.5,22.0,171.5,63.5,21.57,0,0,0,0,0,0,0,0,0,0
2008,DMA,Dominica,2,2,1,2,0.0,25.0,175.5,73.0,23.67,0,0,0,0,0,0,0,0,0,0
2012,DMA,Dominica,2,2,1,2,0.5,21.5,174.0,61.5,20.09,0,0,0,0,0,0,0,0,0,0
2016,DMA,Dominica,2,2,1,2,0.5,25.0,179.0,74.0,22.98,0,0,0,0,0,0,0,0,0,0
1964,DOM,Dominican Republic,1,1,1,1,0.0,30.0,173.0,67.0,22.39,0,0,0,0,0,0,0,0,0,0
1968,DOM,Dominican Republic,18,24,5,16,0.0,26.12,167.83,68.83,24.6,0,0,0,0,0,0,0,0,0,0
1972,DOM,Dominican Republic,5,5,3,4,0.0,29.4,165.8,78.8,28.93,0,0,0,0,0,0,0,0,0,0
1976,DOM,Dominican Republic,10,11,3,10,0.1818,20.82,166.91,56.73,20.35,0,0,0,0,0,0,0,0,0,0
1980,DOM,Dominican Republic,6,7,4,7,0.1429,22.29,173.0,69.71,23.37,0,0,0,0,0,0,0,0,0,0
1984,DOM,Dominican Republic,19,24,7,20,0.2917,23.67,172.54,66.46,22.19,0,0,0,1,1,1,1,0,0,0
1988,DOM,Dominican Republic,16,18,5,15,0.0556,24.83,171.67,71.06,24.12,0,0,0,0,0,0,0,0,1,1
1992,DOM,Dominican Republic,32,32,5,13,0.0625,22.91,177.59,76.75,24.18,0,0,0,0,0,0,0,0,0,0
1996,DOM,Dominican Republic,16,16,7,16,0.25,23.5,173.25,65.38,21.63,0,0,0,0,0,0,0,0,0,0
2000,DOM,Dominican Republic,13,13,5,13,0.1538,23.0,178.38,80.65,25.26,0,0,0,0,0,0,0,0,0,0
2004,DOM,Dominican Republic,33,33,9,22,0.4848,24.42,177.76,70.11,22.2,0,1,0,0,1,3,1,0,0,0
2008,DOM,Dominican Republic,24,27,9,21,0.2963,25.41,167.3,66.33,23.78,0,1,1,0,2,5,1,0,1,3
2012,DOM,Dominican Republic,33,36,10,21,0.5833,24.5,174.56,64.11,21.07,0,1,1,0,2,5,1,0,2,5
2016,DOM,Dominican Republic,26,30,11,22,0.2667,25.67,172.5,63.8,21.45,0,0,0,1,1,1,1,0,2,5
1968,ECU,Ecuador,15,41,6,21,0.0488,21.73,170.54,66.59,22.95,0,0,0,0,0,0,0,0,0,0
1972,ECU,Ecuador,2,4,2,4,0.0,18.5,176.5,60.75,19.47,0,0,0,0,0,0,0,0,0,0
1976,ECU,Ecuador,5,8,4,8,0.0,21.38,175.75,72.06,23.72,0,0,0,0,0,0,0,0,0,0
1980,ECU,Ecuador,12,16,5,13,0.0625,20.44,173.75,67.12,22.2,0,0,0,0,0,0,0,0,0,0
1984,ECU,Ecuador,11,15,6,14,0.0667,28.13,172.07,71.87,23.99,0,0,0,0,0,0,0,0,0,0
1988,ECU,Ecuador,13,15,6,15,0.2667,26.07,170.0,64.93,22.3,0,0,0,0,0,0,0,0,0,0
1992,ECU,Ecuador,13,15,6,15,0.5333,26.0,164.2,59.6,21.98,0,0,0,0,0,0,0,0,0,0
1996,ECU,Ecuador,19,28,7,18,0.0714,24.14,177.07,72.68,23.03,0,1,0,0,1,3,1,0,0,0
2000,ECU,Ecuador,10,11,5,11,0.2727,27.73,171.36,73.27,24.67,0,0,0,0,0,0,0,0,1,3
2004,ECU,Ecuador,16,18,7,15,0.3333,27.94,170.06,65.89,22.56,0,0,0,0,0,0,0,0,0,0
2008,ECU,Ecuador,25,26,9,23,0.3077,26.15,170.38,66.62,22.78,0,0,1,0,1,2,1,0,0,0
2012,ECU,Ecuador,36,36,11,34,0.3611,24.97,171.22,66.33,22.42,0,0,0,0,0,0,0,0,1,2
2016,ECU,Ecuador,37,40,12,29,0.4,27.52,169.92,65.55,22.39,0,0,0,0,0,0,0,0,0,0
1964,EGY,Egypt,73,83,9,35,0.0,25.37,178.9,76.02,23.69,0,0,0,0,0,0,0,0,0,0
1968,EGY,Egypt,30,35,7,18,0.0,25.8,176.49,74.47,23.83,0,0,0,0,0,0,0,0,0,0
1972,EGY,Egypt,23,26,5,16,0.0,23.46,175.35,71.42,23.12,0,0,0,0,0,0,0,0,0,0
1976,EGY,Egypt,26,26,4,7,0.0,24.69,183.19,74.15,21.96,0,0,0,0,0,0,0,0,0,0
1984,EGY,Egypt,114,148,15,74,0.0743,24.11,177.93,76.53,24.05,0,0,1,0,1,2,1,0,0,0
1988,EGY,Egypt,49,59,12,36,0.0169,23.66,181.59,81.69,24.57,0,0,0,0,0,0,0,0,1,2
1992,EGY,Egypt,75,83,13,32,0.0723,23.76,179.0,78.09,24.33,0,0,0,0,0,0,0,0,0,0
1996,EGY,Egypt,29,33,8,17,0.1212,24.79,185.73,87.12,25.33,0,0,0,0,0,0,0,0,0,0
2000,EGY,Egypt,89,103,20,64,0.1748,24.67,180.7,79.56,24.18,0,0,0,0,0,0,0,0,0,0
2004,EGY,Egypt,97,104,17,48,0.1538,25.02,178.96,78.89,24.45,0,1,1,3,5,8,1,1,0,0
2008,EGY,Egypt,100,116,19,68,0.2931,24.91,177.88,75.53,23.64,0,0,0,1,1,1,1,0,5,8
2012,EGY,Egypt,109,132,21,87,0.3409,24.08,173.4,70.84,23.33,0,0,2,0,2,4,1,0,1,1
2016,EGY,Egypt,121,137,23,87,0.3358,24.53,176.83,74.85,23.79,0,0,0,3,3,3,1,0,2,4
2000,ERI,Eritrea,3,3,1,3,0.3333,21.67,167.67,53.0,18.69,0,0,0,0,0,0,0,0,0,0
2004,ERI,Eritrea,4,5,1,3,0.2,23.2,162.6,51.8,19.57,0,0,0,1,1,1,1,0,0,0
2008,ERI,Eritrea,10,11,1,6,0.1818,25.0,168.27,54.82,19.33,0,0,0,0,0,0,0,0,1,1
2012,ERI,Eritrea,12,12,2,7,0.0833,24.17,174.08,59.58,19.67,0,0,0,0,0,0,0,0,0,0
2016,ERI,Eritrea,12,12,2,6,0.0833,26.25,176.0,63.67,20.43,0,0,0,0,0,0,0,0,0,0
1968,ESA,El Salvador,60,104,7,48,0.25,21.88,171.5,63.6,21.54,0,0,0,0,0,0,0,0,0,0
1972,ESA,El Salvador,11,18,2,12,0.0,26.44,179.61,74.89,23.23,0,0,0,0,0,0,0,0,0,0
1984,ESA,El Salvador,10,15,5,15,0.1333,21.93,171.13,68.0,23.02,0,0,0,0,0,0,0,0,0,0
1988,ESA,El Salvador,6,7,4,7,0.1429,23.71,166.29,61.29,21.97,0,0,0,0,0,0,0,0,0,0
1992,ESA,El Salvador,4,6,3,6,0.5,19.83,176.17,70.0,22.44,0,0,0,0,0,0,0,0,0,0
1996,ESA,El Salvador,8,10,5,10,0.3,24.7,173.9,67.7,22.21,0,0,0,0,0,0,0,0,0,0
2000,ESA,El Salvador,8,10,7,10,0.5,24.5,170.1,64.3,22.19,0,0,0,0,0,0,0,0,0,0
2004,ESA,El Salvador,7,9,6,9,0.7778,23.67,164.56,60.44,22.04,0,0,0,0,0,0,0,0,0,0
2008,ESA,El Salvador,11,14,9,14,0.7143,25.21,166.29,61.36,22.02,0,0,0,0,0,0,0,0,0,0
2012,ESA,El Salvador,10,11,7,11,0.5455,23.27,169.27,65.09,22.58,0,0,0,0,0,0,0,0,0,0
2016,ESA,El Salvador,8,10,6,10,0.3,22.5,173.0,68.0,22.55,0,0,0,0,0,0,0,0,0,0
1960,ESP,Spain,144,238,16,83,0.1723,24.59,170.97,66.68,22.63,0,0,0,1,1,1,1,0,0,0
1964,ESP,Spain,51,67,9,35,0.0746,23.93,173.46,68.96,22.88,0,0,0,0,0,0,0,0,1,1
1968,ESP,Spain,122,137,12,50,0.0219,23.95,176.79,72.35,23.11,0,0,0,0,0,0,0,0,0,0
1972,ESP,Spain,123,162,17,59,0.0556,24.6,174.67,72.54,23.67,0,0,0,1,1,1,1,0,0,0
1976,ESP,Spain,113,160,14,68,0.1625,22.96,172.1,68.71,23.04,0,0,2,0,2,4,1,0,1,1
1980,ESP,Spain,155,211,18,75,0.1137,23.0,176.89,71.88,22.77,0,1,3,2,6,11,1,1,2,4
1984,ESP,Spain,179,257,23,104,0.1907,23.46,174.46,68.86,22.21,0,1,2,2,5,9,1,1,6,11
1988,ESP,Spain,229,317,24,130,0.205,23.76,175.49,69.6,22.29,0,1,1,2,4,7,1,0,5,9
1992,ESP,Spain,422,537,29,195,0.3296,24.29,176.5,70.63,22.49,1,13,7,2,22,55,1,1,4,7
1996,ESP,Spain,289,384,22,157,0.3854,25.07,173.89,67.55,22.01,0,5,6,6,17,33,1,1,22,55
2000,ESP,Spain,321,431,27,165,0.3434,25.62,173.87,68.18,22.22,0,3,3,5,11,20,1,1,17,33
2004,ESP,Spain,316,423,27,155,0.435,25.99,173.52,68.65,22.46,0,3,11,6,20,37,1,1,11,20
2008,ESP,Spain,283,355,29,147,0.4113,26.66,175.48,70.24,22.58,0,5,10,3,18,38,1,1,20,37
2012,ESP,Spain,278,339,27,135,0.4012,26.49,176.31,70.87,22.55,0,3,10,4,17,33,1,1,18,38
2016,ESP,Spain,307,363,28,146,0.4738,27.65,176.43,71.12,22.65,0,7,4,6,17,35,1,1,17,33
1992,EST,Estonia,37,46,13,35,0.1304,24.07,182.8,80.52,23.98,0,1,0,1,2,4,1,0,0,0
1996,EST,Estonia,43,52,13,36,0.2308,27.4,183.37,81.73,24.11,0,0,0,0,0,0,0,0,2,4
2000,EST,Estonia,33,41,11,29,0.0732,27.56,185.44,84.49,24.48,0,1,0,2,3,5,1,0,0,0
2004,EST,Estonia,42,45,10,34,0.2667,25.89,183.84,82.84,24.32,0,0,1,2,3,4,1,0,3,5
2008,EST,Estonia,47,53,13,42,0.3208,25.02,183.85,82.04,23.98,0,1,1,0,2,5,1,0,3,4
2012,EST,Estonia,32,36,11,30,0.3056,27.31,182.97,85.0,25.02,0,0,1,1,2,3,1,0,2,5
2016,EST,Estonia,46,49,13,31,0.4286,27.53,180.0,78.04,23.75,0,0,0,1,1,1,1,0,2,3
1960,ETH,Ethiopia,10,15,2,8,0.0,26.8,172.67,63.6,21.38,0,1,0,0,1,3,1,0,0,0
1964,ETH,Ethiopia,12,19,3,11,0.0,24.63,170.84,60.53,20.74,0,1,0,0,1,3,1,0,1,3
1968,ETH,Ethiopia,18,26,3,13,0.0,26.65,173.58,60.08,19.95,0,1,1,0,2,5,1,0,1,3
1972,ETH,Ethiopia,31,40,3,20,0.0,26.4,174.3,60.85,20.01,0,0,0,2,2,2,1,0,2,5
1980,ETH,Ethiopia,41,48,3,26,0.0417,25.54,173.0,59.08,19.75,0,2,0,2,4,8,1,0,2,2
1992,ETH,Ethiopia,20,24,2,11,0.25,22.46,168.17,57.83,20.37,0,1,0,2,3,5,1,0,4,8
1996,ETH,Ethiopia,18,19,2,10,0.4737,22.95,166.11,53.32,19.29,0,2,0,1,3,7,1,0,3,5
2000,ETH,Ethiopia,26,27,2,11,0.4444,22.93,167.26,53.3,18.96,0,4,1,3,8,17,1,1,3,7
2004,ETH,Ethiopia,26,27,2,12,0.4444,22.93,166.81,52.22,18.73,0,2,3,2,7,14,1,1,8,17
2008,ETH,Ethiopia,27,29,1,10,0.4828,23.86,166.07,51.9,18.77,0,4,1,2,7,16,1,1,7,14
2012,ETH,Ethiopia,33,34,2,14,0.4706,23.82,171.06,55.29,18.81,0,3,1,3,7,14,1,1,7,16
2016,ETH,Ethiopia,37,38,3,16,0.5526,23.42,169.97,55.79,19.26,0,1,2,5,8,12,1,1,7,14
1992,EUN,Unified Team,475,650,27,234,0.3769,24.37,177.31,73.06,22.98,0,45,38,29,112,240,1,1,0,0
1960,FIJ,Fiji,2,3,1,3,0.0,24.67,188.0,81.33,22.99,0,0,0,0,0,0,0,0,0,0
1968,FIJ,Fiji,1,1,1,1,0.0,36.0,180.0,71.0,21.91,0,0,0,0,0,0,0,0,0,0
1972,FIJ,Fiji,2,4,1,4,0.0,23.5,167.75,64.5,22.91,0,0,0,0,0,0,0,0,0,0
1976,FIJ,Fiji,2,5,1,5,0.4,24.0,174.8,65.0,21.18,0,0,0,0,0,0,0,0,0,0
1984,FIJ,Fiji,14,26,5,22,0.3077,25.23,177.69,74.42,23.54,0,0,0,0,0,0,0,0,0,0
1988,FIJ,Fiji,23,41,5,31,0.3659,23.98,176.46,70.02,22.51,0,0,0,0,0,0,0,0,0,0
1992,FIJ,Fiji,18,36,4,32,0.25,22.78,179.03,76.22,23.72,0,0,0,0,0,0,0,0,0,0
1996,FIJ,Fiji,17,21,5,14,0.1429,23.81,177.48,78.19,24.83,0,0,0,0,0,0,0,0,0,0
2000,FIJ,Fiji,7,9,5,9,0.4444,24.56,176.22,79.67,25.46,0,0,0,0,0,0,0,0,0,0
2004,FIJ,Fiji,8,9,6,9,0.4444,26.89,177.78,79.0,24.83,0,0,0,0,0,0,0,0,0,0
2008,FIJ,Fiji,6,6,5,6,0.3333,30.83,181.0,76.67,23.38,0,0,0,0,0,0,0,0,0,0
2012,FIJ,Fiji,9,9,6,9,0.3333,25.11,175.56,80.0,25.54,0,0,0,0,0,0,0,0,0,0
2016,FIJ,Fiji,53,53,10,14,0.3208,24.89,176.87,79.74,25.25,0,1,0,0,1,3,1,0,0,0
1960,FIN,Finland,117,219,14,92,0.1826,25.44,174.23,68.34,22.39,0,1,1,3,5,8,1,1,0,0
1964,FIN,Finland,89,151,13,64,0.0861,25.93,176.89,71.55,22.77,0,3,0,2,5,11,1,1,5,8
1968,FIN,Finland,66,126,13,61,0.0952,25.09,173.95,70.83,23.3,0,1,2,1,4,8,1,0,5,11
1972,FIN,Finland,96,133,16,75,0.1353,26.95,177.26,74.71,23.6,0,3,1,4,8,15,1,1,4,8
1976,FIN,Finland,83,108,14,63,0.1019,26.54,180.32,77.11,23.6,0,4,2,0,6,16,1,1,8,15
1980,FIN,Finland,105,125,16,71,0.048,25.78,179.38,75.1,23.24,0,3,1,4,8,15,1,1,6,16
1984,FIN,Finland,86,107,15,76,0.1589,26.48,178.3,73.23,22.93,0,4,2,6,12,22,1,1,8,15
1988,FIN,Finland,78,101,15,66,0.2772,27.7,177.37,74.66,23.58,0,1,1,2,4,7,1,0,12,22
1992,FIN,Finland,88,130,16,85,0.3077,25.48,178.11,73.73,23.08,0,1,2,2,5,9,1,1,4,7
1996,FIN,Finland,76,105,15,74,0.4286,26.03,177.7,73.65,23.15,0,1,2,1,4,8,1,0,5,9
2000,FIN,Finland,70,88,16,64,0.4205,26.22,176.65,73.56,23.36,0,2,1,1,4,9,1,0,4,8
2004,FIN,Finland,53,67,12,53,0.3433,27.33,179.42,78.42,24.14,0,0,2,0,2,4,1,0,4,9
2008,FIN,Finland,57,70,14,55,0.4571,27.34,177.66,75.4,23.73,0,1,1,2,4,7,1,0,2,4
2012,FIN,Finland,56,69,14,61,0.5362,27.48,175.04,69.28,22.47,0,0,1,2,3,4,1,0,4,7
2016,FIN,Finland,54,67,17,55,0.4925,26.43,176.09,70.54,22.58,0,0,0,1,1,1,1,0,3,4
1960,FRA,France,238,363,19,120,0.1983,25.82,172.54,68.63,22.93,0,0,2,3,5,7,1,1,0,0
1964,FRA,France,138,214,14,89,0.1869,24.77,174.88,69.81,22.74,0,1,8,6,15,25,1,1,5,7
1968,FRA,France,200,311,16,107,0.2637,24.23,173.65,68.62,22.59,0,7,3,5,15,32,1,1,15,25
1972,FRA,France,227,356,18,132,0.2079,24.35,173.72,68.56,22.53,0,2,4,7,13,21,1,1,15,32
1976,FRA,France,206,302,18,128,0.1755,24.54,174.4,68.57,22.41,0,2,3,4,9,16,1,1,13,21
1980,FRA,France,121,200,13,85,0.16,23.7,175.89,68.88,22.14,0,6,5,3,14,31,1,1,9,16
1984,FRA,France,238,354,21,139,0.2147,24.3,176.55,69.82,22.23,0,5,7,16,28,45,1,1,14,31
1988,FRA,France,266,413,23,167,0.2954,24.5,176.19,68.84,21.99,0,6,4,6,16,32,1,1,28,45
1992,FRA,France,339,486,25,196,0.3395,25.51,176.02,69.47,22.19,0,8,5,16,29,50,1,1,16,32
1996,FRA,France,299,453,25,183,0.3753,25.32,174.51,67.18,21.78,0,15,7,15,37,74,1,1,29,50
2000,FRA,France,336,470,28,196,0.3702,26.01,176.22,69.5,22.14,0,13,14,11,38,78,1,1,37,74
2004,FRA,France,308,461,27,193,0.3796,26.16,176.14,69.19,22.06,0,11,9,13,33,64,1,1,38,78
2008,FRA,France,309,448,25,205,0.4062,26.37,177.0,69.94,22.11,0,7,16,18,41,71,1,1,33,64
2012,FRA,France,324,426,28,188,0.4296,26.63,177.42,70.78,22.27,0,11,11,13,35,68,1,1,41,71
2016,FRA,France,392,512,32,202,0.4238,27.11,177.9,72.39,22.64,0,10,18,14,42,80,1,1,35,68
1968,FRG,West Germany,275,432,17,154,0.2269,24.94,176.69,72.6,23.07,0,5,11,10,26,47,1,1,0,0
1972,FRG,West Germany,424,587,23,183,0.2521,24.6,177.19,71.77,22.63,1,13,11,16,40,77,1,1,26,47
1976,FRG,West Germany,290,452,20,163,0.2633,24.17,177.35,71.37,22.45,0,10,12,17,39,71,1,1,40,77
1984,FRG,West Germany,390,571,25,194,0.345,23.89,178.75,72.15,22.37,0,17,19,23,59,112,1,1,39,71
1988,FRG,West Germany,347,516,24,194,0.314,24.73,179.54,73.22,22.54,0,11,14,15,40,76,1,1,59,112
2000,FSM,Federated States of Micronesia,5,5,3,5,0.4,22.0,162.8,58.0,21.66,0,0,0,0,0,0,0,0,0,0
2004,FSM,Federated States of Micronesia,5,5,3,5,0.4,22.6,164.0,58.4,21.64,0,0,0,0,0,0,0,0,0,0
2008,FSM,Federated States of Micronesia,5,5,3,5,0.4,22.6,163.2,62.4,23.5,0,0,0,0,0,0,0,0,0,0
2012,FSM,Federated States of Micronesia,6,6,4,6,0.3333,27.5,165.5,64.17,23.58,0,0,0,0,0,0,0,0,0,0
2016,FSM,Federated States of Micronesia,5,5,3,5,0.6,23.8,154.6,64.0,26.84,0,0,0,0,0,0,0,0,0,0
1972,GAB,Gabon,1,1,1,1,0.0,33.0,169.0,57.0,19.96,0,0,0,0,0,0,0,0,0,0
1984,GAB,Gabon,4,4,2,4,0.5,21.25,167.5,65.25,23.16,0,0,0,0,0,0,0,0,0,0
1988,GAB,Gabon,2,2,2,2,0.5,21.5,164.0,57.0,21.29,0,0,0,0,0,0,0,0,0,0
1992,GAB,Gabon,5,5,3,5,0.2,23.8,176.0,70.4,22.75,0,0,0,0,0,0,0,0,0,0
1996,GAB,Gabon,7,9,3,6,0.1111,27.11,171.11,65.78,22.61,0,0,0,0,0,0,0,0,0,0
2000,GAB,Gabon,5,6,3,6,0.3333,27.5,174.33,80.33,26.33,0,0,0,0,0,0,0,0,0,0
2004,GAB,Gabon,5,5,3,5,0.4,24.0,169.4,69.6,24.2,0,0,0,0,0,0,0,0,0,0
2008,GAB,Gabon,4,4,3,4,0.5,25.5,168.5,64.5,22.46,0,0,0,0,0,0,0,0,0,0
2012,GAB,Gabon,21,21,5,7,0.0952,21.86,172.76,71.57,23.96,0,0,1,0,1,2,1,0,0,0
2016,GAB,Gabon,6,6,4,6,0.3333,26.5,174.17,75.33,24.58,0,0,0,0,0,0,0,0,1,2
1984,GAM,Gambia,10,16,1,9,0.375,25.0,170.94,65.31,22.3,0,0,0,0,0,0,0,0,0,0
1988,GAM,Gambia,6,6,2,6,0.1667,24.0,171.17,69.83,23.8,0,0,0,0,0,0,0,0,0,0
1992,GAM,Gambia,5,8,1,5,0.0,23.62,174.38,65.38,21.44,0,0,0,0,0,0,0,0,0,0
1996,GAM,Gambia,9,12,1,6,0.0833,22.83,173.92,65.67,21.65,0,0,0,0,0,0,0,0,0,0
2000,GAM,Gambia,2,2,1,2,0.5,22.0,165.0,55.5,20.35,0,0,0,0,0,0,0,0,0,0
2004,GAM,Gambia,2,3,1,3,0.3333,22.0,181.67,65.33,19.61,0,0,0,0,0,0,0,0,0,0
2008,GAM,Gambia,3,3,2,3,0.3333,21.33,169.33,71.0,24.78,0,0,0,0,0,0,0,0,0,0
2012,GAM,Gambia,2,2,1,2,0.5,22.0,156.0,68.0,27.66,0,0,0,0,0,0,0,0,0,0
2016,GAM,Gambia,4,4,3,4,0.25,21.25,178.0,71.75,22.57,0,0,0,0,0,0,0,0,0,0
1960,GBR,Great Britain,253,389,17,130,0.2494,25.57,173.8,68.7,22.62,0,2,6,12,20,30,1,1,0,0
1964,GBR,Great Britain,204,301,17,124,0.2425,25.04,175.06,69.95,22.76,0,4,12,2,18,38,1,1,20,30
1968,GBR,Great Britain,225,328,16,133,0.2835,24.76,175.84,69.85,22.47,0,5,5,3,13,28,1,1,18,38
1972,GBR,Great Britain,284,433,18,159,0.3326,24.3,174.03,68.58,22.45,0,4,5,9,18,31,1,1,13,28
1976,GBR,Great Britain,242,353,17,148,0.3144,24.3,175.58,69.41,22.33,0,3,5,5,13,24,1,1,18,31
1980,GBR,Great Britain,219,328,14,145,0.3354,22.77,175.53,69.4,22.33,0,5,7,9,21,38,1,1,13,24
1984,GBR,Great Britain,337,509,20,190,0.3497,24.46,174.46,69.35,22.59,0,5,11,21,37,58,1,1,21,38
1988,GBR,Great Britain,345,472,22,191,0.3814,25.78,176.65,70.97,22.56,0,5,10,9,24,44,1,1,37,58
1992,GBR,Great Britain,371,512,23,203,0.3633,25.87,176.5,70.87,22.58,0,5,3,12,20,33,1,1,24,44
1996,GBR,Great Britain,300,391,22,175,0.4066,26.74,177.3,72.38,22.84,0,1,8,6,15,25,1,1,20,33
2000,GBR,Great Britain,310,415,23,179,0.441,26.41,176.53,71.67,22.78,0,11,10,7,28,60,1,1,15,25
2004,GBR,Great Britain,264,360,24,162,0.4556,26.3,176.61,71.79,22.83,0,9,9,12,30,57,1,1,28,60
2008,GBR,Great Britain,304,420,23,185,0.4976,25.32,176.79,71.44,22.71,0,19,13,16,48,99,1,1,30,57
2012,GBR,Great Britain,530,684,32,249,0.4883,25.94,177.84,72.46,22.7,1,29,17,19,65,140,1,1,48,99
2016,GBR,Great Britain,360,478,26,198,0.4435,26.68,176.58,71.13,22.65,0,27,23,17,67,144,1,1,65,140
1996,GBS,Guinea Bissau,3,3,2,3,0.0,26.33,175.0,61.33,20.05,0,0,0,0,0,0,0,0,0,0
2000,GBS,Guinea Bissau,3,3,2,3,0.3333,26.33,170.33,62.0,21.31,0,0,0,0,0,0,0,0,0,0
2004,GBS,Guinea Bissau,3,3,2,3,0.6667,25.0,165.0,60.33,21.92,0,0,0,0,0,0,0,0,0,0
2008,GBS,Guinea Bissau,3,3,2,3,0.3333,23.67,168.33,69.67,24.43,0,0,0,0,0,0,0,0,0,0
2012,GBS,Guinea Bissau,4,4,2,4,0.5,25.75,168.5,68.25,23.95,0,0,0,0,0,0,0,0,0,0
2016,GBS,Guinea Bissau,5,5,3,5,0.4,27.0,172.0,76.0,25.55,0,0,0,0,0,0,0,0,0,0
1968,GDR,East Germany,226,346,18,124,0.2399,24.75,174.78,69.45,22.48,0,9,9,7,25,52,1,1,0,0
1972,GDR,East Germany,297,454,18,161,0.2819,23.31,175.22,69.82,22.52,0,20,23,23,66,129,1,1,25,52
1976,GDR,East Germany,267,407,17,139,0.4496,21.93,174.14,69.52,22.66,0,40,25,25,90,195,1,1,66,129
1980,GDR,East Germany,346,495,17,167,0.3818,22.71,176.73,71.39,22.6,0,47,37,42,126,257,1,1,90,195
1988,GDR,East Germany,259,402,16,157,0.4204,23.14,177.28,71.76,22.56,0,37,35,30,102,211,1,1,126,257
1996,GEO,Georgia,34,42,13,39,0.2143,25.38,174.74,75.33,24.42,0,0,0,2,2,2,1,0,0,0
2000,GEO,Georgia,36,47,12,41,0.2979,25.4,173.6,74.47,24.45,0,0,0,6,6,6,1,1,2,2
2004,GEO,Georgia,32,39,10,38,0.1795,25.44,174.03,76.94,25.13,0,2,2,0,4,10,1,0,6,6
2008,GEO,Georgia,35,38,11,35,0.2368,26.21,175.87,76.51,24.53,0,3,0,3,6,12,1,1,4,10
2012,GEO,Georgia,34,36,10,35,0.2222,25.64,177.14,78.14,24.66,0,1,3,3,7,12,1,1,6,12
2016,GEO,Georgia,40,45,12,40,0.3111,26.8,176.69,82.4,26.02,0,2,1,4,7,12,1,1,7,12
1984,GEQ,Equatorial Guinea,4,5,1,5,0.0,19.2,174.2,71.6,23.58,0,0,0,0,0,0,0,0,0,0
1988,GEQ,Equatorial Guinea,6,7,1,7,0.2857,22.29,173.0,67.71,22.5,0,0,0,0,0,0,0,0,0,0
1992,GEQ,Equatorial Guinea,7,8,1,8,0.375,21.38,175.38,66.88,21.68,0,0,0,0,0,0,0,0,0,0
1996,GEQ,Equatorial Guinea,5,8,1,5,0.125,25.25,176.25,69.75,22.36,0,0,0,0,0,0,0,0,0,0
2000,GEQ,Equatorial Guinea,4,4,2,4,0.5,21.5,169.5,62.0,21.42,0,0,0,0,0,0,0,0,0,0
2004,GEQ,Equatorial Guinea,2,2,1,2,0.5,20.5,171.5,65.5,22.46,0,0,0,0,0,0,0,0,0,0
2008,GEQ,Equatorial Guinea,3,3,2,3,0.3333,28.67,167.67,73.33,26.03,0,0,0,0,0,0,0,0,0,0
2012,GEQ,Equatorial Guinea,2,2,1,2,0.5,26.0,173.0,65.5,21.88,0,0,0,0,0,0,0,0,0,0
2016,GEQ,Equatorial Guinea,1,1,1,1,0.0,27.0,170.0,63.0,21.8,0,0,0,0,0,0,0,0,0,0
1960,GER,Germany,294,425,17,148,0.24,24.45,174.54,70.16,22.88,0,12,19,11,42,85,1,1,0,0
1964,GER,Germany,337,478,19,159,0.2343,24.91,174.81,71.22,23.14,0,10,22,18,50,92,1,1,42,85
1992,GER,Germany,463,653,26,237,0.3783,24.62,178.77,72.31,22.35,0,33,21,28,82,169,1,1,50,92
1996,GER,Germany,466,626,26,234,0.3914,26.38,179.66,74.08,22.73,0,20,18,27,65,123,1,1,82,169
2000,GER,Germany,422,567,29,234,0.4198,26.87,179.45,73.57,22.66,0,13,17,26,56,99,1,1,65,123
2004,GER,Germany,441,592,29,228,0.4105,26.91,179.79,74.66,22.88,0,13,16,20,49,91,1,1,56,99
2008,GER,Germany,420,558,30,207,0.4391,26.8,178.55,73.5,22.79,0,16,10,15,41,83,1,1,49,91
2012,GER,Germany,383,510,27,213,0.4529,26.6,178.32,73.04,22.72,0,11,19,14,44,85,1,1,41,83
2016,GER,Germany,418,536,29,217,0.459,26.54,178.16,73.0,22.77,0,17,10,15,42,86,1,1,44,85
1960,GHA,Ghana,13,15,2,12,0.0,22.07,175.47,66.0,21.36,0,0,1,0,1,2,1,0,0,0
1964,GHA,Ghana,33,40,3,18,0.1,24.72,173.98,65.92,21.77,0,0,0,1,1,1,1,0,1,2
1968,GHA,Ghana,31,36,3,18,0.0556,25.97,173.72,67.53,22.43,0,0,0,0,0,0,0,0,1,1
1972,GHA,Ghana,35,41,3,17,0.0976,26.07,175.39,68.9,22.39,0,0,0,1,1,1,1,0,0,0
1984,GHA,Ghana,21,27,2,17,0.4074,23.0,168.93,60.59,21.09,0,0,0,0,0,0,0,0,1,1
1988,GHA,Ghana,16,21,3,13,0.381,20.81,171.05,66.81,22.84,0,0,0,0,0,0,0,0,0,0
1992,GHA,Ghana,34,41,4,13,0.0976,21.51,176.12,69.61,22.4,0,0,0,1,1,1,1,0,0,0
1996,GHA,Ghana,35,40,4,15,0.05,22.02,176.5,72.78,23.36,0,0,0,0,0,0,0,0,1,1
2000,GHA,Ghana,22,28,2,13,0.3214,23.25,171.46,67.54,23.04,0,0,0,0,0,0,0,0,0,0
2004,GHA,Ghana,26,29,2,9,0.1034,23.48,176.76,74.21,23.74,0,0,0,0,0,0,0,0,0,0
2008,GHA,Ghana,9,9,2,9,0.1111,23.44,173.44,64.44,21.35,0,0,0,0,0,0,0,0,0,0
2012,GHA,Ghana,7,7,4,7,0.2857,22.71,169.86,64.71,22.52,0,0,0,0,0,0,0,0,0,0
2016,GHA,Ghana,13,15,5,12,0.5333,22.87,172.67,65.67,21.85,0,0,0,0,0,0,0,0,0,0
1960,GRE,Greece,48,59,8,38,0.0,25.34,176.47,72.1,23.09,0,1,0,0,1,3,1,0,0,0
1964,GRE,Greece,18,19,4,16,0.0,27.74,174.26,75.21,24.57,0,0,0,0,0,0,0,0,1,3
1968,GRE,Greece,44,44,7,27,0.0,26.02,175.41,75.86,24.57,0,0,0,1,1,1,1,0,0,0
1972,GRE,Greece,60,66,9,46,0.0909,24.38,175.52,74.73,24.12,0,0,2,0,2,4,1,0,1,1
1976,GRE,Greece,36,40,8,34,0.05,25.98,175.68,73.0,23.58,0,0,0,0,0,0,0,0,2,4
1980,GRE,Greece,41,45,8,31,0.1111,23.67,177.31,77.73,24.64,0,1,0,2,3,5,1,0,0,0
1984,GRE,Greece,63,73,11,49,0.0822,24.21,179.23,81.82,25.38,0,0,1,1,2,3,1,0,3,5
1988,GRE,Greece,56,72,12,43,0.2639,23.54,177.15,75.44,23.69,0,0,0,1,1,1,1,0,2,3
1992,GRE,Greece,70,76,17,53,0.2105,24.95,177.76,77.39,24.32,0,2,0,0,2,6,1,0,1,1
1996,GRE,Greece,121,180,18,94,0.4389,22.31,172.56,68.69,22.46,0,4,4,0,8,20,1,1,2,6
2000,GRE,Greece,140,175,23,114,0.4171,24.43,175.54,69.79,22.39,0,4,6,3,13,27,1,1,8,20
2004,GRE,Greece,426,499,33,215,0.493,25.56,176.56,71.54,22.73,1,6,6,4,16,34,1,1,13,27
2008,GRE,Greece,152,176,23,105,0.4489,26.01,178.8,73.77,22.82,0,0,2,2,4,6,1,0,16,34
2012,GRE,Greece,102,115,20,76,0.3913,26.49,178.85,73.43,22.68,0,0,0,2,2,2,1,0,4,6
2016,GRE,Greece,92,104,16,65,0.3558,25.78,180.63,74.25,22.5,0,3,1,2,6,13,1,1,2,2
1984,GRN,Grenada,6,6,2,6,0.1667,22.0,174.83,65.83,21.5,0,0,0,0,0,0,0,0,0,0
1988,GRN,Grenada,6,7,2,7,0.4286,24.0,167.86,61.86,21.81,0,0,0,0,0,0,0,0,0,0
1992,GRN,Grenada,4,5,1,5,0.2,21.0,177.8,68.4,21.59,0,0,0,0,0,0,0,0,0,0
1996,GRN,Grenada,5,5,1,2,0.0,20.0,181.2,72.6,22.13,0,0,0,0,0,0,0,0,0,0
2000,GRN,Grenada,3,3,2,3,0.3333,19.33,172.33,71.67,24.2,0,0,0,0,0,0,0,0,0,0
2004,GRN,Grenada,5,5,2,5,0.4,22.8,178.2,72.4,22.87,0,0,0,0,0,0,0,0,0,0
2008,GRN,Grenada,9,9,2,8,0.5556,24.78,175.56,64.67,20.92,0,0,0,0,0,0,0,0,0,0
2012,GRN,Grenada,8,8,3,8,0.375,25.12,178.38,67.5,21.14,0,1,0,0,1,3,1,0,0,0
2016,GRN,Grenada,6,6,2,4,0.1667,22.5,176.17,70.0,22.53,0,0,1,0,1,2,1,0,1,3
1968,GUA,Guatemala,48,67,8,37,0.0597,25.45,170.36,64.45,22.18,0,0,0,0,0,0,0,0,0,0
1972,GUA,Guatemala,8,11,3,10,0.0,26.91,168.73,58.0,20.33,0,0,0,0,0,0,0,0,0,0
1976,GUA,Guatemala,28,28,5,8,0.0714,24.96,173.43,66.82,22.11,0,0,0,0,0,0,0,0,0,0
1980,GUA,Guatemala,10,10,5,7,0.0,28.3,175.3,70.1,22.7,0,0,0,0,0,0,0,0,0,0
1984,GUA,Guatemala,24,53,9,40,0.2642,19.74,172.77,64.34,21.41,0,0,0,0,0,0,0,0,0,0
1988,GUA,Guatemala,28,37,8,16,0.2162,24.49,168.84,61.16,21.32,0,0,0,0,0,0,0,0,0,0
1992,GUA,Guatemala,14,41,7,27,0.1707,18.51,178.61,71.44,22.22,0,0,0,0,0,0,0,0,0,0
1996,GUA,Guatemala,26,28,11,20,0.0357,24.79,174.0,67.91,22.34,0,0,0,0,0,0,0,0,0,0
2000,GUA,Guatemala,15,18,7,14,0.0556,25.61,171.83,66.03,22.29,0,0,0,0,0,0,0,0,0,0
2004,GUA,Guatemala,18,19,8,17,0.4211,26.68,171.53,65.63,22.19,0,0,0,0,0,0,0,0,0,0
2008,GUA,Guatemala,12,13,9,12,0.3077,27.54,174.38,67.58,22.11,0,0,0,0,0,0,0,0,0,0
2012,GUA,Guatemala,19,24,11,21,0.4167,23.92,171.25,67.23,22.61,0,0,1,0,1,2,1,0,0,0
2016,GUA,Guatemala,21,25,10,19,0.4,24.88,169.0,60.04,20.8,0,0,0,0,0,0,0,0,1,2
1968,GUI,Guinea,15,15,1,1,0.0,22.07,171.8,65.47,22.21,0,0,0,0,0,0,0,0,0,0
1980,GUI,Guinea,9,10,3,10,0.0,25.6,171.2,64.4,21.96,0,0,0,0,0,0,0,0,0,0
1984,GUI,Guinea,1,1,1,1,0.0,33.0,167.0,71.0,25.46,0,0,0,0,0,0,0,0,0,0
1988,GUI,Guinea,6,7,3,7,0.0,22.71,172.29,70.86,23.79,0,0,0,0,0,0,0,0,0,0
1992,GUI,Guinea,8,11,2,11,0.1818,25.0,175.09,66.18,21.5,0,0,0,0,0,0,0,0,0,0
1996,GUI,Guinea,5,5,2,5,0.2,21.0,177.2,71.2,22.58,0,0,0,0,0,0,0,0,0,0
2000,GUI,Guinea,6,6,4,6,0.5,23.5,175.5,73.83,24.04,0,0,0,0,0,0,0,0,0,0
2004,GUI,Guinea,3,4,3,4,0.25,23.0,178.25,73.5,22.94,0,0,0,0,0,0,0,0,0,0
2008,GUI,Guinea,5,5,3,5,0.6,23.2,177.8,69.4,21.96,0,0,0,0,0,0,0,0,0,0
2012,GUI,Guinea,4,4,3,4,0.5,22.5,169.5,79.75,27.31,0,0,0,0,0,0,0,0,0,0
2016,GUI,Guinea,5,5,3,5,0.6,19.8,168.0,69.2,24.69,0,0,0,0,0,0,0,0,0,0
1988,GUM,Guam,19,26,7,22,0.2308,24.0,175.27,71.35,23.12,0,0,0,0,0,0,0,0,0,0
1992,GUM,Guam,22,45,8,27,0.2,23.6,178.47,70.82,22.23,0,0,0,0,0,0,0,0,0,0
1996,GUM,Guam,8,9,4,9,0.2222,24.67,180.33,75.89,23.08,0,0,0,0,0,0,0,0,0,0
2000,GUM,Guam,7,7,5,7,0.2857,27.71,174.29,70.29,23.11,0,0,0,0,0,0,0,0,0,0
2004,GUM,Guam,4,4,3,4,0.25,25.25,179.75,74.0,22.75,0,0,0,0,0,0,0,0,0,0
2008,GUM,Guam,6,7,5,7,0.2857,21.43,174.29,89.86,28.9,0,0,0,0,0,0,0,0,0,0
2012,GUM,Guam,8,8,5,8,0.375,23.62,176.88,86.62,27.2,0,0,0,0,0,0,0,0,0,0
2016,GUM,Guam,5,5,3,5,0.4,24.0,174.8,67.4,21.92,0,0,0,0,0,0,0,0,0,0
1960,GUY,Guyana,5,6,2,6,0.1667,22.33,174.83,67.83,22.15,0,0,0,0,0,0,0,0,0,0
1964,GUY,Guyana,1,1,1,1,0.0,27.0,170.0,56.0,19.38,0,0,0,0,0,0,0,0,0,0
1968,GUY,Guyana,5,6,4,6,0.0,22.83,174.17,67.5,22.24,0,0,0,0,0,0,0,0,0,0
1972,GUY,Guyana,3,4,2,4,0.0,22.75,169.0,66.0,23.19,0,0,0,0,0,0,0,0,0,0
1980,GUY,Guyana,8,10,3,10,0.2,24.1,178.5,63.8,19.98,0,0,0,1,1,1,1,0,0,0
1984,GUY,Guyana,10,12,3,12,0.1667,24.42,173.17,64.75,21.61,0,0,0,0,0,0,0,0,1,1
1988,GUY,Guyana,8,8,3,8,0.125,25.0,171.25,64.25,21.87,0,0,0,0,0,0,0,0,0,0
1992,GUY,Guyana,6,7,3,7,0.1429,24.86,172.14,65.0,21.99,0,0,0,0,0,0,0,0,0,0
1996,GUY,Guyana,7,9,2,6,0.1111,22.78,189.56,65.89,18.58,0,0,0,0,0,0,0,0,0,0
2000,GUY,Guyana,4,4,1,4,0.25,23.75,179.5,73.0,22.5,0,0,0,0,0,0,0,0,0,0
2004,GUY,Guyana,4,4,3,4,0.5,24.75,172.75,69.5,23.01,0,0,0,0,0,0,0,0,0,0
2008,GUY,Guyana,4,4,2,4,0.5,25.0,171.75,63.25,21.29,0,0,0,0,0,0,0,0,0,0
2012,GUY,Guyana,6,6,3,6,0.3333,23.33,173.33,66.0,21.99,0,0,0,0,0,0,0,0,0,0
2016,GUY,Guyana,6,7,2,7,0.5714,21.71,163.43,63.29,23.77,0,0,0,0,0,0,0,0,0,0
1960,HAI,Haiti,1,1,1,1,0.0,27.0,170.0,89.0,30.8,0,0,0,0,0,0,0,0,0,0
1972,HAI,Haiti,7,7,1,7,0.1429,21.57,172.43,67.57,22.76,0,0,0,0,0,0,0,0,0,0
1976,HAI,Haiti,13,14,2,14,0.2143,24.71,170.14,65.36,22.58,0,0,0,0,0,0,0,0,0,0
1984,HAI,Haiti,3,3,2,2,0.6667,26.0,171.0,61.67,21.08,0,0,0,0,0,0,0,0,0,0
1988,HAI,Haiti,4,5,2,5,0.2,26.8,179.0,84.8,26.41,0,0,0,0,0,0,0,0,0,0
1992,HAI,Haiti,7,8,2,8,0.0,27.75,178.12,79.38,24.99,0,0,0,0,0,0,0,0,0,0
1996,HAI,Haiti,7,7,4,7,0.0,24.14,181.43,78.86,23.95,0,0,0,0,0,0,0,0,0,0
2000,HAI,Haiti,5,5,3,5,0.4,23.8,169.8,67.2,23.36,0,0,0,0,0,0,0,0,0,0
2004,HAI,Haiti,8,8,4,8,0.125,25.88,178.75,80.56,25.06,0,0,0,0,0,0,0,0,0,0
2008,HAI,Haiti,7,7,3,7,0.5714,27.0,173.29,74.79,24.5,0,0,0,0,0,0,0,0,0,0
2012,HAI,Haiti,5,5,2,5,0.4,24.8,175.8,69.2,22.16,0,0,0,0,0,0,0,0,0,0
2016,HAI,Haiti,10,10,7,10,0.3,25.2,173.9,65.9,21.71,0,0,0,0,0,0,0,0,0,0
1960,HKG,Hong Kong,4,4,2,3,0.0,37.25,178.25,71.0,22.32,0,0,0,0,0,0,0,0,0,0
1964,HKG,Hong Kong,39,50,7,24,0.02,27.92,172.68,66.28,22.33,0,0,0,0,0,0,0,0,0,0
1968,HKG,Hong Kong,11,25,3,12,0.0,25.48,173.92,73.28,24.2,0,0,0,0,0,0,0,0,0,0
1972,HKG,Hong Kong,10,18,5,13,0.0,25.28,176.78,68.72,22.11,0,0,0,0,0,0,0,0,0,0
1976,HKG,Hong Kong,25,50,6,27,0.08,26.3,173.54,62.28,20.6,0,0,0,0,0,0,0,0,0,0
1984,HKG,Hong Kong,47,87,10,47,0.3103,23.74,171.83,62.68,21.16,0,0,0,0,0,0,0,0,0,0
1988,HKG,Hong Kong,48,91,11,49,0.2637,23.47,173.42,64.44,21.33,0,0,0,0,0,0,0,0,0,0
1992,HKG,Hong Kong,38,66,11,39,0.2273,22.48,178.09,70.64,22.18,0,0,0,0,0,0,0,0,0,0
1996,HKG,Hong Kong,23,32,10,25,0.3438,27.25,173.91,67.83,22.35,0,1,0,0,1,3,1,0,0,0
2000,HKG,Hong Kong,31,46,9,34,0.413,21.89,171.33,64.07,21.7,0,0,0,0,0,0,0,0,1,3
2004,HKG,Hong Kong,32,42,10,29,0.5476,23.31,168.98,62.17,21.7,0,0,1,0,1,2,1,0,0,0
2008,HKG,Hong Kong,34,47,11,33,0.5319,25.7,170.11,62.0,21.39,0,0,0,0,0,0,0,0,1,2
2012,HKG,Hong Kong,41,55,13,44,0.5273,24.71,168.69,62.89,22.03,0,0,0,1,1,1,1,0,0,0
2016,HKG,Hong Kong,37,47,9,32,0.6383,25.15,170.85,63.96,21.88,0,0,0,0,0,0,0,0,1,1
1968,HON,Honduras,6,6,1,4,0.0,20.17,170.33,63.83,21.96,0,0,0,0,0,0,0,0,0,0
1976,HON,Honduras,3,3,1,2,0.0,22.0,167.33,57.67,20.62,0,0,0,0,0,0,0,0,0,0
1984,HON,Honduras,10,26,3,20,0.1923,21.77,180.62,73.23,22.36,0,0,0,0,0,0,0,0,0,0
1988,HON,Honduras,8,18,3,15,0.2778,19.06,171.0,60.17,20.49,0,0,0,0,0,0,0,0,0,0
1992,HON,Honduras,10,27,4,25,0.4815,21.44,174.3,63.96,20.94,0,0,0,0,0,0,0,0,0,0
1996,HON,Honduras,7,7,4,7,0.4286,24.29,169.71,62.29,21.45,0,0,0,0,0,0,0,0,0,0
2000,HON,Honduras,20,20,3,4,0.1,22.4,176.55,71.0,22.73,0,0,0,0,0,0,0,0,0,0
2004,HON,Honduras,5,5,4,5,0.4,22.8,171.8,69.0,23.03,0,0,0,0,0,0,0,0,0,0
2008,HON,Honduras,25,26,5,8,0.0769,22.81,176.85,75.31,24.02,0,0,0,0,0,0,0,0,0,0
2012,HON,Honduras,25,25,8,10,0.12,22.32,169.64,70.72,24.61,0,0,0,0,0,0,0,0,0,0
2016,HON,Honduras,23,23,7,8,0.0435,23.48,178.87,78.22,24.4,0,0,0,0,0,0,0,0,0,0
1960,HUN,Hungary,184,312,18,107,0.2276,24.85,173.22,69.35,22.96,0,6,8,7,21,41,1,1,0,0
1964,HUN,Hungary,182,319,17,111,0.2508,24.54,173.78,70.43,23.17,0,10,7,5,22,49,1,1,21,41
1968,HUN,Hungary,167,303,15,116,0.2739,24.36,173.89,69.35,22.74,0,10,10,12,32,62,1,1,22,49
1972,HUN,Hungary,232,367,20,134,0.2643,24.38,174.93,70.67,22.89,0,6,13,16,35,60,1,1,32,62
1976,HUN,Hungary,178,288,17,109,0.3194,23.74,172.92,67.58,22.31,0,4,5,13,22,35,1,1,35,60
1980,HUN,Hungary,263,392,21,151,0.3112,24.05,174.33,69.01,22.43,0,7,10,15,32,56,1,1,22,35
1988,HUN,Hungary,188,315,20,135,0.254,23.71,176.4,71.96,22.84,0,11,6,6,23,51,1,1,32,56
1992,HUN,Hungary,217,351,23,156,0.3162,24.09,175.56,71.91,23.04,0,11,12,7,30,64,1,1,23,51
1996,HUN,Hungary,213,315,24,145,0.3841,24.37,175.27,70.85,22.75,0,7,4,10,21,39,1,1,30,64
2000,HUN,Hungary,178,238,23,137,0.395,25.58,179.0,75.65,23.34,0,8,6,3,17,39,1,1,21,39
2004,HUN,Hungary,209,258,20,138,0.438,25.98,179.72,76.71,23.52,0,8,6,3,17,39,1,1,17,39
2008,HUN,Hungary,171,216,20,126,0.4769,25.68,178.91,75.06,23.21,0,3,5,2,10,21,1,1,17,39
2012,HUN,Hungary,152,201,21,111,0.4378,25.68,180.86,76.99,23.28,0,8,4,6,18,38,1,1,10,21
2016,HUN,Hungary,154,204,20,113,0.4412,26.77,179.43,75.23,23.1,0,8,3,4,15,34,1,1,18,38
1960,INA,Indonesia,22,27,8,17,0.0741,26.07,170.44,65.93,22.65,0,0,0,0,0,0,0,0,0,0
1968,INA,Indonesia,6,6,2,5,0.0,33.5,167.5,69.17,24.56,0,0,0,0,0,0,0,0,0,0
1972,INA,Indonesia,6,7,5,7,0.5714,24.71,163.14,55.86,20.87,0,0,0,0,0,0,0,0,0,0
1976,INA,Indonesia,7,11,5,11,0.2727,23.55,171.73,66.27,22.31,0,0,0,0,0,0,0,0,0,0
1984,INA,Indonesia,16,23,6,16,0.1739,23.83,164.91,57.48,21.13,0,0,0,0,0,0,0,0,0,0
1988,INA,Indonesia,29,43,11,32,0.2326,21.88,167.7,60.51,21.45,0,0,1,0,1,2,1,0,0,0
1992,INA,Indonesia,42,51,10,31,0.4118,23.53,169.39,64.47,22.4,0,2,2,1,5,11,1,1,1,2
1996,INA,Indonesia,40,45,11,23,0.4667,24.49,170.71,64.27,21.91,0,1,1,2,4,7,1,0,5,11
2000,INA,Indonesia,47,54,12,32,0.3889,24.44,168.06,61.0,21.51,0,1,3,2,6,11,1,1,4,7
2004,INA,Indonesia,38,39,14,27,0.4359,24.38,166.77,61.03,21.89,0,1,1,2,4,7,1,0,6,11
2008,INA,Indonesia,24,26,7,17,0.4231,25.0,168.0,63.69,22.57,0,1,1,3,5,8,1,1,4,7
2012,INA,Indonesia,22,22,8,16,0.4091,23.5,166.09,63.73,22.99,0,0,1,1,2,3,1,0,5,8
2016,INA,Indonesia,28,31,7,20,0.3548,24.55,168.55,66.71,23.4,0,1,2,0,3,7,1,0,2,3
1960,IND,India,45,49,6,20,0.0,26.73,173.82,65.86,21.78,0,0,1,0,1,2,1,0,0,0
1964,IND,India,53,111,8,42,0.009,25.7,169.77,65.43,22.68,0,1,0,0,1,3,1,0,1,2
1968,IND,India,25,27,5,11,0.0,26.26,172.33,70.26,23.48,0,0,0,1,1,1,1,0,1,3
1972,IND,India,41,43,7,27,0.0233,26.02,174.23,70.67,23.09,0,0,0,1,1,1,1,0,1,1
1976,IND,India,26,26,5,10,0.0,26.38,171.15,65.12,22.23,0,0,0,0,0,0,0,0,1,1
1980,IND,India,72,78,8,30,0.2179,25.53,170.82,65.76,22.54,0,1,0,0,1,3,1,0,0,0
1984,IND,India,48,53,7,30,0.1887,24.91,169.55,64.96,22.45,0,0,0,0,0,0,0,0,1,3
1988,IND,India,46,55,11,27,0.1818,24.07,169.24,62.64,21.8,0,0,0,0,0,0,0,0,0,0
1992,IND,India,52,61,12,36,0.1148,24.43,173.67,68.08,22.47,0,0,0,0,0,0,0,0,0,0
1996,IND,India,49,54,13,31,0.1667,24.63,172.98,69.17,22.95,0,0,0,1,1,1,1,0,0,0
2000,IND,India,65,70,13,38,0.3286,25.4,173.57,68.27,22.53,0,0,0,1,1,1,1,0,1,1
2004,IND,India,73,81,14,43,0.3704,24.73,169.91,68.4,23.5,0,0,1,0,1,2,1,0,1,1
2008,IND,India,53,67,12,48,0.4328,25.4,173.12,72.64,24.06,0,1,0,2,3,5,1,0,1,2
2012,IND,India,81,95,13,55,0.3053,25.96,174.21,72.3,23.65,0,0,2,4,6,8,1,1,3,5
2016,IND,India,112,130,15,67,0.4769,26.1,170.16,66.22,22.63,0,0,1,1,2,3,1,0,6,8
1992,IOA,Individual Olympic Athletes,58,76,13,54,0.3421,23.84,177.12,71.22,22.57,0,0,1,2,3,4,1,0,0,0
2000,IOA,Individual Olympic Athletes,4,4,3,4,0.25,26.5,156.75,52.75,21.48,0,0,0,0,0,0,0,0,3,4
2012,IOA,Individual Olympic Athletes,4,4,3,4,0.25,24.75,178.5,70.0,21.98,0,0,0,0,0,0,0,0,0,0
2016,IOA,Individual Olympic Athletes,9,9,3,6,0.1111,34.22,176.89,82.33,26.55,0,1,0,1,2,4,1,0,0,0
1960,IRI,Iran,23,24,5,24,0.0,26.92,171.21,67.54,22.8,0,0,1,3,4,5,1,0,0,0
1964,IRI,Iran,62,96,11,58,0.1042,26.64,169.44,64.94,22.46,0,0,0,2,2,2,1,0,4,5
1968,IRI,Iran,14,14,3,14,0.0,26.0,175.0,75.43,24.24,0,2,1,2,5,10,1,1,2,2
1972,IRI,Iran,48,56,7,33,0.0,25.09,172.91,67.57,22.46,0,0,2,1,3,5,1,0,5,10
1976,IRI,Iran,84,104,9,50,0.0673,25.59,173.07,70.48,23.39,0,0,1,1,2,3,1,0,3,5
1988,IRI,Iran,23,26,3,21,0.0,22.81,171.42,66.35,22.46,0,0,1,0,1,2,1,0,2,3
1992,IRI,Iran,36,44,6,36,0.0,25.45,174.52,73.05,23.96,0,0,1,2,3,4,1,0,1,2
1996,IRI,Iran,18,18,6,18,0.0556,24.28,176.72,76.5,24.21,0,1,1,1,3,6,1,0,3,4
2000,IRI,Iran,33,34,12,33,0.0294,24.38,176.97,77.24,24.45,0,3,0,1,4,10,1,0,3,6
2004,IRI,Iran,37,37,10,35,0.027,24.65,176.51,81.3,25.76,0,2,2,2,6,12,1,1,4,10
2008,IRI,Iran,54,55,12,40,0.0545,25.07,182.04,84.47,25.24,0,1,0,1,2,4,1,0,6,12
2012,IRI,Iran,52,57,13,51,0.193,25.42,177.3,81.6,25.7,0,4,5,3,12,25,1,1,2,4
2016,IRI,Iran,63,67,15,46,0.1642,26.76,181.24,81.55,24.75,0,3,1,4,8,15,1,1,12,25
1960,IRL,Ireland,49,63,8,39,0.0476,28.22,173.92,68.27,22.49,0,0,0,0,0,0,0,0,0,0
1964,IRL,Ireland,25,35,7,23,0.0571,28.46,176.31,69.43,22.21,0,0,0,1,1,1,1,0,0,0
1968,IRL,Ireland,31,57,7,32,0.193,25.23,174.89,68.14,22.24,0,0,0,0,0,0,0,0,1,1
1972,IRL,Ireland,59,84,12,54,0.2381,26.5,174.69,69.65,22.65,0,0,0,0,0,0,0,0,0,0
1976,IRL,Ireland,44,59,10,34,0.0847,24.53,176.03,71.81,23.04,0,0,0,0,0,0,0,0,0,0
1980,IRL,Ireland,47,57,11,38,0.0877,24.81,177.93,73.6,23.03,0,0,1,1,2,3,1,0,0,0
1984,IRL,Ireland,42,55,10,35,0.3636,24.38,173.11,65.25,21.65,0,0,1,0,1,2,1,0,2,3
1988,IRL,Ireland,61,78,12,47,0.1667,25.74,176.94,70.27,22.37,0,0,0,0,0,0,0,0,1,2
1992,IRL,Ireland,58,77,12,47,0.1948,27.27,177.55,71.25,22.42,0,1,1,0,2,5,1,0,0,0
1996,IRL,Ireland,78,99,13,70,0.2222,27.44,177.85,72.49,22.84,0,3,0,1,4,10,1,0,2,5
2000,IRL,Ireland,64,76,10,52,0.4079,26.89,178.63,72.25,22.42,0,0,1,0,1,2,1,0,4,10
2004,IRL,Ireland,46,55,9,31,0.3273,29.0,178.53,68.71,21.45,0,0,0,0,0,0,0,0,1,2
2008,IRL,Ireland,55,63,12,43,0.3016,27.25,178.38,70.76,22.08,0,0,1,2,3,4,1,0,0,0
2012,IRL,Ireland,64,76,14,54,0.4474,28.53,175.13,66.57,21.58,0,1,1,3,5,8,1,1,3,4
2016,IRL,Ireland,76,93,14,57,0.3333,28.37,175.15,68.53,22.21,0,0,2,0,2,4,1,0,5,8
1960,IRQ,Iraq,21,28,5,23,0.0,24.07,173.0,69.84,23.25,0,0,0,1,1,1,1,0,0,0
1964,IRQ,Iraq,13,19,3,14,0.0,25.32,175.53,77.24,24.94,0,0,0,0,0,0,0,0,1,1
1968,IRQ,Iraq,3,4,3,4,0.0,26.0,166.25,61.0,22.21,0,0,0,0,0,0,0,0,0,0
1980,IRQ,Iraq,43,44,5,26,0.0,24.45,172.41,70.4,23.66,0,0,0,0,0,0,0,0,0,0
1984,IRQ,Iraq,23,25,4,11,0.0,23.8,174.68,73.18,24.05,0,0,0,0,0,0,0,0,0,0
1988,IRQ,Iraq,27,28,5,13,0.0,25.36,176.29,72.14,23.16,0,0,0,0,0,0,0,0,0,0
1992,IRQ,Iraq,8,8,3,8,0.0,26.25,171.38,79.25,27.03,0,0,0,0,0,0,0,0,0,0
1996,IRQ,Iraq,3,3,3,3,0.0,30.33,172.0,85.67,29.05,0,0,0,0,0,0,0,0,0,0
2000,IRQ,Iraq,4,4,2,4,0.5,24.5,164.75,57.75,21.25,0,0,0,0,0,0,0,0,0,0
2004,IRQ,Iraq,24,24,7,8,0.0417,23.0,176.21,75.08,24.05,0,0,0,0,0,0,0,0,0,0
2008,IRQ,Iraq,4,4,2,3,0.25,26.5,179.5,81.5,24.98,0,0,0,0,0,0,0,0,0,0
2012,IRQ,Iraq,8,8,7,8,0.375,22.5,170.38,72.12,24.41,0,0,0,0,0,0,0,0,0,0
2016,IRQ,Iraq,20,20,5,5,0.0,22.7,178.2,74.5,23.46,0,0,0,0,0,0,0,0,0,0
1960,ISL,Iceland,9,11,2,11,0.0909,24.09,182.91,75.09,22.43,0,0,0,0,0,0,0,0,0,0
1964,ISL,Iceland,4,5,2,5,0.2,24.0,183.4,69.8,20.79,0,0,0,0,0,0,0,0,0,0
1968,ISL,Iceland,8,16,3,15,0.375,25.12,182.88,73.31,21.98,0,0,0,0,0,0,0,0,0,0
1972,ISL,Iceland,25,30,4,16,0.0333,23.6,182.47,78.9,23.71,0,0,0,0,0,0,0,0,0,0
1976,ISL,Iceland,13,22,4,22,0.3636,21.32,178.55,74.09,23.0,0,0,0,0,0,0,0,0,0,0
1980,ISL,Iceland,9,12,3,11,0.0,24.0,183.92,90.42,26.73,0,0,0,0,0,0,0,0,0,0
1984,ISL,Iceland,30,35,5,17,0.1143,23.11,183.23,80.89,23.91,0,0,0,1,1,1,1,0,0,0
1988,ISL,Iceland,32,42,5,25,0.1905,24.4,183.4,81.17,23.91,0,0,0,0,0,0,0,0,1,1
1992,ISL,Iceland,27,31,6,15,0.1613,27.13,185.26,87.03,25.14,0,0,0,0,0,0,0,0,0,0
1996,ISL,Iceland,9,15,5,15,0.2667,21.8,174.53,69.33,22.56,0,0,0,0,0,0,0,0,0,0
2000,ISL,Iceland,18,29,5,28,0.4138,22.52,177.55,70.79,22.26,0,0,0,1,1,1,1,0,0,0
2004,ISL,Iceland,26,34,5,20,0.1765,26.0,183.24,79.79,23.57,0,0,0,0,0,0,0,0,1,1
2008,ISL,Iceland,27,31,5,18,0.2903,25.23,186.9,85.03,24.16,0,0,1,0,1,2,1,0,0,0
2012,ISL,Iceland,27,36,6,20,0.3333,26.08,185.33,82.58,23.78,0,0,0,0,0,0,0,0,1,2
2016,ISL,Iceland,8,14,4,14,0.7143,23.93,177.21,73.64,22.97,0,0,0,0,0,0,0,0,0,0
1960,ISR,Israel,23,46,7,28,0.413,21.98,167.91,63.54,22.3,0,0,0,0,0,0,0,0,0,0
1964,ISR,Israel,10,13,3,12,0.2308,25.23,171.31,70.92,24.0,0,0,0,0,0,0,0,0,0,0
1968,ISR,Israel,29,39,4,20,0.1795,23.49,173.0,69.56,23.21,0,0,0,0,0,0,0,0,0,0
1972,ISR,Israel,14,17,7,14,0.2353,27.71,169.24,68.82,23.98,0,0,0,0,0,0,0,0,0,0
1976,ISR,Israel,26,34,10,19,0.0588,24.29,173.74,72.62,24.04,0,0,0,0,0,0,0,0,0,0
1984,ISR,Israel,32,65,11,46,0.2923,21.89,168.74,60.2,20.97,0,0,0,0,0,0,0,0,0,0
1988,ISR,Israel,18,29,8,20,0.2759,22.52,172.52,66.66,22.2,0,0,0,0,0,0,0,0,0,0
1992,ISR,Israel,30,44,10,42,0.2045,23.48,174.93,72.27,23.52,0,0,1,1,2,3,1,0,0,0
1996,ISR,Israel,25,38,10,26,0.2632,26.63,177.76,73.89,23.25,0,0,0,1,1,1,1,0,2,3
2000,ISR,Israel,39,58,9,43,0.2241,24.17,179.4,74.86,23.12,0,0,0,1,1,1,1,0,1,1
2004,ISR,Israel,36,46,14,41,0.413,25.91,171.22,66.78,22.54,0,1,0,1,2,4,1,0,1,1
2008,ISR,Israel,43,60,12,47,0.4167,24.6,174.95,67.15,21.77,0,0,0,1,1,1,1,0,2,4
2012,ISR,Israel,37,56,10,41,0.4107,24.46,173.23,66.21,21.84,0,0,0,0,0,0,0,0,1,1
2016,ISR,Israel,47,59,16,45,0.5254,25.03,174.34,66.78,21.75,0,0,0,2,2,2,1,0,0,0
1968,ISV,United States Virgin Islands,6,6,3,5,0.0,30.17,179.67,81.33,25.23,0,0,0,0,0,0,0,0,0,0
1972,ISV,United States Virgin Islands,16,16,4,9,0.0,32.31,181.62,78.56,23.81,0,0,0,0,0,0,0,0,0,0
1976,ISV,United States Virgin Islands,21,26,6,21,0.1538,26.77,177.27,72.38,22.9,0,0,0,0,0,0,0,0,0,0
1984,ISV,United States Virgin Islands,29,52,7,31,0.1154,24.83,178.35,70.5,22.11,0,0,0,0,0,0,0,0,0,0
1988,ISV,United States Virgin Islands,22,46,6,27,0.1087,24.76,178.63,71.43,22.33,0,0,1,0,1,2,1,0,0,0
1992,ISV,United States Virgin Islands,25,34,7,29,0.2353,29.03,175.44,69.09,22.34,0,0,0,0,0,0,0,0,1,2
1996,ISV,United States Virgin Islands,12,14,5,11,0.5714,26.14,171.5,61.93,20.94,0,0,0,0,0,0,0,0,0,0
2000,ISV,United States Virgin Islands,9,12,5,12,0.25,30.92,180.92,76.83,23.13,0,0,0,0,0,0,0,0,0,0
2004,ISV,United States Virgin Islands,6,9,4,9,0.2222,27.11,182.22,78.22,23.38,0,0,0,0,0,0,0,0,0,0
2008,ISV,United States Virgin Islands,7,8,5,8,0.25,26.12,182.88,76.25,22.78,0,0,0,0,0,0,0,0,0,0
2012,ISV,United States Virgin Islands,7,9,3,7,0.5556,24.0,178.11,71.0,22.3,0,0,0,0,0,0,0,0,0,0
2016,ISV,United States Virgin Islands,7,7,4,7,0.2857,27.29,183.14,81.71,24.06,0,0,0,0,0,0,0,0,0,0
1960,ITA,Italy,280,402,19,138,0.1965,24.31,172.67,69.47,23.16,1,13,10,13,36,72,1,1,0,0
1964,ITA,Italy,168,256,18,91,0.0703,25.01,174.98,72.64,23.64,0,10,10,7,27,57,1,1,36,72
1968,ITA,Italy,167,268,17,103,0.1231,25.8,174.18,70.0,22.97,0,3,4,9,16,26,1,1,27,57
1972,ITA,Italy,224,345,19,123,0.2058,23.68,173.8,69.19,22.69,0,5,3,10,18,31,1,1,16,26
1976,ITA,Italy,210,312,20,122,0.2179,23.87,175.48,70.4,22.67,0,2,7,4,13,24,1,1,18,31
1980,ITA,Italy,159,203,19,88,0.2808,23.67,178.74,72.68,22.57,0,8,3,4,15,34,1,1,13,24
1984,ITA,Italy,268,368,23,151,0.2065,23.92,178.13,72.57,22.68,0,14,6,12,32,66,1,1,15,34
1988,ITA,Italy,253,374,23,140,0.1925,24.07,176.63,71.41,22.7,0,6,4,4,14,30,1,1,32,66
1992,ITA,Italy,304,431,26,169,0.2483,25.15,177.25,71.76,22.64,0,6,5,8,19,36,1,1,14,30
1996,ITA,Italy,340,460,27,172,0.2957,26.18,176.75,72.06,22.84,0,13,10,12,35,71,1,1,19,36
2000,ITA,Italy,361,457,29,175,0.3501,26.01,177.36,72.43,22.72,0,13,8,13,34,68,1,1,35,71
2004,ITA,Italy,364,474,30,175,0.3586,26.15,177.67,73.04,22.95,0,10,11,11,32,63,1,1,34,68
2008,ITA,Italy,333,459,29,190,0.3987,26.82,176.4,70.89,22.59,0,8,9,10,27,52,1,1,32,63
2012,ITA,Italy,281,382,28,169,0.445,27.14,176.15,70.31,22.45,0,8,9,11,28,53,1,1,27,52
2016,ITA,Italy,309,399,26,171,0.4662,26.84,176.59,69.7,22.16,0,8,12,8,28,56,1,1,28,53
1984,IVB,British Virgin Islands,9,13,2,7,0.0,27.69,181.31,75.23,22.89,0,0,0,0,0,0,0,0,0,0
1988,IVB,British Virgin Islands,3,4,2,4,0.0,24.25,179.0,72.25,22.55,0,0,0,0,0,0,0,0,0,0
1992,IVB,British Virgin Islands,4,4,2,2,0.0,35.0,185.5,77.0,22.46,0,0,0,0,0,0,0,0,0,0
1996,IVB,British Virgin Islands,7,11,2,5,0.0,22.64,178.64,73.18,22.92,0,0,0,0,0,0,0,0,0,0
2000,IVB,British Virgin Islands,1,1,1,1,0.0,25.0,179.0,74.0,23.1,0,0,0,0,0,0,0,0,0,0
2004,IVB,British Virgin Islands,1,1,1,1,0.0,27.0,178.0,77.0,24.3,0,0,0,0,0,0,0,0,0,0
2008,IVB,British Virgin Islands,2,2,1,2,0.5,25.0,177.0,90.5,27.49,0,0,0,0,0,0,0,0,0,0
2012,IVB,British Virgin Islands,2,2,1,2,0.5,24.0,168.0,60.0,21.32,0,0,0,0,0,0,0,0,0,0
2016,IVB,British Virgin Islands,4,4,2,4,0.75,24.0,168.75,69.0,23.85,0,0,0,0,0,0,0,0,0,0
1964,JAM,Jamaica,21,32,4,16,0.2812,24.09,175.81,68.5,22.06,0,0,0,0,0,0,0,0,0,0
1968,JAM,Jamaica,25,35,5,21,0.3143,23.49,175.09,68.6,22.28,0,0,1,0,1,2,1,0,0,0
1972,JAM,Jamaica,33,51,6,27,0.3725,21.12,173.57,63.22,20.86,0,0,0,1,1,1,1,0,1,2
1976,JAM,Jamaica,20,36,3,18,0.5278,22.94,173.11,62.75,20.75,0,1,1,0,2,5,1,0,1,1
1980,JAM,Jamaica,18,32,2,15,0.4375,22.78,175.62,66.34,21.37,0,0,0,3,3,3,1,0,2,5
1984,JAM,Jamaica,45,75,5,35,0.32,21.71,176.43,70.05,22.42,0,0,1,2,3,4,1,0,3,3
1988,JAM,Jamaica,35,49,5,22,0.3878,24.0,176.33,68.69,22.02,0,0,2,0,2,4,1,0,3,4
1992,JAM,Jamaica,36,51,5,23,0.4706,24.24,175.88,66.71,21.55,0,0,3,1,4,7,1,0,2,4
1996,JAM,Jamaica,46,69,5,29,0.4638,25.59,176.04,67.8,21.84,0,1,3,2,6,11,1,1,4,7
2000,JAM,Jamaica,48,65,4,28,0.5538,26.11,177.42,67.91,21.56,0,0,6,3,9,15,1,1,6,11
2004,JAM,Jamaica,47,62,4,27,0.5645,24.66,175.77,70.15,22.55,0,2,1,2,5,10,1,1,9,15
2008,JAM,Jamaica,50,66,4,29,0.5455,25.64,176.38,70.83,22.61,0,5,2,2,9,21,1,1,5,10
2012,JAM,Jamaica,45,62,4,25,0.5323,26.11,176.48,72.06,22.92,0,4,4,4,12,24,1,1,9,21
2016,JAM,Jamaica,56,77,4,32,0.5584,25.01,175.01,70.45,22.84,0,6,3,2,11,26,1,1,12,24
1980,JOR,Jordan,4,6,1,3,0.0,36.67,169.33,70.0,24.39,0,0,0,0,0,0,0,0,0,0
1984,JOR,Jordan,13,15,3,12,0.0667,26.2,174.0,69.87,23.0,0,0,0,0,0,0,0,0,0,0
1988,JOR,Jordan,7,9,5,9,0.2222,22.44,167.11,63.33,22.6,0,0,0,0,0,0,0,0,0,0
1992,JOR,Jordan,4,5,3,5,0.2,23.6,180.6,68.4,21.02,0,0,0,0,0,0,0,0,0,0
1996,JOR,Jordan,5,5,3,5,0.4,20.4,180.6,74.8,22.98,0,0,0,0,0,0,0,0,0,0
2000,JOR,Jordan,8,8,6,8,0.5,24.12,170.75,66.0,22.49,0,0,0,0,0,0,0,0,0,0
2004,JOR,Jordan,8,8,5,8,0.5,21.5,174.75,69.31,22.51,0,0,0,0,0,0,0,0,0,0
2008,JOR,Jordan,7,7,5,7,0.5714,20.43,172.57,65.36,21.88,0,0,0,0,0,0,0,0,0,0
2012,JOR,Jordan,9,9,5,9,0.4444,24.67,172.33,65.17,21.93,0,0,0,0,0,0,0,0,0,0
2016,JOR,Jordan,8,8,6,8,0.125,23.88,174.75,73.38,23.9,0,1,0,0,1,3,1,0,0,0
1960,JPN,Japan,162,278,17,96,0.2158,23.69,165.03,61.44,22.45,0,4,7,7,18,33,1,1,0,0
1964,JPN,Japan,328,456,21,155,0.2237,24.29,167.73,63.57,22.49,1,16,5,8,29,66,1,1,18,33
1968,JPN,Japan,171,289,18,97,0.2284,23.5,168.18,63.84,22.41,0,11,7,7,25,54,1,1,29,66
1972,JPN,Japan,184,293,21,113,0.2696,24.17,169.11,64.96,22.5,0,13,8,8,29,63,1,1,25,54
1976,JPN,Japan,213,328,20,119,0.3201,24.27,169.19,64.17,22.14,0,9,6,10,25,49,1,1,29,63
1984,JPN,Japan,226,365,22,147,0.2877,23.5,169.39,64.08,22.06,0,10,7,14,31,58,1,1,25,49
1988,JPN,Japan,255,412,23,166,0.3228,23.86,169.16,63.24,21.85,0,4,3,7,14,25,1,1,31,58
1992,JPN,Japan,256,392,24,166,0.3214,23.66,169.7,64.88,22.31,0,3,8,11,22,36,1,1,14,25
1996,JPN,Japan,306,448,27,168,0.4844,23.39,168.09,62.52,21.91,0,3,6,5,14,26,1,1,22,36
2000,JPN,Japan,266,363,28,156,0.3774,25.05,169.79,64.01,22.04,0,5,8,5,18,36,1,1,14,26
2004,JPN,Japan,306,414,31,169,0.4928,25.7,169.46,63.85,22.07,0,16,9,12,37,78,1,1,18,36
2008,JPN,Japan,332,457,31,176,0.4902,25.55,168.94,63.36,21.94,0,9,7,9,25,50,1,1,37,78
2012,JPN,Japan,291,399,29,178,0.5013,25.12,168.47,62.36,21.78,0,7,14,17,38,66,1,1,25,50
2016,JPN,Japan,335,436,32,186,0.4794,25.41,169.11,63.08,21.84,0,12,8,21,41,73,1,1,38,66
1996,KAZ,Kazakhstan,96,142,14,99,0.2535,24.64,175.57,72.31,23.24,0,3,4,4,11,21,1,1,0,0
2000,KAZ,Kazakhstan,130,158,17,104,0.3354,26.61,176.46,71.37,22.69,0,3,4,0,7,17,1,1,11,21
2004,KAZ,Kazakhstan,114,130,17,95,0.3615,26.4,176.28,71.92,22.96,0,1,4,3,8,14,1,1,7,17
2008,KAZ,Kazakhstan,130,146,19,106,0.5068,25.65,176.4,72.25,23.13,0,2,4,7,13,21,1,1,8,14
2012,KAZ,Kazakhstan,113,132,19,106,0.3561,25.96,176.48,71.73,22.85,0,7,1,5,13,28,1,1,13,21
2016,KAZ,Kazakhstan,101,123,19,98,0.4634,25.74,174.91,72.15,23.28,0,3,5,10,18,29,1,1,13,28
1960,KEN,Kenya,27,30,4,13,0.0,26.27,170.5,65.43,22.48,0,0,0,0,0,0,0,0,0,0
1964,KEN,Kenya,37,41,5,21,0.0,25.95,173.61,67.46,22.34,0,0,0,1,1,1,1,0,0,0
1968,KEN,Kenya,39,50,4,22,0.06,24.56,173.74,65.24,21.59,0,3,4,2,9,19,1,1,1,1
1972,KEN,Kenya,57,69,4,29,0.0435,25.78,175.19,66.71,21.72,0,2,3,4,9,16,1,1,9,19
1984,KEN,Kenya,61,67,5,33,0.0896,25.24,174.46,67.45,22.11,0,1,0,2,3,5,1,0,9,16
1988,KEN,Kenya,74,88,7,50,0.0682,25.85,173.98,67.39,22.21,0,5,2,2,9,21,1,1,3,5
1992,KEN,Kenya,49,55,5,29,0.1636,26.71,174.25,64.49,21.12,0,2,4,2,8,16,1,1,9,21
1996,KEN,Kenya,52,54,5,27,0.1852,26.06,172.59,63.8,21.29,0,1,4,3,8,14,1,1,8,16
2000,KEN,Kenya,56,59,6,24,0.3898,25.1,170.29,60.05,20.61,0,2,3,2,7,14,1,1,8,14
2004,KEN,Kenya,46,46,4,16,0.5217,25.11,168.22,59.11,20.76,0,1,4,2,7,13,1,1,7,14
2008,KEN,Kenya,46,47,5,24,0.383,24.36,168.43,56.68,19.82,0,6,4,5,15,31,1,1,7,13
2012,KEN,Kenya,47,51,4,23,0.4314,24.63,169.43,57.96,20.02,0,2,4,5,11,19,1,1,15,31
2016,KEN,Kenya,79,80,7,29,0.425,26.56,170.75,65.11,22.1,0,6,6,1,13,31,1,1,11,19
1996,KGZ,Kyrgyzstan,33,53,9,39,0.1887,22.57,181.23,75.17,22.78,0,0,0,0,0,0,0,0,0,0
2000,KGZ,Kyrgyzstan,48,71,9,59,0.2817,24.86,179.87,72.99,22.43,0,0,0,1,1,1,1,0,0,0
2004,KGZ,Kyrgyzstan,29,32,9,32,0.2188,25.16,175.53,70.31,22.76,0,0,0,0,0,0,0,0,1,1
2008,KGZ,Kyrgyzstan,20,22,9,22,0.1818,24.86,176.27,72.41,23.33,0,0,1,1,2,3,1,0,0,0
2012,KGZ,Kyrgyzstan,14,15,8,15,0.2,22.87,174.47,72.13,23.41,0,0,0,0,0,0,0,0,2,3
2016,KGZ,Kyrgyzstan,19,19,6,17,0.3684,24.74,172.32,73.58,24.24,0,0,0,0,0,0,0,0,0,0
2004,KIR,Kiribati,3,3,2,3,0.3333,19.0,167.33,73.33,26.11,0,0,0,0,0,0,0,0,0,0
2008,KIR,Kiribati,2,2,2,2,0.0,23.5,174.0,93.0,30.92,0,0,0,0,0,0,0,0,0,0
2012,KIR,Kiribati,3,3,2,3,0.3333,21.33,165.67,79.0,28.61,0,0,0,0,0,0,0,0,0,0
2016,KIR,Kiribati,3,3,2,3,0.3333,23.33,163.0,73.0,27.03,0,0,0,0,0,0,0,0,0,0
1960,KOR,South Korea,35,49,9,38,0.1224,23.78,167.8,62.55,22.17,0,0,0,0,0,0,0,0,0,0
1964,KOR,South Korea,154,240,17,93,0.1833,23.41,168.24,62.86,22.1,0,0,2,1,3,5,1,0,0,0
1968,KOR,South Korea,54,66,11,43,0.2273,23.68,170.45,65.36,22.42,0,0,1,1,2,3,1,0,3,5
1972,KOR,South Korea,42,43,8,24,0.2326,23.86,173.56,67.93,22.44,0,0,1,0,1,2,1,0,2,3
1976,KOR,South Korea,50,51,5,27,0.2353,24.47,172.78,67.24,22.36,0,1,1,4,6,9,1,1,1,2
1984,KOR,South Korea,175,240,19,96,0.2875,21.54,171.42,66.56,22.49,0,6,6,7,19,37,1,1,6,9
1988,KOR,South Korea,401,551,27,218,0.3612,21.67,172.29,66.54,22.22,1,12,10,11,33,67,1,1,19,37
1992,KOR,South Korea,226,322,24,134,0.2919,21.76,172.75,68.56,22.83,0,12,5,11,28,57,1,1,33,67
1996,KOR,South Korea,303,417,25,160,0.3477,22.55,173.88,68.73,22.59,0,7,15,5,27,56,1,1,28,57
2000,KOR,South Korea,281,359,26,144,0.3538,24.12,174.02,68.73,22.55,0,8,10,10,28,54,1,1,27,56
2004,KOR,South Korea,264,344,25,149,0.4099,24.18,172.8,67.31,22.41,0,9,12,9,30,60,1,1,28,54
2008,KOR,South Korea,265,329,27,142,0.3678,24.92,173.27,69.26,22.84,0,13,10,8,31,67,1,1,30,60
2012,KOR,South Korea,250,312,25,140,0.4359,25.47,172.77,67.33,22.37,0,13,8,7,28,62,1,1,31,67
2016,KOR,South Korea,207,263,26,117,0.4487,25.65,172.23,66.83,22.39,0,9,3,9,21,42,1,1,28,62
2016,KOS,Kosovo,8,8,5,8,0.625,23.88,173.5,63.88,21.0,0,1,0,0,1,3,1,0,0,0
1972,KSA,Saudi Arabia,10,14,1,11,0.0,23.57,172.43,67.93,22.79,0,0,0,0,0,0,0,0,0,0
1976,KSA,Saudi Arabia,14,19,1,13,0.0,22.89,175.89,71.74,22.98,0,0,0,0,0,0,0,0,0,0
1984,KSA,Saudi Arabia,37,42,5,11,0.0,23.4,175.29,70.88,23.05,0,0,0,0,0,0,0,0,0,0
1988,KSA,Saudi Arabia,9,13,3,12,0.0,24.46,164.23,63.15,23.37,0,0,0,0,0,0,0,0,0,0
1992,KSA,Saudi Arabia,9,17,5,13,0.0,23.18,175.71,77.94,25.23,0,0,0,0,0,0,0,0,0,0
1996,KSA,Saudi Arabia,29,34,5,13,0.0,22.85,176.41,70.59,22.67,0,0,0,0,0,0,0,0,0,0
2000,KSA,Saudi Arabia,18,23,5,14,0.0,23.87,176.26,70.61,22.74,0,0,1,1,2,3,1,0,0,0
2004,KSA,Saudi Arabia,16,16,6,12,0.0,26.25,173.94,71.0,23.61,0,0,0,0,0,0,0,0,2,3
2008,KSA,Saudi Arabia,14,18,4,11,0.0,27.56,175.5,70.0,22.67,0,0,0,0,0,0,0,0,0,0
2012,KSA,Saudi Arabia,18,23,5,14,0.087,30.13,172.35,67.91,22.89,0,0,0,1,1,1,1,0,0,0
2016,KSA,Saudi Arabia,10,11,5,10,0.2727,26.27,170.64,65.27,22.24,0,0,0,0,0,0,0,0,1,1
1968,KUW,Kuwait,2,2,1,1,0.0,25.0,162.0,55.0,20.96,0,0,0,0,0,0,0,0,0,0
1972,KUW,Kuwait,4,4,2,4,0.0,20.75,169.25,70.5,24.58,0,0,0,0,0,0,0,0,0,0
1976,KUW,Kuwait,15,21,4,13,0.0,21.76,173.86,69.4,22.91,0,0,0,0,0,0,0,0,0,0
1980,KUW,Kuwait,56,67,7,26,0.0,21.78,172.09,73.02,24.73,0,0,0,0,0,0,0,0,0,0
1984,KUW,Kuwait,23,31,5,17,0.0,21.0,177.26,72.55,23.08,0,0,0,0,0,0,0,0,0,0
1988,KUW,Kuwait,25,34,7,24,0.0,21.62,175.44,72.53,23.48,0,0,0,0,0,0,0,0,0,0
1992,KUW,Kuwait,32,37,7,18,0.0,21.97,178.43,75.42,23.69,0,0,0,0,0,0,0,0,0,0
1996,KUW,Kuwait,25,27,9,16,0.0,25.41,181.59,83.35,25.27,0,0,0,0,0,0,0,0,0,0
2000,KUW,Kuwait,29,30,6,10,0.0,23.7,175.47,70.67,23.01,0,0,0,1,1,1,1,0,0,0
2004,KUW,Kuwait,11,11,3,9,0.0909,25.36,176.09,85.05,27.39,0,0,0,0,0,0,0,0,1,1
2008,KUW,Kuwait,8,8,5,7,0.0,26.12,181.0,85.06,25.94,0,0,0,0,0,0,0,0,0,0
2012,KUW,Kuwait,10,12,4,11,0.25,30.0,178.0,75.04,23.51,0,0,0,1,1,1,1,0,0,0
1980,LAO,Laos,19,19,3,16,0.1053,21.58,165.11,56.74,20.79,0,0,0,0,0,0,0,0,0,0
1988,LAO,Laos,3,3,2,3,0.3333,22.33,160.33,51.33,19.98,0,0,0,0,0,0,0,0,0,0
1992,LAO,Laos,6,7,2,7,0.0,25.43,169.86,60.14,20.89,0,0,0,0,0,0,0,0,0,0
1996,LAO,Laos,5,5,1,2,0.2,22.4,172.2,65.2,21.84,0,0,0,0,0,0,0,0,0,0
2000,LAO,Laos,3,3,2,3,0.3333,23.0,172.67,66.67,22.09,0,0,0,0,0,0,0,0,0,0
2004,LAO,Laos,5,5,3,5,0.4,20.8,166.6,59.0,21.09,0,0,0,0,0,0,0,0,0,0
2008,LAO,Laos,4,4,2,4,0.5,19.0,160.75,51.5,20.0,0,0,0,0,0,0,0,0,0,0
2012,LAO,Laos,3,3,2,3,0.3333,18.0,166.33,58.0,20.97,0,0,0,0,0,0,0,0,0,0
2016,LAO,Laos,5,5,4,5,0.4,19.0,173.0,63.2,21.13,0,0,0,0,0,0,0,0,0,0
1992,LAT,Latvia,34,40,13,31,0.275,25.28,179.02,75.5,23.46,0,0,2,1,3,5,1,0,0,0
1996,LAT,Latvia,47,55,12,47,0.3091,25.96,177.09,73.82,23.31,0,0,1,0,1,2,1,0,3,5
2000,LAT,Latvia,45,60,13,47,0.2833,26.02,177.35,75.5,23.84,0,1,1,1,3,6,1,0,1,2
2004,LAT,Latvia,32,45,11,37,0.2444,26.42,177.56,74.07,23.34,0,0,4,0,4,8,1,0,3,6
2008,LAT,Latvia,47,53,11,33,0.3396,26.08,183.96,82.11,24.17,0,1,1,1,3,6,1,0,4,8
2012,LAT,Latvia,45,50,12,38,0.28,26.34,181.04,77.76,23.53,0,1,0,1,2,4,1,0,3,6
2016,LAT,Latvia,32,33,12,25,0.3939,26.61,180.67,77.91,23.62,0,0,0,0,0,0,0,0,2,4
1968,LBA,Libya,1,1,1,1,0.0,25.0,180.0,70.0,21.6,0,0,0,0,0,0,0,0,0,0
1980,LBA,Libya,29,38,5,20,0.1316,23.74,171.71,66.82,22.48,0,0,0,0,0,0,0,0,0,0
1988,LBA,Libya,6,7,3,5,0.0,25.14,176.14,77.43,25.11,0,0,0,0,0,0,0,0,0,0
1992,LBA,Libya,5,5,4,5,0.0,25.8,175.8,83.6,27.23,0,0,0,0,0,0,0,0,0,0
1996,LBA,Libya,5,5,2,5,0.0,23.4,174.4,68.4,22.46,0,0,0,0,0,0,0,0,0,0
2000,LBA,Libya,3,3,3,3,0.0,25.67,177.67,68.67,21.73,0,0,0,0,0,0,0,0,0,0
2004,LBA,Libya,8,8,5,8,0.25,20.75,167.75,67.88,24.05,0,0,0,0,0,0,0,0,0,0
2008,LBA,Libya,6,6,4,6,0.3333,22.33,169.67,70.67,24.53,0,0,0,0,0,0,0,0,0,0
2012,LBA,Libya,4,4,3,4,0.25,25.75,173.0,65.25,21.68,0,0,0,0,0,0,0,0,0,0
2016,LBA,Libya,7,7,6,7,0.1429,22.86,177.86,70.14,22.14,0,0,0,0,0,0,0,0,0,0
1960,LBR,Liberia,4,6,1,5,0.0,22.33,177.0,68.17,21.75,0,0,0,0,0,0,0,0,0,0
1964,LBR,Liberia,1,2,1,2,0.0,20.0,168.0,58.0,20.55,0,0,0,0,0,0,0,0,0,0
1972,LBR,Liberia,5,5,1,5,0.0,23.6,175.2,66.8,21.7,0,0,0,0,0,0,0,0,0,0
1984,LBR,Liberia,7,10,1,7,0.1,21.0,172.0,60.6,20.47,0,0,0,0,0,0,0,0,0,0
1988,LBR,Liberia,8,11,2,10,0.2727,23.55,170.45,60.18,20.67,0,0,0,0,0,0,0,0,0,0
1996,LBR,Liberia,5,7,1,3,0.1429,22.57,177.29,74.14,23.51,0,0,0,0,0,0,0,0,0,0
2000,LBR,Liberia,8,10,1,7,0.2,24.9,177.1,71.2,22.63,0,0,0,0,0,0,0,0,0,0
2004,LBR,Liberia,2,2,1,2,0.5,23.0,164.0,72.0,26.46,0,0,0,0,0,0,0,0,0,0
2008,LBR,Liberia,3,4,1,4,0.5,27.75,176.5,66.75,21.17,0,0,0,0,0,0,0,0,0,0
2012,LBR,Liberia,3,3,1,3,0.6667,27.33,173.33,68.0,22.34,0,0,0,0,0,0,0,0,0,0
2016,LBR,Liberia,2,3,1,3,0.3333,24.0,176.33,66.67,21.38,0,0,0,0,0,0,0,0,0,0
1996,LCA,Saint Lucia,6,8,2,5,0.125,23.75,181.38,73.0,22.21,0,0,0,0,0,0,0,0,0,0
2000,LCA,Saint Lucia,5,5,2,5,0.4,22.2,174.2,66.8,21.84,0,0,0,0,0,0,0,0,0,0
2004,LCA,Saint Lucia,2,2,2,2,0.5,22.5,168.5,64.0,22.57,0,0,0,0,0,0,0,0,0,0
2008,LCA,Saint Lucia,4,4,2,4,0.75,24.5,174.0,60.75,20.02,0,0,0,0,0,0,0,0,0,0
2012,LCA,Saint Lucia,4,4,3,4,0.75,26.25,170.5,61.0,20.95,0,0,0,0,0,0,0,0,0,0
2016,LCA,Saint Lucia,5,5,3,4,0.6,24.2,173.0,62.6,20.98,0,0,0,0,0,0,0,0,0,0
1972,LES,Lesotho,1,2,1,2,0.0,27.0,170.0,62.0,21.45,0,0,0,0,0,0,0,0,0,0
1980,LES,Lesotho,5,7,1,6,0.0,26.71,168.57,68.71,24.01,0,0,0,0,0,0,0,0,0,0
1984,LES,Lesotho,4,5,2,4,0.0,29.2,168.4,62.2,21.89,0,0,0,0,0,0,0,0,0,0
1988,LES,Lesotho,6,6,2,5,0.0,23.33,165.0,61.33,22.62,0,0,0,0,0,0,0,0,0,0
1992,LES,Lesotho,6,8,1,8,0.25,21.38,167.25,56.38,20.13,0,0,0,0,0,0,0,0,0,0
1996,LES,Lesotho,9,11,1,5,0.4545,23.64,171.64,59.73,20.16,0,0,0,0,0,0,0,0,0,0
2000,LES,Lesotho,6,6,3,6,0.3333,24.17,171.33,59.83,20.16,0,0,0,0,0,0,0,0,0,0
2004,LES,Lesotho,3,3,2,3,0.6667,23.0,151.33,55.33,24.15,0,0,0,0,0,0,0,0,0,0
2008,LES,Lesotho,5,5,2,3,0.2,28.8,164.8,62.4,23.05,0,0,0,0,0,0,0,0,0,0
2012,LES,Lesotho,4,4,2,4,0.5,24.0,167.5,60.0,21.5,0,0,0,0,0,0,0,0,0,0
2016,LES,Lesotho,8,9,3,8,0.1111,25.78,175.11,65.56,21.33,0,0,0,0,0,0,0,0,0,0
1960,LIB,Lebanon,19,22,6,15,0.0,30.64,173.27,74.95,24.86,0,0,0,0,0,0,0,0,0,0
1964,LIB,Lebanon,5,8,2,3,0.0,31.12,174.25,70.62,23.32,0,0,0,0,0,0,0,0,0,0
1968,LIB,Lebanon,11,15,6,13,0.0,27.33,174.2,75.2,24.67,0,0,0,0,0,0,0,0,0,0
1972,LIB,Lebanon,19,36,9,23,0.0556,24.69,174.31,73.33,24.07,0,0,1,0,1,2,1,0,0,0
1976,LIB,Lebanon,3,4,3,4,0.0,21.75,177.5,83.5,26.42,0,0,0,0,0,0,0,0,1,2
1980,LIB,Lebanon,15,19,8,16,0.0,24.32,176.89,74.47,23.84,0,0,0,1,1,1,1,0,0,0
1984,LIB,Lebanon,22,30,9,20,0.0333,24.83,174.87,72.0,23.51,0,0,0,0,0,0,0,0,1,1
1988,LIB,Lebanon,21,31,8,28,0.0968,21.26,173.13,71.0,23.62,0,0,0,0,0,0,0,0,0,0
1992,LIB,Lebanon,12,18,7,15,0.0,22.83,173.06,69.72,23.1,0,0,0,0,0,0,0,0,0,0
1996,LIB,Lebanon,1,1,1,1,1.0,29.0,165.0,58.0,21.3,0,0,0,0,0,0,0,0,0,0
2000,LIB,Lebanon,6,6,4,6,0.3333,22.83,175.17,69.0,22.37,0,0,0,0,0,0,0,0,0,0
2004,LIB,Lebanon,5,5,3,5,0.4,23.0,178.8,68.8,21.32,0,0,0,0,0,0,0,0,0,0
2008,LIB,Lebanon,6,6,4,6,0.3333,24.67,175.5,79.33,25.49,0,0,0,0,0,0,0,0,0,0
2012,LIB,Lebanon,10,10,7,10,0.7,21.8,174.1,66.2,21.71,0,0,0,0,0,0,0,0,0,0
2016,LIB,Lebanon,9,9,7,9,0.5556,26.44,171.44,67.22,22.59,0,0,0,0,0,0,0,0,0,0
1960,LIE,Liechtenstein,5,8,3,6,0.0,29.38,174.0,82.5,27.24,0,0,0,0,0,0,0,0,0,0
1964,LIE,Liechtenstein,2,3,1,3,0.0,23.67,180.67,70.67,21.84,0,0,0,0,0,0,0,0,0,0
1968,LIE,Liechtenstein,2,3,1,3,0.0,22.0,178.0,68.0,21.42,0,0,0,0,0,0,0,0,0,0
1972,LIE,Liechtenstein,6,12,4,11,0.0,25.25,174.5,70.92,23.27,0,0,0,0,0,0,0,0,0,0
1976,LIE,Liechtenstein,6,9,2,9,0.3333,23.11,172.44,70.56,23.29,0,0,0,0,0,0,0,0,0,0
1984,LIE,Liechtenstein,7,8,3,7,0.25,26.62,172.75,72.62,24.27,0,0,0,0,0,0,0,0,0,0
1988,LIE,Liechtenstein,12,16,5,15,0.1875,24.19,178.25,73.19,22.97,0,0,0,0,0,0,0,0,0,0
1992,LIE,Liechtenstein,7,8,4,8,0.375,26.5,175.62,68.12,22.04,0,0,0,0,0,0,0,0,0,0
1996,LIE,Liechtenstein,2,2,2,2,1.0,29.0,168.5,61.5,21.71,0,0,0,0,0,0,0,0,0,0
2000,LIE,Liechtenstein,2,2,2,2,0.5,21.5,170.0,66.0,22.61,0,0,0,0,0,0,0,0,0,0
2004,LIE,Liechtenstein,1,1,1,1,0.0,25.0,175.0,80.0,26.12,0,0,0,0,0,0,0,0,0,0
2008,LIE,Liechtenstein,2,2,2,2,0.0,31.5,178.5,71.5,22.57,0,0,0,0,0,0,0,0,0,0
2012,LIE,Liechtenstein,3,4,3,4,0.75,24.5,175.25,68.0,22.19,0,0,0,0,0,0,0,0,0,0
2016,LIE,Liechtenstein,3,3,2,3,0.6667,24.0,179.67,77.0,23.64,0,0,0,0,0,0,0,0,0,0
1992,LTU,Lithuania,47,54,11,31,0.2222,25.59,185.91,82.48,23.6,0,1,0,1,2,4,1,0,0,0
1996,LTU,Lithuania,61,81,14,49,0.2716,25.36,183.21,79.04,23.24,0,0,0,1,1,1,1,0,2,4
2000,LTU,Lithuania,61,77,15,50,0.3896,25.3,183.56,79.7,23.17,0,2,0,3,5,9,1,1,1,1
2004,LTU,Lithuania,59,70,13,44,0.2143,25.83,186.54,82.9,23.47,0,1,2,0,3,7,1,0,5,9
2008,LTU,Lithuania,71,78,16,54,0.4231,26.15,181.67,76.69,22.84,0,0,2,3,5,7,1,1,3,7
2012,LTU,Lithuania,62,72,14,54,0.4167,26.19,181.99,77.83,23.07,0,2,1,2,5,10,1,1,5,7
2016,LTU,Lithuania,67,80,15,49,0.25,26.31,184.14,82.19,24.08,0,0,1,3,4,5,1,0,5,10
1960,LUX,Luxembourg,52,117,10,48,0.1111,26.58,172.79,69.65,23.28,0,0,0,0,0,0,0,0,0,0
1964,LUX,Luxembourg,12,27,7,18,0.0741,27.52,168.93,65.78,23.08,0,0,0,0,0,0,0,0,0,0
1968,LUX,Luxembourg,5,7,5,7,0.4286,28.0,170.14,63.43,21.9,0,0,0,0,0,0,0,0,0,0
1972,LUX,Luxembourg,11,15,5,8,0.0667,29.73,177.6,72.27,22.9,0,0,0,0,0,0,0,0,0,0
1976,LUX,Luxembourg,8,9,4,7,0.0,28.22,178.56,72.33,22.68,0,0,0,0,0,0,0,0,0,0
1980,LUX,Luxembourg,3,4,3,4,0.0,30.0,176.5,89.25,28.62,0,0,0,0,0,0,0,0,0,0
1984,LUX,Luxembourg,5,5,3,4,0.2,35.2,174.6,79.6,25.89,0,0,0,0,0,0,0,0,0,0
1988,LUX,Luxembourg,8,11,4,11,0.3636,25.64,175.36,65.18,21.1,0,0,0,0,0,0,0,0,0,0
1992,LUX,Luxembourg,6,8,4,8,0.125,31.12,180.25,73.88,22.78,0,0,0,0,0,0,0,0,0,0
1996,LUX,Luxembourg,6,7,5,7,0.5714,33.43,171.0,69.57,23.59,0,0,0,0,0,0,0,0,0,0
2000,LUX,Luxembourg,7,9,4,8,0.7778,26.67,172.78,65.0,21.72,0,0,0,0,0,0,0,0,0,0
2004,LUX,Luxembourg,10,14,6,10,0.5,23.71,177.57,67.0,21.14,0,0,0,0,0,0,0,0,0,0
2008,LUX,Luxembourg,13,19,7,17,0.2105,25.26,178.16,68.89,21.63,0,0,0,0,0,0,0,0,0,0
2012,LUX,Luxembourg,9,11,7,11,0.3636,27.36,177.91,68.82,21.7,0,0,0,0,0,0,0,0,0,0
2016,LUX,Luxembourg,10,15,5,14,0.4667,27.73,177.67,68.33,21.6,0,0,0,0,0,0,0,0,0,0
1964,MAD,Madagascar,3,4,1,4,0.0,23.75,173.75,60.0,19.92,0,0,0,0,0,0,0,0,0,0
1968,MAD,Madagascar,4,6,2,6,0.0,25.33,180.17,69.33,21.42,0,0,0,0,0,0,0,0,0,0
1972,MAD,Madagascar,11,13,2,10,0.0,25.62,175.31,69.54,22.68,0,0,0,0,0,0,0,0,0,0
1980,MAD,Madagascar,11,18,4,18,0.3333,19.33,162.94,55.33,20.74,0,0,0,0,0,0,0,0,0,0
1984,MAD,Madagascar,5,5,2,5,0.0,23.8,169.2,61.8,21.55,0,0,0,0,0,0,0,0,0,0
1992,MAD,Madagascar,13,17,6,15,0.5294,22.35,171.24,60.12,20.43,0,0,0,0,0,0,0,0,0,0
1996,MAD,Madagascar,11,14,4,10,0.7143,23.21,166.93,58.0,20.71,0,0,0,0,0,0,0,0,0,0
2000,MAD,Madagascar,11,13,4,10,0.6154,25.77,168.69,61.69,21.5,0,0,0,0,0,0,0,0,0,0
2004,MAD,Madagascar,8,8,5,8,0.625,26.0,163.5,57.81,21.42,0,0,0,0,0,0,0,0,0,0
2008,MAD,Madagascar,6,6,4,6,0.3333,25.83,164.83,63.25,23.2,0,0,0,0,0,0,0,0,0,0
2012,MAD,Madagascar,7,7,5,7,0.5714,24.71,168.57,65.71,22.87,0,0,0,0,0,0,0,0,0,0
2016,MAD,Madagascar,6,6,4,6,0.6667,26.83,168.0,62.83,21.89,0,0,0,0,0,0,0,0,0,0
1960,MAL,Malaya,9,11,4,11,0.0,22.45,167.73,61.86,22.0,0,0,0,0,0,0,0,0,0,0
1960,MAR,Morocco,47,111,10,45,0.0,26.19,170.47,67.02,23.06,0,0,1,0,1,2,1,0,0,0
1964,MAR,Morocco,20,21,4,10,0.0,23.19,173.19,72.29,23.96,0,0,0,0,0,0,0,0,1,2
1968,MAR,Morocco,25,25,4,14,0.0,24.2,177.96,69.28,21.75,0,0,0,0,0,0,0,0,0,0
1972,MAR,Morocco,35,39,5,19,0.0769,23.15,174.82,69.59,22.56,0,0,0,0,0,0,0,0,0,0
1976,MAR,Morocco,9,9,2,9,0.0,25.22,173.22,62.22,20.6,0,0,0,0,0,0,0,0,0,0
1984,MAR,Morocco,34,35,6,18,0.0286,25.11,173.94,68.77,22.66,0,2,0,0,2,6,1,0,0,0
1988,MAR,Morocco,27,29,4,25,0.1379,25.0,172.38,61.66,20.68,0,1,0,2,3,5,1,0,2,6
1992,MAR,Morocco,44,45,7,24,0.0222,23.67,176.87,69.07,22.04,0,1,1,1,3,6,1,0,3,5
1996,MAR,Morocco,34,38,7,28,0.1579,25.47,171.97,63.42,21.33,0,0,0,2,2,2,1,0,3,6
2000,MAR,Morocco,55,55,9,28,0.1636,24.64,175.42,66.69,21.55,0,0,1,4,5,6,1,1,2,2
2004,MAR,Morocco,55,57,9,28,0.1579,25.49,174.46,64.79,21.15,0,2,1,0,3,8,1,0,5,6
2008,MAR,Morocco,47,49,7,35,0.2449,26.9,173.14,64.37,21.31,0,0,1,1,2,3,1,0,3,8
2012,MAR,Morocco,63,67,12,40,0.2836,25.73,174.03,66.42,21.75,0,0,0,1,1,1,1,0,2,3
2016,MAR,Morocco,48,52,13,39,0.4038,26.48,173.38,64.62,21.37,0,0,0,1,1,1,1,0,1,1
1964,MAS,Malaysia,61,81,10,48,0.0741,24.19,170.25,66.02,22.74,0,0,0,0,0,0,0,0,0,0
1968,MAS,Malaysia,31,35,4,14,0.0,24.57,172.6,64.2,21.55,0,0,0,0,0,0,0,0,0,0
1972,MAS,Malaysia,45,57,6,20,0.0877,23.72,171.23,64.42,21.91,0,0,0,0,0,0,0,0,0,0
1976,MAS,Malaysia,23,25,5,9,0.0,25.2,172.16,61.8,20.92,0,0,0,0,0,0,0,0,0,0
1984,MAS,Malaysia,21,27,5,12,0.1481,23.56,170.11,63.96,22.09,0,0,0,0,0,0,0,0,0,0
1988,MAS,Malaysia,9,17,5,15,0.4706,20.88,172.76,63.06,20.98,0,0,0,0,0,0,0,0,0,0
1992,MAS,Malaysia,26,30,6,11,0.0,25.1,176.57,70.03,22.48,0,0,0,1,1,1,1,0,0,0
1996,MAS,Malaysia,35,43,8,21,0.0698,22.72,176.19,70.47,22.64,0,0,1,1,2,3,1,0,1,1
2000,MAS,Malaysia,40,55,9,32,0.2364,22.24,172.58,67.0,22.34,0,0,0,0,0,0,0,0,2,3
2004,MAS,Malaysia,26,38,11,31,0.2895,22.84,169.39,65.24,22.68,0,0,0,0,0,0,0,0,0,0
2008,MAS,Malaysia,32,42,10,29,0.381,23.33,169.31,66.62,23.15,0,0,1,0,1,2,1,0,0,0
2012,MAS,Malaysia,29,38,9,25,0.4211,23.21,167.58,62.84,22.24,0,0,1,1,2,3,1,0,1,2
2016,MAS,Malaysia,32,42,10,29,0.4524,24.02,168.76,64.36,22.49,0,0,4,1,5,9,1,1,2,3
1972,MAW,Malawi,16,18,3,17,0.2222,22.33,167.33,59.61,21.22,0,0,0,0,0,0,0,0,0,0
1984,MAW,Malawi,15,23,3,16,0.0,25.91,165.22,64.39,23.84,0,0,0,0,0,0,0,0,0,0
1988,MAW,Malawi,16,22,3,16,0.0,26.77,163.86,66.0,25.62,0,0,0,0,0,0,0,0,0,0
1992,MAW,Malawi,4,4,1,4,0.25,21.5,169.5,59.5,20.72,0,0,0,0,0,0,0,0,0,0
1996,MAW,Malawi,2,2,1,2,0.0,26.5,175.5,65.5,21.22,0,0,0,0,0,0,0,0,0,0
2000,MAW,Malawi,2,2,1,2,0.5,21.0,169.0,51.5,18.01,0,0,0,0,0,0,0,0,0,0
2004,MAW,Malawi,4,4,2,4,0.5,20.5,173.5,64.75,21.38,0,0,0,0,0,0,0,0,0,0
2008,MAW,Malawi,4,4,2,4,0.5,19.0,173.0,63.75,21.16,0,0,0,0,0,0,0,0,0,0
2012,MAW,Malawi,3,3,2,3,0.6667,23.0,171.33,71.33,24.28,0,0,0,0,0,0,0,0,0,0
2016,MAW,Malawi,5,5,3,5,0.4,21.6,164.2,59.4,21.89,0,0,0,0,0,0,0,0,0,0
1996,MDA,Moldova,40,50,10,41,0.1,24.74,177.0,72.9,23.18,0,0,1,1,2,3,1,0,0,0
2000,MDA,Moldova,34,35,7,34,0.1429,24.69,176.4,73.4,23.31,0,0,1,1,2,3,1,0,2,3
2004,MDA,Moldova,33,33,8,31,0.2121,25.88,178.3,76.42,23.74,0,0,0,0,0,0,0,0,2,3
2008,MDA,Moldova,29,30,8,28,0.2667,27.13,177.27,77.3,24.25,0,0,0,1,1,1,1,0,0,0
2012,MDA,Moldova,20,20,9,19,0.4,24.25,176.7,73.6,23.4,0,0,0,2,2,2,1,0,1,1
2016,MDA,Moldova,23,23,9,22,0.3913,26.3,177.87,81.04,25.37,0,0,0,0,0,0,0,0,2,2
1988,MDV,Maldives,7,9,1,5,0.0,19.89,163.44,54.67,20.44,0,0,0,0,0,0,0,0,0,0
1992,MDV,Maldives,7,10,2,8,0.1,22.5,172.2,66.2,22.13,0,0,0,0,0,0,0,0,0,0
1996,MDV,Maldives,6,9,2,6,0.1111,22.44,164.78,59.33,21.71,0,0,0,0,0,0,0,0,0,0
2000,MDV,Maldives,4,4,2,4,0.5,18.25,160.5,47.5,18.37,0,0,0,0,0,0,0,0,0,0
2004,MDV,Maldives,4,4,2,4,0.5,20.25,164.25,54.5,20.36,0,0,0,0,0,0,0,0,0,0
2008,MDV,Maldives,4,4,2,4,0.5,20.25,175.75,58.75,18.82,0,0,0,0,0,0,0,0,0,0
2012,MDV,Maldives,5,5,3,5,0.4,19.4,164.6,54.2,19.96,0,0,0,0,0,0,0,0,0,0
2016,MDV,Maldives,4,4,2,4,0.5,21.75,164.0,58.25,21.42,0,0,0,0,0,0,0,0,0,0
1960,MEX,Mexico,69,110,14,55,0.1182,24.47,172.56,68.51,22.95,0,0,0,1,1,1,1,0,0,0
1964,MEX,Mexico,94,128,15,58,0.0469,25.89,173.66,68.47,22.65,0,0,0,1,1,1,1,0,1,1
1968,MEX,Mexico,275,446,20,146,0.2309,22.47,170.83,65.06,22.19,1,3,3,3,9,18,1,1,1,1
1972,MEX,Mexico,174,281,20,112,0.2527,22.57,170.29,65.04,22.29,0,0,1,0,1,2,1,0,9,18
1976,MEX,Mexico,97,137,17,54,0.1095,23.91,174.77,68.81,22.41,0,1,0,1,2,4,1,0,1,2
1980,MEX,Mexico,45,74,12,43,0.3243,24.43,167.18,60.26,21.45,0,0,1,3,4,5,1,0,2,4
1984,MEX,Mexico,99,155,18,87,0.2645,23.92,170.84,63.53,21.66,0,2,3,1,6,13,1,1,4,5
1988,MEX,Mexico,83,144,17,82,0.2014,23.9,175.52,66.72,21.56,0,0,0,2,2,2,1,0,6,13
1992,MEX,Mexico,102,140,18,71,0.2714,24.14,173.61,66.8,22.04,0,0,1,0,1,2,1,0,2,2
1996,MEX,Mexico,98,111,19,57,0.2793,24.77,172.0,65.46,22.01,0,0,0,1,1,1,1,0,1,2
2000,MEX,Mexico,78,98,19,67,0.3469,25.65,172.22,63.72,21.39,0,1,2,3,6,10,1,1,1,1
2004,MEX,Mexico,109,137,20,68,0.4891,25.75,170.67,64.96,22.12,0,0,3,1,4,7,1,0,6,10
2008,MEX,Mexico,83,103,23,73,0.4951,25.67,170.06,65.33,22.39,0,2,0,1,3,7,1,0,4,7
2012,MEX,Mexico,99,119,23,75,0.3782,25.15,171.46,66.73,22.57,0,1,3,3,7,12,1,1,3,7
2016,MEX,Mexico,123,139,27,80,0.4029,25.37,172.96,67.47,22.34,0,0,3,2,5,8,1,1,7,12
1964,MGL,Mongolia,21,40,5,29,0.325,20.82,165.42,63.48,22.99,0,0,0,0,0,0,0,0,0,0
1968,MGL,Mongolia,16,38,4,26,0.4211,22.45,162.11,60.5,22.72,0,0,1,3,4,5,1,0,0,0
1972,MGL,Mongolia,39,44,7,39,0.0455,26.52,168.27,67.09,23.56,0,0,1,0,1,2,1,0,4,5
1976,MGL,Mongolia,32,33,5,29,0.0606,26.24,171.45,68.06,22.88,0,0,1,0,1,2,1,0,1,2
1980,MGL,Mongolia,43,57,8,41,0.2105,23.54,167.79,63.79,22.23,0,0,2,2,4,6,1,0,1,2
1988,MGL,Mongolia,28,32,5,28,0.2188,24.25,171.19,67.31,22.79,0,0,0,1,1,1,1,0,4,6
1992,MGL,Mongolia,33,38,8,31,0.2105,25.03,174.08,70.29,23.04,0,0,0,2,2,2,1,0,1,1
1996,MGL,Mongolia,16,18,7,16,0.3333,24.89,170.39,68.22,23.15,0,0,0,1,1,1,1,0,2,2
2000,MGL,Mongolia,20,23,6,21,0.4783,25.96,170.78,71.02,23.98,0,0,0,0,0,0,0,0,1,1
2004,MGL,Mongolia,20,21,7,21,0.381,24.52,171.1,69.38,23.33,0,0,0,1,1,1,1,0,0,0
2008,MGL,Mongolia,28,31,7,29,0.5484,26.16,169.87,66.89,22.95,0,2,2,0,4,10,1,0,1,1
2012,MGL,Mongolia,29,32,7,32,0.4375,26.09,170.22,66.41,22.72,0,0,2,3,5,7,1,1,4,10
2016,MGL,Mongolia,43,46,9,41,0.4348,26.72,169.07,68.67,23.79,0,0,1,1,2,3,1,0,5,7
2008,MHL,Marshall Islands,5,5,3,5,0.4,21.6,168.6,66.8,23.65,0,0,0,0,0,0,0,0,0,0
2012,MHL,Marshall Islands,4,4,2,4,0.5,20.5,173.75,74.75,24.51,0,0,0,0,0,0,0,0,0,0
2016,MHL,Marshall Islands,5,5,3,5,0.6,18.8,166.6,70.4,25.24,0,0,0,0,0,0,0,0,0,0
1996,MKD,Macedonia,11,16,4,16,0.375,20.81,174.38,68.56,22.46,0,0,0,0,0,0,0,0,0,0
2000,MKD,Macedonia,10,15,5,15,0.5333,20.93,175.2,66.33,21.53,0,0,0,1,1,1,1,0,0,0
2004,MKD,Macedonia,10,14,5,14,0.4286,24.36,176.64,68.57,21.92,0,0,0,0,0,0,0,0,1,1
2008,MKD,Macedonia,7,7,5,7,0.2857,23.86,173.71,70.57,23.35,0,0,0,0,0,0,0,0,0,0
2012,MKD,Macedonia,4,4,2,4,0.5,19.5,177.5,68.0,21.55,0,0,0,0,0,0,0,0,0,0
2016,MKD,Macedonia,6,6,4,6,0.6667,22.17,170.33,62.33,21.51,0,0,0,0,0,0,0,0,0,0
1964,MLI,Mali,2,2,1,2,0.0,23.0,180.0,75.0,23.13,0,0,0,0,0,0,0,0,0,0
1968,MLI,Mali,2,2,2,2,0.0,26.0,182.0,87.5,26.32,0,0,0,0,0,0,0,0,0,0
1972,MLI,Mali,3,3,2,3,0.0,29.67,183.0,83.67,24.91,0,0,0,0,0,0,0,0,0,0
1980,MLI,Mali,7,7,3,7,0.1429,25.0,176.86,68.0,21.59,0,0,0,0,0,0,0,0,0,0
1984,MLI,Mali,4,5,3,5,0.0,24.8,181.0,73.0,22.28,0,0,0,0,0,0,0,0,0,0
1988,MLI,Mali,6,8,3,8,0.25,21.88,177.25,71.75,22.72,0,0,0,0,0,0,0,0,0,0
1992,MLI,Mali,5,6,2,6,0.3333,24.17,177.67,73.33,23.09,0,0,0,0,0,0,0,0,0,0
1996,MLI,Mali,3,4,1,4,0.5,26.5,181.0,76.5,23.2,0,0,0,0,0,0,0,0,0,0
2000,MLI,Mali,5,5,3,5,0.4,19.8,176.2,69.6,22.35,0,0,0,0,0,0,0,0,0,0
2004,MLI,Mali,21,21,4,6,0.0952,21.48,179.76,71.81,22.21,0,0,0,0,0,0,0,0,0,0
2008,MLI,Mali,17,17,4,6,0.8235,24.18,181.88,72.82,21.96,0,0,0,0,0,0,0,0,0,0
2012,MLI,Mali,6,6,4,6,0.3333,25.5,180.33,80.17,24.48,0,0,0,0,0,0,0,0,0,0
2016,MLI,Mali,6,6,4,6,0.3333,26.83,175.67,72.0,23.33,0,0,0,0,0,0,0,0,0,0
1960,MLT,Malta,10,13,4,6,0.0,26.54,168.92,71.08,24.93,0,0,0,0,0,0,0,0,0,0
1968,MLT,Malta,1,1,1,1,0.0,33.0,169.0,72.0,25.21,0,0,0,0,0,0,0,0,0,0
1972,MLT,Malta,5,5,2,2,0.0,25.6,168.6,66.2,23.22,0,0,0,0,0,0,0,0,0,0
1980,MLT,Malta,8,12,3,5,0.0833,25.92,170.08,60.25,20.72,0,0,0,0,0,0,0,0,0,0
1984,MLT,Malta,7,7,5,6,0.2857,26.86,171.71,69.71,23.59,0,0,0,0,0,0,0,0,0,0
1988,MLT,Malta,6,6,4,6,0.1667,23.67,167.5,63.83,22.74,0,0,0,0,0,0,0,0,0,0
1992,MLT,Malta,6,8,4,8,0.625,25.88,164.12,58.25,21.41,0,0,0,0,0,0,0,0,0,0
1996,MLT,Malta,7,10,5,10,0.5,26.1,175.2,68.6,22.08,0,0,0,0,0,0,0,0,0,0
2000,MLT,Malta,7,7,5,7,0.4286,25.71,174.43,67.71,22.06,0,0,0,0,0,0,0,0,0,0
2004,MLT,Malta,7,7,5,7,0.4286,22.57,171.57,70.29,23.73,0,0,0,0,0,0,0,0,0,0
2008,MLT,Malta,6,6,4,6,0.5,22.17,175.0,74.33,24.12,0,0,0,0,0,0,0,0,0,0
2012,MLT,Malta,5,5,3,5,0.4,24.4,174.0,72.8,23.9,0,0,0,0,0,0,0,0,0,0
2016,MLT,Malta,7,8,4,8,0.5,28.12,171.0,71.25,24.3,0,0,0,0,0,0,0,0,0,0
2008,MNE,Montenegro,19,20,6,8,0.1,27.45,187.7,91.45,25.87,0,0,0,0,0,0,0,0,0,0
2012,MNE,Montenegro,33,34,7,9,0.4412,27.5,183.03,83.82,24.78,0,0,1,0,1,2,1,0,0,0
2016,MNE,Montenegro,35,35,7,9,0.5143,27.6,182.4,83.11,24.72,0,0,0,0,0,0,0,0,1,2
1960,MON,Monaco,11,13,3,6,0.0,32.0,172.46,72.69,24.51,0,0,0,0,0,0,0,0,0,0
1964,MON,Monaco,1,1,1,1,0.0,24.0,164.0,78.0,29.0,0,0,0,0,0,0,0,0,0,0
1968,MON,Monaco,2,2,1,1,0.0,29.5,176.5,69.5,22.27,0,0,0,0,0,0,0,0,0,0
1972,MON,Monaco,5,5,2,4,0.0,40.0,177.0,75.6,24.13,0,0,0,0,0,0,0,0,0,0
1976,MON,Monaco,8,10,3,6,0.0,36.3,177.8,76.3,24.15,0,0,0,0,0,0,0,0,0,0
1984,MON,Monaco,8,8,5,7,0.0,31.88,181.62,76.62,23.19,0,0,0,0,0,0,0,0,0,0
1988,MON,Monaco,9,9,7,9,0.1111,26.33,177.11,73.89,23.43,0,0,0,0,0,0,0,0,0,0
1992,MON,Monaco,2,4,2,4,0.25,20.75,180.0,73.0,22.42,0,0,0,0,0,0,0,0,0,0
1996,MON,Monaco,3,4,3,4,0.25,24.0,178.75,73.5,22.89,0,0,0,0,0,0,0,0,0,0
2000,MON,Monaco,4,4,4,4,0.25,25.75,177.5,71.25,22.54,0,0,0,0,0,0,0,0,0,0
2004,MON,Monaco,3,3,3,3,0.3333,31.67,176.33,74.67,23.87,0,0,0,0,0,0,0,0,0,0
2008,MON,Monaco,5,5,5,5,0.2,29.0,174.8,75.4,24.45,0,0,0,0,0,0,0,0,0,0
2012,MON,Monaco,6,6,6,6,0.1667,28.83,180.33,72.83,22.3,0,0,0,0,0,0,0,0,0,0
2016,MON,Monaco,3,8,3,8,0.0,25.75,180.88,77.38,23.59,0,0,0,0,0,0,0,0,0,0
1980,MOZ,Mozambique,14,16,2,16,0.1875,23.69,178.88,70.12,21.84,0,0,0,0,0,0,0,0,0,0
1984,MOZ,Mozambique,9,14,2,11,0.1429,25.57,176.29,66.21,21.27,0,0,0,0,0,0,0,0,0,0
1988,MOZ,Mozambique,8,12,3,12,0.3333,20.67,170.33,68.17,23.49,0,0,0,0,0,0,0,0,0,0
1992,MOZ,Mozambique,6,7,2,7,0.5714,21.71,172.71,67.86,22.71,0,0,0,0,0,0,0,0,0,0
1996,MOZ,Mozambique,3,3,3,3,0.3333,23.67,175.33,69.33,22.52,0,0,0,1,1,1,1,0,0,0
2000,MOZ,Mozambique,4,4,2,4,0.5,23.5,166.75,63.75,22.95,0,1,0,0,1,3,1,0,1,1
2004,MOZ,Mozambique,4,4,2,4,0.5,21.75,174.5,66.5,21.85,0,0,0,0,0,0,0,0,1,3
2008,MOZ,Mozambique,4,4,3,4,0.5,23.5,174.75,66.75,21.79,0,0,0,0,0,0,0,0,0,0
2012,MOZ,Mozambique,6,6,4,6,0.3333,22.17,172.33,65.17,21.83,0,0,0,0,0,0,0,0,0,0
2016,MOZ,Mozambique,6,8,4,7,0.125,24.12,173.88,68.12,22.49,0,0,0,0,0,0,0,0,0,0
1984,MRI,Mauritius,4,7,1,7,0.1429,19.57,181.0,74.29,22.63,0,0,0,0,0,0,0,0,0,0
1988,MRI,Mauritius,8,11,5,9,0.1818,24.91,175.0,68.27,21.94,0,0,0,0,0,0,0,0,0,0
1992,MRI,Mauritius,13,22,4,17,0.5455,20.05,177.05,68.91,21.88,0,0,0,0,0,0,0,0,0,0
1996,MRI,Mauritius,26,36,6,23,0.25,23.86,174.28,69.12,22.75,0,0,0,0,0,0,0,0,0,0
2000,MRI,Mauritius,20,26,8,20,0.2308,23.15,171.54,68.25,23.04,0,0,0,0,0,0,0,0,0,0
2004,MRI,Mauritius,9,9,5,9,0.3333,24.22,172.44,67.56,22.69,0,0,0,0,0,0,0,0,0,0
2008,MRI,Mauritius,11,11,7,11,0.4545,26.73,175.09,67.09,21.87,0,0,0,1,1,1,1,0,0,0
2012,MRI,Mauritius,11,11,7,10,0.6364,24.09,171.36,62.82,21.36,0,0,0,0,0,0,0,0,1,1
2016,MRI,Mauritius,11,11,7,11,0.5455,24.55,172.45,65.36,21.75,0,0,0,0,0,0,0,0,0,0
1984,MTN,Mauritania,2,2,1,2,0.0,24.5,180.0,87.0,26.86,0,0,0,0,0,0,0,0,0,0
1988,MTN,Mauritania,6,7,2,7,0.0,26.0,175.29,78.71,25.6,0,0,0,0,0,0,0,0,0,0
1992,MTN,Mauritania,6,6,1,6,0.0,25.83,178.67,69.83,21.91,0,0,0,0,0,0,0,0,0,0
1996,MTN,Mauritania,4,4,1,4,0.0,28.5,172.25,66.25,22.29,0,0,0,0,0,0,0,0,0,0
2000,MTN,Mauritania,2,2,1,2,0.5,17.0,164.0,66.0,24.56,0,0,0,0,0,0,0,0,0,0
2004,MTN,Mauritania,2,2,1,2,0.5,23.5,177.0,59.5,18.95,0,0,0,0,0,0,0,0,0,0
2008,MTN,Mauritania,2,2,1,2,0.5,20.5,169.5,60.0,20.85,0,0,0,0,0,0,0,0,0,0
2012,MTN,Mauritania,2,2,1,2,0.5,22.5,165.5,59.0,21.3,0,0,0,0,0,0,0,0,0,0
2016,MTN,Mauritania,2,2,1,2,0.5,27.5,170.5,63.5,21.83,0,0,0,0,0,0,0,0,0,0
1960,MYA,Myanmar,10,10,5,9,0.0,28.0,166.9,63.3,22.52,0,0,0,0,0,0,0,0,0,0
1964,MYA,Myanmar,11,12,5,11,0.0,26.0,167.67,61.67,21.95,0,0,0,0,0,0,0,0,0,0
1968,MYA,Myanmar,4,4,2,3,0.0,26.5,167.75,54.5,19.33,0,0,0,0,0,0,0,0,0,0
1972,MYA,Myanmar,18,19,4,7,0.0,23.26,168.42,58.68,20.69,0,0,0,0,0,0,0,0,0,0
1980,MYA,Myanmar,2,2,2,2,0.0,28.5,163.5,69.0,25.31,0,0,0,0,0,0,0,0,0,0
1984,MYA,Myanmar,1,1,1,1,0.0,26.0,167.0,60.0,21.51,0,0,0,0,0,0,0,0,0,0
1988,MYA,Myanmar,2,3,1,3,1.0,26.67,161.67,43.33,16.59,0,0,0,0,0,0,0,0,0,0
1992,MYA,Myanmar,4,5,2,5,0.8,27.0,163.4,50.6,18.94,0,0,0,0,0,0,0,0,0,0
1996,MYA,Myanmar,3,3,2,3,0.3333,37.67,167.67,57.0,20.01,0,0,0,0,0,0,0,0,0,0
2000,MYA,Myanmar,7,7,4,7,0.8571,23.71,160.29,53.57,20.95,0,0,0,0,0,0,0,0,0,0
2004,MYA,Myanmar,2,2,2,2,1.0,26.5,157.5,52.5,21.12,0,0,0,0,0,0,0,0,0,0
2008,MYA,Myanmar,6,7,5,7,0.2857,24.71,167.43,65.0,23.32,0,0,0,0,0,0,0,0,0,0
2012,MYA,Myanmar,6,6,5,6,0.5,28.0,165.17,60.5,22.09,0,0,0,0,0,0,0,0,0,0
2016,MYA,Myanmar,7,8,5,8,0.375,27.12,170.88,62.5,21.25,0,0,0,0,0,0,0,0,0,0
1992,NAM,Namibia,6,10,3,9,0.3,21.9,177.0,67.6,21.39,0,0,2,0,2,4,1,0,0,0
1996,NAM,Namibia,8,10,4,10,0.3,26.9,175.5,67.4,21.64,0,0,2,0,2,4,1,0,2,4
2000,NAM,Namibia,11,16,6,16,0.375,26.12,170.62,62.62,21.15,0,0,0,0,0,0,0,0,2,4
2004,NAM,Namibia,8,10,5,9,0.1,32.8,173.6,70.4,23.13,0,0,0,0,0,0,0,0,0,0
2008,NAM,Namibia,10,11,4,10,0.4545,29.45,172.09,59.82,20.13,0,0,0,0,0,0,0,0,0,0
2012,NAM,Namibia,9,9,5,8,0.4444,27.44,170.44,59.33,20.3,0,0,0,0,0,0,0,0,0,0
2016,NAM,Namibia,10,11,4,9,0.5455,30.91,171.55,58.64,19.79,0,0,0,0,0,0,0,0,0,0
1968,NCA,Nicaragua,11,16,3,15,0.0,22.69,169.56,65.19,22.54,0,0,0,0,0,0,0,0,0,0
1972,NCA,Nicaragua,8,10,3,10,0.2,23.4,163.6,59.7,22.45,0,0,0,0,0,0,0,0,0,0
1976,NCA,Nicaragua,15,25,6,19,0.0,21.32,176.28,70.52,22.57,0,0,0,0,0,0,0,0,0,0
1980,NCA,Nicaragua,5,6,3,6,0.5,17.33,162.83,52.33,19.77,0,0,0,0,0,0,0,0,0,0
1984,NCA,Nicaragua,5,5,2,5,0.0,23.4,172.6,68.2,22.65,0,0,0,0,0,0,0,0,0,0
1992,NCA,Nicaragua,8,9,6,9,0.2222,25.22,172.0,63.33,21.37,0,0,0,0,0,0,0,0,0,0
1996,NCA,Nicaragua,26,28,5,9,0.0357,26.21,181.61,82.43,24.91,0,0,0,0,0,0,0,0,0,0
2000,NCA,Nicaragua,6,6,5,6,0.3333,26.17,174.33,70.17,22.93,0,0,0,0,0,0,0,0,0,0
2004,NCA,Nicaragua,5,6,3,6,0.6667,23.33,168.17,60.33,21.29,0,0,0,0,0,0,0,0,0,0
2008,NCA,Nicaragua,6,7,4,7,0.4286,26.71,170.29,71.43,24.33,0,0,0,0,0,0,0,0,0,0
2012,NCA,Nicaragua,6,6,4,6,0.5,24.67,170.67,63.0,21.59,0,0,0,0,0,0,0,0,0,0
2016,NCA,Nicaragua,5,5,4,5,0.4,21.4,170.8,60.6,20.82,0,0,0,0,0,0,0,0,0,0
1960,NED,Netherlands,110,160,13,54,0.4312,22.93,174.62,69.88,22.76,0,0,1,2,3,4,1,0,0,0
1964,NED,Netherlands,125,158,12,57,0.1962,23.47,179.96,75.15,23.11,0,2,4,4,10,18,1,1,3,4
1968,NED,Netherlands,107,140,11,52,0.3071,23.65,178.77,74.55,23.16,0,3,3,1,7,16,1,1,10,18
1972,NED,Netherlands,119,199,16,72,0.4271,22.57,177.08,70.63,22.34,0,3,1,1,5,12,1,1,7,16
1976,NED,Netherlands,108,175,11,58,0.4914,22.61,176.11,69.07,22.1,0,0,2,3,5,7,1,1,5,12
1980,NED,Netherlands,75,112,10,56,0.2589,23.07,182.92,77.48,22.99,0,0,1,2,3,4,1,0,5,7
1984,NED,Netherlands,136,185,15,74,0.4595,24.11,179.79,73.32,22.54,0,5,2,6,13,25,1,1,3,4
1988,NED,Netherlands,147,202,17,86,0.4208,25.04,180.82,74.43,22.61,0,2,2,5,9,15,1,1,13,25
1992,NED,Netherlands,201,257,20,105,0.4747,25.42,180.5,73.32,22.34,0,2,6,7,15,25,1,1,9,15
1996,NED,Netherlands,239,290,19,94,0.4414,26.3,182.0,75.6,22.71,0,4,5,10,19,32,1,1,15,25
2000,NED,Netherlands,231,285,21,95,0.3825,27.25,182.0,75.58,22.68,0,12,9,4,25,58,1,1,19,32
2004,NED,Netherlands,210,264,22,99,0.3977,26.65,181.19,75.07,22.71,0,4,9,9,22,39,1,1,25,58
2008,NED,Netherlands,237,283,20,98,0.4346,26.69,180.99,75.13,22.79,0,7,5,4,16,35,1,1,22,39
2012,NED,Netherlands,173,222,19,95,0.473,27.14,179.79,73.4,22.54,0,6,6,8,20,38,1,1,16,35
2016,NED,Netherlands,237,329,23,122,0.535,26.75,177.76,70.67,22.2,0,8,7,4,19,42,1,1,20,38
1964,NEP,Nepal,6,6,2,5,0.0,22.5,166.0,62.17,22.52,0,0,0,0,0,0,0,0,0,0
1972,NEP,Nepal,2,2,1,1,0.0,25.0,164.0,55.5,20.66,0,0,0,0,0,0,0,0,0,0
1976,NEP,Nepal,1,1,1,1,0.0,23.0,162.0,50.0,19.05,0,0,0,0,0,0,0,0,0,0
1980,NEP,Nepal,10,10,3,9,0.0,23.6,164.8,54.4,20.02,0,0,0,0,0,0,0,0,0,0
1984,NEP,Nepal,10,10,3,8,0.0,25.4,164.5,55.8,20.63,0,0,0,0,0,0,0,0,0,0
1988,NEP,Nepal,16,20,5,17,0.15,24.7,164.8,55.9,20.55,0,0,0,0,0,0,0,0,0,0
1992,NEP,Nepal,2,2,2,2,0.5,27.0,166.0,58.5,21.24,0,0,0,0,0,0,0,0,0,0
1996,NEP,Nepal,6,6,4,6,0.5,26.0,168.67,69.83,24.36,0,0,0,0,0,0,0,0,0,0
2000,NEP,Nepal,5,5,3,5,0.6,25.2,159.4,51.0,20.06,0,0,0,0,0,0,0,0,0,0
2004,NEP,Nepal,6,6,4,6,0.5,26.67,164.83,56.0,20.56,0,0,0,0,0,0,0,0,0,0
2008,NEP,Nepal,8,8,6,8,0.5,27.12,163.12,61.62,23.1,0,0,0,0,0,0,0,0,0,0
2012,NEP,Nepal,5,5,3,5,0.6,21.0,162.8,59.8,22.49,0,0,0,0,0,0,0,0,0,0
2016,NEP,Nepal,7,7,5,7,0.5714,22.29,163.57,59.29,22.08,0,0,0,0,0,0,0,0,0,0
1960,NGR,Nigeria,12,15,2,12,0.0,23.67,176.2,67.73,21.7,0,0,0,0,0,0,0,0,0,0
1964,NGR,Nigeria,18,19,2,12,0.1053,24.42,175.21,66.42,21.58,0,0,0,1,1,1,1,0,0,0
1968,NGR,Nigeria,36,46,3,18,0.1957,24.02,169.85,64.26,22.17,0,0,0,0,0,0,0,0,1,1
1972,NGR,Nigeria,25,36,2,24,0.3056,25.19,173.0,68.97,22.9,0,0,0,1,1,1,1,0,0,0
1980,NGR,Nigeria,44,56,5,22,0.1786,23.14,174.8,68.09,22.39,0,0,0,0,0,0,0,0,1,1
1984,NGR,Nigeria,32,36,4,24,0.0833,23.14,175.92,73.53,23.82,0,0,1,1,2,3,1,0,0,0
1988,NGR,Nigeria,69,86,8,44,0.1744,23.63,174.85,72.72,23.77,0,0,0,0,0,0,0,0,2,3
1992,NGR,Nigeria,55,72,8,34,0.4167,22.32,174.64,70.43,23.06,0,0,3,1,4,7,1,0,0,0
1996,NGR,Nigeria,65,84,9,38,0.3214,23.13,176.85,70.99,22.54,0,2,1,3,6,11,1,1,4,7
2000,NGR,Nigeria,83,100,8,37,0.49,23.89,173.59,69.9,23.11,0,1,2,0,3,7,1,0,6,11
2004,NGR,Nigeria,70,79,10,31,0.6329,24.33,173.71,69.45,22.88,0,0,0,2,2,2,1,0,3,7
2008,NGR,Nigeria,74,89,10,36,0.5281,23.8,171.79,71.16,24.12,0,0,1,3,4,5,1,0,2,2
2012,NGR,Nigeria,49,58,8,31,0.4828,25.09,178.43,75.29,23.5,0,0,0,0,0,0,0,0,4,5
2016,NGR,Nigeria,71,77,10,36,0.3636,25.61,177.53,76.25,24.1,0,0,0,1,1,1,1,0,0,0
1964,NIG,Niger,1,1,1,1,0.0,23.0,163.0,64.0,24.09,0,0,0,0,0,0,0,0,0,0
1968,NIG,Niger,2,2,1,2,0.0,23.0,167.5,63.5,22.69,0,0,0,0,0,0,0,0,0,0
1972,NIG,Niger,4,4,1,4,0.0,23.0,166.25,61.5,22.28,0,0,0,1,1,1,1,0,0,0
1984,NIG,Niger,4,4,2,4,0.0,23.75,173.5,63.75,21.2,0,0,0,0,0,0,0,0,1,1
1988,NIG,Niger,6,6,2,4,0.0,24.0,176.17,62.5,20.05,0,0,0,0,0,0,0,0,0,0
1992,NIG,Niger,3,3,1,3,0.0,25.0,180.0,71.0,21.91,0,0,0,0,0,0,0,0,0,0
1996,NIG,Niger,3,3,1,3,0.3333,21.33,176.33,66.67,21.38,0,0,0,0,0,0,0,0,0,0
2000,NIG,Niger,4,4,2,4,0.5,20.5,176.5,67.0,21.41,0,0,0,0,0,0,0,0,0,0
2004,NIG,Niger,4,4,3,4,0.25,21.0,175.75,69.75,22.54,0,0,0,0,0,0,0,0,0,0
2008,NIG,Niger,4,4,2,4,0.5,23.0,176.5,67.0,21.41,0,0,0,0,0,0,0,0,0,0
2012,NIG,Niger,6,6,5,6,0.3333,23.67,172.83,64.33,21.6,0,0,0,0,0,0,0,0,0,0
2016,NIG,Niger,6,6,4,6,0.3333,20.83,179.17,70.33,21.72,0,0,1,0,1,2,1,0,0,0
1960,NOR,Norway,40,50,11,39,0.02,28.28,177.44,73.76,23.39,0,1,0,0,1,3,1,0,0,0
1964,NOR,Norway,26,43,6,23,0.0698,26.26,178.65,73.05,22.83,0,0,0,0,0,0,0,0,1,3
1968,NOR,Norway,46,86,11,36,0.4535,22.55,173.31,67.98,22.41,0,1,1,0,2,5,1,0,0,0
1972,NOR,Norway,112,161,15,70,0.2609,24.17,177.29,71.23,22.41,0,2,1,1,4,9,1,0,2,5
1976,NOR,Norway,66,79,11,44,0.0759,24.1,182.71,78.78,23.57,0,1,1,0,2,5,1,0,4,9
1984,NOR,Norway,103,132,17,76,0.2045,24.51,179.5,73.01,22.53,0,0,1,2,3,4,1,0,2,5
1988,NOR,Norway,69,79,11,42,0.3671,24.99,178.97,74.24,23.02,0,2,3,0,5,12,1,1,3,4
1992,NOR,Norway,83,114,17,64,0.3684,23.63,179.1,73.39,22.72,0,2,4,1,7,15,1,1,5,12
1996,NOR,Norway,97,116,16,65,0.5345,25.48,177.42,73.38,23.14,0,2,2,3,7,13,1,1,7,15
2000,NOR,Norway,93,115,15,54,0.4696,27.23,177.53,73.47,23.15,0,4,3,3,10,21,1,1,7,13
2004,NOR,Norway,52,60,12,35,0.3,29.27,180.07,78.1,23.9,0,5,0,1,6,16,1,1,10,21
2008,NOR,Norway,84,102,15,49,0.5784,28.24,176.56,71.48,22.87,0,3,5,1,9,20,1,1,6,16
2012,NOR,Norway,61,69,15,46,0.4638,27.33,179.78,71.31,21.99,0,2,1,1,4,9,1,0,9,20
2016,NOR,Norway,62,77,13,53,0.4805,26.71,178.7,69.68,21.72,0,0,0,4,4,4,1,0,4,9
1996,NRU,Nauru,3,3,1,3,0.0,22.67,166.67,75.83,27.14,0,0,0,0,0,0,0,0,0,0
2000,NRU,Nauru,2,2,1,2,0.5,26.5,165.0,75.25,27.39,0,0,0,0,0,0,0,0,0,0
2004,NRU,Nauru,3,3,1,3,0.3333,19.67,166.67,117.67,41.74,0,0,0,0,0,0,0,0,0,0
2008,NRU,Nauru,1,1,1,1,0.0,21.0,175.0,148.0,48.33,0,0,0,0,0,0,0,0,0,0
2012,NRU,Nauru,2,2,2,2,0.0,27.0,174.5,110.5,36.22,0,0,0,0,0,0,0,0,0,0
2016,NRU,Nauru,2,2,2,2,0.0,25.0,162.5,73.0,27.23,0,0,0,0,0,0,0,0,0,0
1960,NZL,New Zealand,37,47,9,28,0.1277,24.91,177.89,73.36,23.03,0,2,0,1,3,7,1,0,0,0
1964,NZL,New Zealand,64,88,11,35,0.2614,25.47,176.27,72.75,23.25,0,3,0,2,5,11,1,1,3,7
1968,NZL,New Zealand,52,65,8,26,0.2154,24.11,177.48,76.72,24.18,0,1,0,2,3,5,1,0,5,11
1972,NZL,New Zealand,89,112,14,63,0.1518,24.71,177.82,73.8,23.21,0,1,1,1,3,6,1,0,3,5
1976,NZL,New Zealand,80,98,13,52,0.1939,24.65,177.96,73.15,23.01,0,2,1,1,4,9,1,0,3,6
1980,NZL,New Zealand,4,7,2,5,0.0,26.43,180.57,81.57,25.04,0,0,0,0,0,0,0,0,4,9
1984,NZL,New Zealand,130,162,18,76,0.2531,24.77,177.99,73.7,23.12,0,8,1,2,11,28,1,1,0,0
1988,NZL,New Zealand,83,112,16,58,0.1786,27.12,179.36,74.31,22.96,0,3,2,8,13,21,1,1,11,28
1992,NZL,New Zealand,134,175,17,87,0.2743,26.39,178.03,72.61,22.81,0,1,4,5,10,16,1,1,13,21
1996,NZL,New Zealand,95,129,15,81,0.3488,25.64,179.29,74.29,22.97,0,3,2,1,6,14,1,1,10,16
2000,NZL,New Zealand,147,177,18,95,0.4746,27.14,176.94,75.56,23.93,0,1,0,3,4,6,1,0,6,14
2004,NZL,New Zealand,148,184,18,84,0.4457,26.56,178.74,74.53,23.16,0,3,2,0,5,13,1,1,4,6
2008,NZL,New Zealand,178,201,17,78,0.4428,26.49,178.3,74.86,23.38,0,3,2,4,9,17,1,1,5,13
2012,NZL,New Zealand,178,204,16,87,0.4608,26.09,178.09,73.15,22.95,0,6,2,5,13,27,1,1,9,17
2016,NZL,New Zealand,195,232,20,100,0.4914,26.03,177.29,74.22,23.43,0,4,9,5,18,35,1,1,13,27
1984,OMA,Oman,16,22,3,14,0.0,25.0,168.0,67.14,24.21,0,0,0,0,0,0,0,0,0,0
1988,OMA,Oman,8,13,3,9,0.0,24.69,169.69,64.08,22.3,0,0,0,0,0,0,0,0,0,0
1992,OMA,Oman,5,5,2,5,0.0,26.4,171.6,63.4,21.54,0,0,0,0,0,0,0,0,0,0
1996,OMA,Oman,4,5,4,5,0.0,25.8,177.0,70.0,22.36,0,0,0,0,0,0,0,0,0,0
2000,OMA,Oman,6,8,3,5,0.0,28.25,171.75,68.5,23.18,0,0,0,0,0,0,0,0,0,0
2004,OMA,Oman,2,2,2,2,0.0,30.5,166.0,62.5,22.7,0,0,0,0,0,0,0,0,0,0
2008,OMA,Oman,4,4,3,4,0.25,26.75,169.75,66.0,22.75,0,0,0,0,0,0,0,0,0,0
2012,OMA,Oman,3,3,2,3,0.3333,23.33,168.33,65.67,23.16,0,0,0,0,0,0,0,0,0,0
2016,OMA,Oman,4,4,2,4,0.5,25.75,172.0,67.0,22.98,0,0,0,0,0,0,0,0,0,0
1960,PAK,Pakistan,44,53,7,35,0.0,27.21,174.23,71.45,23.45,0,1,0,1,2,4,1,0,0,0
1964,PAK,Pakistan,41,47,7,29,0.0,26.87,173.77,71.6,23.68,0,0,1,0,1,2,1,0,2,4
1968,PAK,Pakistan,15,15,2,3,0.0,25.47,169.27,70.0,24.56,0,1,0,0,1,3,1,0,1,2
1972,PAK,Pakistan,25,26,5,12,0.0,24.19,173.65,71.98,23.97,0,0,1,0,1,2,1,0,1,3
1976,PAK,Pakistan,24,24,5,9,0.0,25.46,173.67,67.81,22.46,0,0,0,1,1,1,1,0,1,2
1984,PAK,Pakistan,31,33,5,15,0.0,24.18,174.06,69.36,22.82,0,1,0,0,1,3,1,0,1,1
1988,PAK,Pakistan,30,33,6,15,0.0,23.09,175.09,68.39,22.32,0,0,0,1,1,1,1,0,1,3
1992,PAK,Pakistan,27,28,5,12,0.0,23.79,175.64,71.21,23.08,0,0,0,1,1,1,1,0,1,1
1996,PAK,Pakistan,24,24,5,9,0.0417,23.79,176.04,72.0,23.13,0,0,0,0,0,0,0,0,1,1
2000,PAK,Pakistan,27,27,6,11,0.037,24.37,174.89,68.63,22.38,0,0,0,0,0,0,0,0,0,0
2004,PAK,Pakistan,26,26,5,11,0.0769,25.35,173.58,67.58,22.35,0,0,0,0,0,0,0,0,0,0
2008,PAK,Pakistan,21,22,4,7,0.0909,24.0,172.14,63.36,21.35,0,0,0,0,0,0,0,0,0,0
2012,PAK,Pakistan,21,21,4,6,0.0952,25.67,174.76,69.19,22.61,0,0,0,0,0,0,0,0,0,0
2016,PAK,Pakistan,7,7,4,7,0.4286,22.86,172.86,73.14,24.37,0,0,0,0,0,0,0,0,0,0
1960,PAN,Panama,6,8,3,4,0.75,23.0,160.25,53.0,20.63,0,0,0,0,0,0,0,0,0,0
1964,PAN,Panama,10,15,5,10,0.6,23.27,163.47,59.53,22.04,0,0,0,0,0,0,0,0,0,0
1968,PAN,Panama,16,16,3,5,0.0,25.81,181.81,75.62,22.68,0,0,0,0,0,0,0,0,0,0
1972,PAN,Panama,7,8,4,8,0.0,26.25,173.88,68.5,22.43,0,0,0,0,0,0,0,0,0,0
1976,PAN,Panama,8,13,5,13,0.2308,21.0,176.15,70.46,22.61,0,0,0,0,0,0,0,0,0,0
1984,PAN,Panama,8,10,5,10,0.1,22.0,171.3,70.1,23.73,0,0,0,0,0,0,0,0,0,0
1988,PAN,Panama,6,9,3,9,0.0,23.89,170.0,66.44,22.86,0,0,0,0,0,0,0,0,0,0
1992,PAN,Panama,5,7,4,7,0.0,28.0,175.29,69.57,22.55,0,0,0,0,0,0,0,0,0,0
1996,PAN,Panama,7,9,6,9,0.2222,22.44,178.0,81.56,25.8,0,0,0,0,0,0,0,0,0,0
2000,PAN,Panama,6,7,5,7,0.4286,24.14,174.57,74.71,24.73,0,0,0,0,0,0,0,0,0,0
2004,PAN,Panama,4,5,2,5,0.4,22.4,181.2,75.8,23.07,0,0,0,0,0,0,0,0,0,0
2008,PAN,Panama,5,5,3,5,0.4,23.6,176.6,63.8,20.34,0,1,0,0,1,3,1,0,0,0
2012,PAN,Panama,8,8,5,8,0.25,22.88,175.75,67.62,21.88,0,0,0,0,0,0,0,0,1,3
2016,PAN,Panama,10,14,7,14,0.6429,27.43,165.21,63.79,23.36,0,0,0,0,0,0,0,0,0,0
1968,PAR,Paraguay,1,1,1,1,0.0,29.0,180.0,75.0,23.15,0,0,0,0,0,0,0,0,0,0
1972,PAR,Paraguay,3,3,2,3,0.0,25.67,175.33,73.0,23.89,0,0,0,0,0,0,0,0,0,0
1976,PAR,Paraguay,4,6,4,6,0.0,27.83,178.83,74.67,23.41,0,0,0,0,0,0,0,0,0,0
1984,PAR,Paraguay,14,18,4,15,0.0,27.56,174.67,71.06,23.25,0,0,0,0,0,0,0,0,0,0
1988,PAR,Paraguay,10,13,5,11,0.0,27.38,178.0,73.0,22.85,0,0,0,0,0,0,0,0,0,0
1992,PAR,Paraguay,27,31,6,12,0.0968,19.9,179.06,76.13,23.64,0,0,0,0,0,0,0,0,0,0
1996,PAR,Paraguay,7,7,5,7,0.1429,22.57,180.57,80.43,24.53,0,0,0,0,0,0,0,0,0,0
2000,PAR,Paraguay,5,5,3,5,0.6,20.0,172.6,67.0,22.11,0,0,0,0,0,0,0,0,0,0
2004,PAR,Paraguay,22,22,4,6,0.0909,23.27,179.68,75.0,23.2,0,0,1,0,1,2,1,0,0,0
2008,PAR,Paraguay,7,7,5,7,0.5714,22.29,173.86,74.86,24.6,0,0,0,0,0,0,0,0,1,2
2012,PAR,Paraguay,8,10,6,10,0.4,22.9,179.6,72.7,22.38,0,0,0,0,0,0,0,0,0,0
2016,PAR,Paraguay,11,11,7,11,0.4545,29.55,173.91,71.91,23.52,0,0,0,0,0,0,0,0,0,0
1960,PER,Peru,31,33,3,8,0.0,26.73,172.61,73.52,24.65,0,0,0,0,0,0,0,0,0,0
1964,PER,Peru,31,40,5,19,0.025,26.12,179.7,77.9,24.11,0,0,0,0,0,0,0,0,0,0
1968,PER,Peru,28,33,8,21,0.4848,24.06,171.55,67.67,22.89,0,0,0,0,0,0,0,0,0,0
1972,PER,Peru,20,31,7,25,0.129,22.23,173.19,72.42,23.92,0,0,0,0,0,0,0,0,0,0
1976,PER,Peru,13,14,2,3,1.0,21.57,170.21,62.86,21.7,0,0,0,0,0,0,0,0,0,0
1980,PER,Peru,28,38,5,26,0.5263,22.63,172.55,70.95,23.73,0,0,0,0,0,0,0,0,0,0
1984,PER,Peru,35,44,10,29,0.4318,21.7,175.32,69.59,22.6,0,0,1,0,1,2,1,0,0,0
1988,PER,Peru,21,26,7,15,0.5769,24.62,176.35,71.12,22.85,0,0,1,0,1,2,1,0,1,2
1992,PER,Peru,16,21,9,18,0.2857,24.67,175.14,71.71,23.27,0,0,1,0,1,2,1,0,1,2
1996,PER,Peru,29,33,8,22,0.5152,23.94,174.03,69.85,22.97,0,0,0,0,0,0,0,0,1,2
2000,PER,Peru,21,22,7,12,0.5909,26.5,174.95,70.41,22.97,0,0,0,0,0,0,0,0,0,0
2004,PER,Peru,12,14,10,14,0.3571,26.64,175.86,74.79,24.07,0,0,0,0,0,0,0,0,0,0
2008,PER,Peru,13,13,10,13,0.4615,24.92,175.62,79.15,25.4,0,0,0,0,0,0,0,0,0,0
2012,PER,Peru,16,16,9,14,0.4375,24.31,169.06,62.81,21.85,0,0,0,0,0,0,0,0,0,0
2016,PER,Peru,29,34,11,28,0.4412,25.71,168.53,62.09,21.63,0,0,0,0,0,0,0,0,0,0
1960,PHI,Philippines,40,49,7,27,0.102,25.49,171.43,64.59,21.9,0,0,0,0,0,0,0,0,0,0
1964,PHI,Philippines,47,70,10,45,0.2,25.77,167.0,60.51,21.58,0,0,1,0,1,2,1,0,0,0
1968,PHI,Philippines,49,89,10,53,0.1124,24.38,173.15,64.87,21.6,0,0,0,0,0,0,0,0,1,2
1972,PHI,Philippines,53,79,11,47,0.1139,24.62,172.1,67.08,22.5,0,0,0,0,0,0,0,0,0,0
1976,PHI,Philippines,14,22,6,21,0.1364,24.45,169.09,59.36,20.63,0,0,0,0,0,0,0,0,0,0
1984,PHI,Philippines,19,32,6,28,0.25,23.56,168.78,59.75,20.91,0,0,0,0,0,0,0,0,0,0
1988,PHI,Philippines,31,42,11,40,0.1667,22.07,169.38,63.12,21.93,0,0,0,1,1,1,1,0,0,0
1992,PHI,Philippines,26,38,9,29,0.1316,24.5,173.42,66.37,21.97,0,0,0,1,1,1,1,0,1,1
1996,PHI,Philippines,12,18,6,18,0.3889,25.78,171.67,62.22,20.97,0,0,1,0,1,2,1,0,1,1
2000,PHI,Philippines,20,22,9,22,0.4545,21.82,166.09,59.5,21.44,0,0,0,0,0,0,0,0,1,2
2004,PHI,Philippines,16,21,6,21,0.2381,22.33,171.33,67.33,22.87,0,0,0,0,0,0,0,0,0,0
2008,PHI,Philippines,15,17,8,17,0.3529,22.94,168.29,63.41,22.43,0,0,0,0,0,0,0,0,0,0
2012,PHI,Philippines,11,11,8,11,0.3636,25.27,167.18,67.64,24.17,0,0,0,0,0,0,0,0,0,0
2016,PHI,Philippines,13,13,8,13,0.4615,24.85,165.62,60.77,22.07,0,0,1,0,1,2,1,0,0,0
1996,PLE,Palestine,1,1,1,1,0.0,33.0,180.0,76.0,23.46,0,0,0,0,0,0,0,0,0,0
2000,PLE,Palestine,2,2,2,2,0.5,22.5,170.0,63.5,21.73,0,0,0,0,0,0,0,0,0,0
2004,PLE,Palestine,3,3,2,3,0.3333,20.33,167.67,62.0,21.99,0,0,0,0,0,0,0,0,0,0
2008,PLE,Palestine,4,4,2,4,0.5,20.75,168.5,63.5,22.28,0,0,0,0,0,0,0,0,0,0
2012,PLE,Palestine,5,5,3,5,0.4,21.6,171.2,63.0,21.37,0,0,0,0,0,0,0,0,0,0
2016,PLE,Palestine,6,6,4,6,0.3333,29.0,171.83,64.17,21.69,0,0,0,0,0,0,0,0,0,0
2000,PLW,Palau,5,5,3,5,0.6,21.2,166.6,61.2,21.94,0,0,0,0,0,0,0,0,0,0
2004,PLW,Palau,4,4,3,4,0.5,25.75,167.75,69.0,24.29,0,0,0,0,0,0,0,0,0,0
2008,PLW,Palau,5,5,3,5,0.4,23.2,165.4,69.8,24.73,0,0,0,0,0,0,0,0,0,0
2012,PLW,Palau,5,5,4,5,0.6,21.4,163.4,59.0,22.13,0,0,0,0,0,0,0,0,0,0
2016,PLW,Palau,5,6,4,6,0.5,22.5,168.0,78.5,27.44,0,0,0,0,0,0,0,0,0,0
1976,PNG,Papua New Guinea,6,9,3,8,0.0,23.33,167.44,57.11,20.26,0,0,0,0,0,0,0,0,0,0
1984,PNG,Papua New Guinea,7,12,2,12,0.4167,26.0,168.83,58.08,20.26,0,0,0,0,0,0,0,0,0,0
1988,PNG,Papua New Guinea,11,15,4,15,0.2,24.4,168.47,63.33,22.22,0,0,0,0,0,0,0,0,0,0
1992,PNG,Papua New Guinea,13,19,4,16,0.1579,24.0,169.42,63.58,22.04,0,0,0,0,0,0,0,0,0,0
1996,PNG,Papua New Guinea,11,17,3,11,0.0,23.18,171.06,64.47,22.03,0,0,0,0,0,0,0,0,0,0
2000,PNG,Papua New Guinea,5,5,3,5,0.6,18.6,168.2,64.4,22.63,0,0,0,0,0,0,0,0,0,0
2004,PNG,Papua New Guinea,4,6,3,6,0.3333,21.67,181.17,80.33,24.01,0,0,0,0,0,0,0,0,0,0
2008,PNG,Papua New Guinea,7,9,5,9,0.4444,24.56,175.89,71.33,22.49,0,0,0,0,0,0,0,0,0,0
2012,PNG,Papua New Guinea,8,8,5,8,0.5,24.62,169.0,68.12,23.53,0,0,0,0,0,0,0,0,0,0
2016,PNG,Papua New Guinea,8,8,6,8,0.25,26.25,171.5,65.0,21.88,0,0,0,0,0,0,0,0,0,0
1960,POL,Poland,185,307,17,108,0.2248,25.25,172.25,68.73,23.04,0,4,6,11,21,35,1,1,0,0
1964,POL,Poland,140,240,12,87,0.2583,25.73,172.6,69.16,23.07,0,7,6,10,23,43,1,1,21,35
1968,POL,Poland,177,296,16,112,0.2601,24.64,173.95,69.25,22.72,0,5,2,11,18,30,1,1,23,43
1972,POL,Poland,290,418,22,150,0.1866,24.41,174.55,70.3,22.91,0,7,5,9,21,40,1,1,18,30
1976,POL,Poland,207,286,18,116,0.1084,25.14,176.0,72.3,23.2,0,7,6,13,26,46,1,1,21,40
1980,POL,Poland,306,418,21,162,0.2943,24.19,175.73,70.51,22.5,0,3,14,15,32,52,1,1,26,46
1988,POL,Poland,143,192,19,105,0.25,25.49,177.18,73.83,23.31,0,2,5,9,16,25,1,1,32,52
1992,POL,Poland,201,263,21,136,0.2738,24.25,178.07,73.92,23.14,0,3,6,10,19,31,1,1,16,25
1996,POL,Poland,165,207,20,126,0.256,25.51,179.03,74.45,23.04,0,7,5,5,17,36,1,1,19,31
2000,POL,Poland,187,240,20,133,0.3292,25.44,178.31,75.66,23.61,0,6,5,3,14,31,1,1,17,36
2004,POL,Poland,194,224,21,124,0.3214,25.44,179.64,75.67,23.22,0,3,2,5,10,18,1,1,14,31
2008,POL,Poland,257,316,23,165,0.4272,26.41,179.3,74.75,23.04,0,3,6,1,10,22,1,1,10,18
2012,POL,Poland,210,256,24,148,0.4336,26.46,179.56,74.69,22.92,0,2,2,6,10,16,1,1,10,22
2016,POL,Poland,234,289,24,144,0.4325,27.07,180.54,75.5,22.88,0,2,3,6,11,18,1,1,10,16
1960,POR,Portugal,65,109,11,52,0.156,27.48,171.24,70.2,23.84,0,0,1,0,1,2,1,0,0,0
1964,POR,Portugal,20,25,7,20,0.2,29.08,168.92,70.68,24.67,0,0,0,0,0,0,0,0,1,2
1968,POR,Portugal,20,33,6,24,0.1515,26.03,168.24,66.94,23.6,0,0,0,0,0,0,0,0,0,0
1972,POR,Portugal,29,41,8,28,0.0,30.56,174.17,70.59,23.18,0,0,0,0,0,0,0,0,0,0
1976,POR,Portugal,19,36,6,27,0.0,20.92,176.56,70.17,22.44,0,0,2,0,2,4,1,0,0,0
1980,POR,Portugal,11,18,6,17,0.2778,21.44,168.83,57.94,20.19,0,0,0,0,0,0,0,0,2,4
1984,POR,Portugal,38,48,11,32,0.2292,25.56,172.54,65.83,21.93,0,1,0,2,3,5,1,0,0,0
1988,POR,Portugal,65,91,14,59,0.1648,23.25,173.4,65.97,21.76,0,1,0,0,1,3,1,0,3,5
1992,POR,Portugal,90,115,14,71,0.2522,24.98,173.75,67.43,22.18,0,0,0,0,0,0,0,0,1,3
1996,POR,Portugal,107,131,18,79,0.2977,23.7,175.08,67.85,21.93,0,1,0,1,2,4,1,0,0,0
2000,POR,Portugal,61,64,13,50,0.2031,27.64,177.53,71.7,22.62,0,0,0,2,2,2,1,0,2,4
2004,POR,Portugal,81,93,16,63,0.1935,25.6,176.46,70.4,22.46,0,0,2,1,3,5,1,0,2,2
2008,POR,Portugal,77,87,16,65,0.3333,27.83,174.11,68.29,22.3,0,1,1,0,2,5,1,0,3,5
2012,POR,Portugal,76,98,14,75,0.4286,27.84,173.01,67.36,22.33,0,0,1,0,1,2,1,0,2,5
2016,POR,Portugal,90,106,17,61,0.3208,27.88,175.79,69.41,22.25,0,0,0,1,1,1,1,0,1,2
1972,PRK,North Korea,37,83,10,23,0.1687,25.02,164.61,61.88,22.77,0,1,1,3,5,8,1,1,0,0
1976,PRK,North Korea,38,40,8,21,0.05,25.0,170.78,68.97,23.11,0,1,1,0,2,5,1,0,5,8
1980,PRK,North Korea,47,121,8,40,0.314,20.72,158.2,53.45,20.8,0,0,3,2,5,8,1,1,2,5
1992,PRK,North Korea,64,123,12,53,0.5203,21.15,165.11,58.38,21.27,0,4,0,5,9,17,1,1,5,8
1996,PRK,North Korea,24,36,9,25,0.3611,21.89,164.78,59.25,21.71,0,2,1,2,5,10,1,1,9,17
2000,PRK,North Korea,31,47,10,34,0.5532,23.32,160.68,54.46,21.03,0,0,1,3,4,5,1,0,5,10
2004,PRK,North Korea,36,71,9,34,0.7183,20.8,153.96,48.12,19.96,0,0,4,1,5,9,1,1,4,5
2008,PRK,North Korea,58,66,12,38,0.6667,23.74,161.86,57.02,21.72,0,2,1,3,6,11,1,1,5,9
2012,PRK,North Korea,52,57,11,27,0.7018,22.02,162.61,57.67,21.79,0,4,0,2,6,14,1,1,6,11
2016,PRK,North Korea,31,38,9,28,0.6579,25.34,160.63,58.34,22.4,0,2,3,2,7,14,1,1,6,14
1960,PUR,Puerto Rico,27,29,6,13,0.0345,25.07,180.0,74.76,23.05,0,0,0,0,0,0,0,0,0,0
1964,PUR,Puerto Rico,32,45,8,29,0.1778,22.87,177.69,71.78,22.63,0,0,0,0,0,0,0,0,0,0
1968,PUR,Puerto Rico,58,99,10,54,0.1818,22.9,175.45,70.0,22.6,0,0,0,0,0,0,0,0,0,0
1972,PUR,Puerto Rico,53,60,10,37,0.0,25.48,178.58,76.73,24.04,0,0,0,0,0,0,0,0,0,0
1976,PUR,Puerto Rico,80,112,12,74,0.1786,22.88,177.19,70.99,22.41,0,0,0,1,1,1,1,0,0,0
1980,PUR,Puerto Rico,3,3,1,3,0.0,19.0,169.33,57.33,19.99,0,0,0,0,0,0,0,0,1,1
1984,PUR,Puerto Rico,51,58,13,45,0.1724,24.48,172.86,67.67,22.62,0,0,1,1,2,3,1,0,0,0
1988,PUR,Puerto Rico,47,56,12,44,0.125,23.73,180.5,75.71,23.12,0,0,0,0,0,0,0,0,2,3
1992,PUR,Puerto Rico,71,101,12,57,0.0891,24.6,180.2,75.32,23.09,0,0,0,1,1,1,1,0,0,0
1996,PUR,Puerto Rico,69,91,16,60,0.3077,26.08,175.86,72.55,23.29,0,0,0,1,1,1,1,0,1,1
2000,PUR,Puerto Rico,29,38,10,31,0.1842,25.39,172.34,68.68,22.99,0,0,0,0,0,0,0,0,1,1
2004,PUR,Puerto Rico,43,52,15,38,0.25,26.44,179.83,74.96,22.85,0,0,0,0,0,0,0,0,0,0
2008,PUR,Puerto Rico,22,31,8,31,0.2258,22.84,175.68,70.87,22.83,0,0,0,0,0,0,0,0,0,0
2012,PUR,Puerto Rico,25,28,8,25,0.3214,23.29,174.43,67.64,22.06,0,0,1,1,2,3,1,0,0,0
2016,PUR,Puerto Rico,40,41,15,27,0.6829,25.66,177.29,66.15,21.01,0,1,0,0,1,3,1,0,2,3
1984,QAT,Qatar,24,26,3,8,0.0,23.77,172.27,67.81,22.84,0,0,0,0,0,0,0,0,0,0
1988,QAT,Qatar,10,13,3,10,0.0,23.46,176.77,70.38,22.57,0,0,0,0,0,0,0,0,0,0
1992,QAT,Qatar,28,30,2,11,0.0,20.7,178.4,74.03,23.2,0,0,0,1,1,1,1,0,0,0
1996,QAT,Qatar,12,13,4,10,0.0,23.15,178.77,75.31,23.45,0,0,0,0,0,0,0,0,1,1
2000,QAT,Qatar,17,19,5,14,0.0,23.26,180.05,78.71,24.21,0,0,0,1,1,1,1,0,0,0
2004,QAT,Qatar,15,15,4,14,0.0,22.13,182.33,76.37,23.09,0,0,0,0,0,0,0,0,1,1
2008,QAT,Qatar,20,20,6,14,0.0,24.15,174.45,68.9,22.36,0,0,0,0,0,0,0,0,0,0
2012,QAT,Qatar,12,14,4,13,0.3571,22.64,171.14,65.71,22.38,0,0,0,2,2,2,1,0,0,0
2016,QAT,Qatar,37,42,10,20,0.0476,26.98,184.14,82.52,24.24,0,0,1,0,1,2,1,0,2,2
1960,RHO,Rhodesia,10,12,5,11,0.0833,25.5,169.33,65.42,22.64,0,0,0,0,0,0,0,0,0,0
2016,ROT,Refugee Olympic Athletes,10,12,3,12,0.4167,23.92,169.92,63.42,21.81,0,0,0,0,0,0,0,0,0,0
1960,ROU,Romania,98,156,13,65,0.3141,24.58,168.89,67.12,23.3,0,3,1,6,10,17,1,1,0,0
1964,ROU,Romania,138,232,13,76,0.2759,25.56,171.36,68.45,23.1,0,2,4,6,12,20,1,1,10,17
1968,ROU,Romania,82,100,9,64,0.21,25.36,175.23,72.73,23.5,0,4,6,5,15,29,1,1,12,20
1972,ROU,Romania,159,258,16,102,0.2481,24.16,174.28,69.86,22.78,0,3,6,7,16,28,1,1,15,29
1976,ROU,Romania,157,255,11,92,0.3647,23.56,172.62,68.22,22.6,0,4,9,14,27,44,1,1,16,28
1980,ROU,Romania,228,339,20,135,0.351,24.32,174.06,69.08,22.51,0,6,6,13,25,43,1,1,27,44
1984,ROU,Romania,124,193,13,86,0.5026,23.09,170.73,67.52,22.65,0,19,16,17,52,106,1,1,25,43
1988,ROU,Romania,68,172,10,59,0.5174,21.94,167.81,63.2,21.98,0,7,11,6,24,49,1,1,52,106
1992,ROU,Romania,173,306,18,128,0.4477,22.31,173.5,68.15,22.35,0,4,6,8,18,32,1,1,24,49
1996,ROU,Romania,165,284,18,122,0.4331,23.0,172.72,66.99,22.14,0,4,7,8,19,34,1,1,18,32
2000,ROU,Romania,145,252,16,116,0.5079,23.6,172.88,67.14,22.07,0,11,6,9,26,54,1,1,19,34
2004,ROU,Romania,108,193,16,88,0.5078,24.76,170.3,64.32,21.8,0,8,5,6,19,40,1,1,26,54
2008,ROU,Romania,101,172,16,80,0.5116,24.31,170.23,63.99,21.77,0,4,1,3,8,17,1,1,19,40
2012,ROU,Romania,105,155,15,75,0.471,25.1,173.75,69.14,22.57,0,2,5,2,9,18,1,1,8,17
2016,ROU,Romania,95,121,15,62,0.6198,26.56,176.48,69.49,22.06,0,1,1,2,4,7,1,0,9,18
1960,RSA,South Africa,55,72,12,46,0.0833,26.14,178.17,74.94,23.49,0,0,1,2,3,4,1,0,0,0
1992,RSA,South Africa,93,141,19,87,0.3191,25.74,177.55,72.02,22.7,0,0,2,0,2,4,1,0,3,4
1996,RSA,South Africa,84,111,14,62,0.3333,24.01,177.73,70.65,22.23,0,3,1,1,5,12,1,1,2,4
2000,RSA,South Africa,127,161,17,68,0.3043,24.92,179.6,75.34,23.13,0,0,2,3,5,7,1,1,5,12
2004,RSA,South Africa,106,128,20,68,0.3828,25.43,178.44,74.7,23.2,0,1,3,2,6,11,1,1,5,7
2008,RSA,South Africa,134,179,20,89,0.4469,24.86,176.37,71.12,22.73,0,0,1,0,1,2,1,0,6,11
2012,RSA,South Africa,124,145,17,65,0.4207,25.36,177.1,71.15,22.54,0,3,2,1,6,14,1,1,1,2
2016,RSA,South Africa,135,155,15,70,0.2968,25.3,176.93,70.99,22.52,0,2,6,2,10,20,1,1,6,14
1996,RUS,Russia,390,552,25,212,0.4221,24.27,176.19,70.86,22.46,0,26,21,16,63,136,1,1,0,0
2000,RUS,Russia,435,602,30,238,0.4468,25.23,177.01,71.2,22.4,0,32,28,29,89,181,1,1,63,136
2004,RUS,Russia,446,593,29,235,0.4469,26.04,176.17,70.72,22.5,0,28,26,36,90,172,1,1,89,181
2008,RUS,Russia,454,600,29,242,0.475,25.42,176.98,71.0,22.39,0,23,21,28,72,139,1,1,90,172
2012,RUS,Russia,429,549,30,238,0.5155,25.44,177.72,70.57,22.11,0,24,26,32,82,156,1,1,72,139
2016,RUS,Russia,284,406,29,181,0.5,25.42,176.38,69.41,22.1,0,19,17,20,56,111,1,1,82,156
1984,RWA,Rwanda,3,6,1,6,0.3333,25.0,170.33,63.33,21.69,0,0,0,0,0,0,0,0,0,0
1988,RWA,Rwanda,6,8,1,7,0.5,23.25,164.0,57.75,21.39,0,0,0,0,0,0,0,0,0,0
1992,RWA,Rwanda,10,10,2,8,0.3,23.9,174.2,66.4,21.78,0,0,0,0,0,0,0,0,0,0
1996,RWA,Rwanda,4,4,1,4,0.0,22.5,177.75,63.0,19.97,0,0,0,0,0,0,0,0,0,0
2000,RWA,Rwanda,5,5,2,5,0.4,21.8,177.0,66.8,21.26,0,0,0,0,0,0,0,0,0,0
2004,RWA,Rwanda,5,5,2,5,0.4,26.0,172.8,63.0,21.0,0,0,0,0,0,0,0,0,0,0
2008,RWA,Rwanda,4,4,2,4,0.5,24.75,172.0,61.25,20.64,0,0,0,0,0,0,0,0,0,0
2012,RWA,Rwanda,7,7,4,7,0.2857,23.71,166.71,61.0,21.87,0,0,0,0,0,0,0,0,0,0
2016,RWA,Rwanda,7,7,3,7,0.4286,27.29,172.71,65.43,21.84,0,0,0,0,0,0,0,0,0,0
1984,SAM,Samoa,8,9,3,9,0.0,26.56,175.22,80.56,26.12,0,0,0,0,0,0,0,0,0,0
1988,SAM,Samoa,11,11,4,11,0.0,23.0,172.27,73.45,24.55,0,0,0,0,0,0,0,0,0,0
1992,SAM,Samoa,5,5,2,5,0.0,24.0,169.2,77.7,26.99,0,0,0,0,0,0,0,0,0,0
1996,SAM,Samoa,5,5,3,5,0.2,23.2,174.4,78.3,25.9,0,0,0,0,0,0,0,0,0,0
2000,SAM,Samoa,5,5,5,5,0.2,24.0,172.0,69.9,23.62,0,0,0,0,0,0,0,0,0,0
2004,SAM,Samoa,3,3,2,3,0.3333,26.67,176.0,92.0,29.76,0,0,0,0,0,0,0,0,0,0
2008,SAM,Samoa,6,7,5,7,0.2857,29.14,177.57,89.43,28.62,0,0,0,0,0,0,0,0,0,0
2012,SAM,Samoa,8,9,6,9,0.3333,28.11,179.44,87.22,27.29,0,0,0,0,0,0,0,0,0,0
2016,SAM,Samoa,8,9,5,9,0.4444,26.33,170.22,69.44,24.19,0,0,0,0,0,0,0,0,0,0
1996,SCG,Serbia and Montenegro,68,79,13,35,0.1772,25.44,186.15,82.68,23.62,0,1,1,2,4,7,1,0,0,0
2000,SCG,Serbia and Montenegro,109,125,14,50,0.208,25.46,187.1,82.08,23.23,0,1,1,1,3,6,1,0,4,7
2004,SCG,Serbia and Montenegro,85,96,14,39,0.0938,25.39,189.75,85.22,23.58,0,0,2,0,2,4,1,0,3,6
1964,SEN,Senegal,12,14,1,7,0.0,23.79,178.71,70.14,21.96,0,0,0,0,0,0,0,0,0,0
1968,SEN,Senegal,21,24,2,9,0.0,26.5,186.42,76.75,22.01,0,0,0,0,0,0,0,0,0,0
1972,SEN,Senegal,38,40,5,23,0.0,25.6,179.92,72.82,22.51,0,0,0,0,0,0,0,0,0,0
1976,SEN,Senegal,21,33,4,27,0.0909,27.09,178.7,79.33,24.71,0,0,0,0,0,0,0,0,0,0
1980,SEN,Senegal,32,39,4,22,0.1026,24.77,183.31,76.95,22.8,0,0,0,0,0,0,0,0,0,0
1984,SEN,Senegal,24,29,5,21,0.0345,26.48,179.28,75.9,23.48,0,0,0,0,0,0,0,0,0,0
1988,SEN,Senegal,23,35,4,23,0.0286,25.09,180.31,76.17,23.47,0,0,1,0,1,2,1,0,0,0
1992,SEN,Senegal,20,25,4,20,0.08,27.16,179.12,77.68,24.16,0,0,0,0,0,0,0,0,1,2
1996,SEN,Senegal,11,12,3,8,0.0,27.5,183.17,78.75,23.51,0,0,0,0,0,0,0,0,0,0
2000,SEN,Senegal,26,32,6,15,0.7188,24.72,179.31,72.09,22.3,0,0,0,0,0,0,0,0,0,0
2004,SEN,Senegal,15,21,6,17,0.619,24.24,176.71,66.67,21.23,0,0,0,0,0,0,0,0,0,0
2008,SEN,Senegal,15,17,7,16,0.4118,23.94,175.94,73.24,23.55,0,0,0,0,0,0,0,0,0,0
2012,SEN,Senegal,31,32,8,16,0.2188,24.81,180.72,74.88,22.95,0,0,0,0,0,0,0,0,0,0
2016,SEN,Senegal,22,22,8,11,0.7273,29.0,178.09,72.86,22.83,0,0,0,0,0,0,0,0,0,0
1980,SEY,Seychelles,11,21,2,15,0.1905,22.76,177.52,66.62,21.08,0,0,0,0,0,0,0,0,0,0
1984,SEY,Seychelles,9,15,2,15,0.2,23.33,171.87,62.13,21.06,0,0,0,0,0,0,0,0,0,0
1992,SEY,Seychelles,11,21,4,18,0.1429,19.24,179.67,72.48,22.4,0,0,0,0,0,0,0,0,0,0
1996,SEY,Seychelles,9,9,5,9,0.1111,24.11,178.22,73.44,23.06,0,0,0,0,0,0,0,0,0,0
2000,SEY,Seychelles,9,9,5,9,0.3333,22.11,171.78,67.67,22.83,0,0,0,0,0,0,0,0,0,0
2004,SEY,Seychelles,9,10,7,10,0.2,23.4,177.5,74.5,23.57,0,0,0,0,0,0,0,0,0,0
2008,SEY,Seychelles,9,10,6,9,0.3,25.6,172.7,76.4,25.73,0,0,0,0,0,0,0,0,0,0
2012,SEY,Seychelles,6,6,4,6,0.3333,19.17,173.83,69.17,22.63,0,0,0,0,0,0,0,0,0,0
2016,SEY,Seychelles,10,10,6,10,0.2,26.1,176.2,73.9,23.57,0,0,0,0,0,0,0,0,0,0
1960,SGP,June Climene,5,5,3,3,0.0,39.0,175.4,83.3,27.07,0,0,1,0,1,2,1,0,0,0
1968,SGP,Singapore,4,6,3,6,0.0,26.67,164.83,55.67,20.49,0,0,0,0,0,0,0,0,1,2
1972,SGP,Singapore,7,12,3,12,0.25,20.83,172.58,62.58,20.87,0,0,0,0,0,0,0,0,0,0
1976,SGP,Singapore,4,4,4,4,0.25,24.0,166.0,67.75,24.48,0,0,0,0,0,0,0,0,0,0
1984,SGP,Singapore,5,14,2,7,0.0,19.71,180.0,74.0,22.84,0,0,0,0,0,0,0,0,0,0
1988,SGP,Singapore,8,27,3,16,0.037,22.19,177.56,70.11,22.19,0,0,0,0,0,0,0,0,0,0
1992,SGP,Singapore,14,37,6,26,0.3784,21.62,174.97,67.81,22.04,0,0,0,0,0,0,0,0,0,0
1996,SGP,Singapore,14,35,6,27,0.2857,20.6,175.97,68.23,21.86,0,0,0,0,0,0,0,0,0,0
2000,SGP,Singapore,14,23,4,20,0.5652,21.17,170.13,65.91,22.69,0,0,0,0,0,0,0,0,0,0
2004,SGP,Singapore,16,22,6,16,0.6818,24.64,170.09,64.05,21.93,0,0,0,0,0,0,0,0,0,0
2008,SGP,Singapore,25,36,6,25,0.6389,22.86,171.22,63.42,21.56,0,0,1,0,1,2,1,0,0,0
2012,SGP,Singapore,23,36,9,29,0.6667,23.44,166.0,61.92,22.38,0,0,0,2,2,2,1,0,1,2
2016,SGP,Singapore,25,32,7,24,0.625,24.41,169.03,63.47,22.1,0,1,0,0,1,3,1,0,2,2
1996,SKN,Saint Kitts and Nevis,10,14,1,5,0.6429,24.0,174.14,64.79,21.22,0,0,0,0,0,0,0,0,0,0
2000,SKN,Saint Kitts and Nevis,2,4,1,4,0.5,25.0,174.0,71.0,23.4,0,0,0,0,0,0,0,0,0,0
2004,SKN,Saint Kitts and Nevis,2,2,1,2,0.5,23.5,174.0,66.0,21.63,0,0,0,0,0,0,0,0,0,0
2008,SKN,Saint Kitts and Nevis,4,6,1,5,0.6667,25.67,172.17,63.17,21.18,0,0,0,0,0,0,0,0,0,0
2012,SKN,Saint Kitts and Nevis,4,7,1,3,0.0,21.43,175.86,74.57,23.97,0,0,0,0,0,0,0,0,0,0
2016,SKN,Saint Kitts and Nevis,6,9,1,4,0.1111,29.11,178.33,75.89,23.82,0,0,0,0,0,0,0,0,0,0
1968,SLE,Sierra Leone,3,4,2,4,0.0,27.25,176.5,72.5,23.23,0,0,0,0,0,0,0,0,0,0
1980,SLE,Sierra Leone,14,32,2,16,0.2188,22.59,180.53,60.84,18.67,0,0,0,0,0,0,0,0,0,0
1984,SLE,Sierra Leone,7,10,2,6,0.1,21.9,179.0,70.6,22.04,0,0,0,0,0,0,0,0,0,0
1988,SLE,Sierra Leone,12,20,4,14,0.05,23.0,176.4,72.55,23.33,0,0,0,0,0,0,0,0,0,0
1992,SLE,Sierra Leone,11,15,1,12,0.3333,20.4,177.0,71.2,22.6,0,0,0,0,0,0,0,0,0,0
1996,SLE,Sierra Leone,14,19,3,10,0.3684,23.26,177.0,73.58,23.32,0,0,0,0,0,0,0,0,0,0
2000,SLE,Sierra Leone,3,3,2,3,0.3333,22.33,173.0,68.33,22.84,0,0,0,0,0,0,0,0,0,0
2004,SLE,Sierra Leone,2,2,1,2,0.5,18.5,157.0,65.5,26.25,0,0,0,0,0,0,0,0,0,0
2008,SLE,Sierra Leone,3,3,2,3,0.3333,21.0,160.33,55.0,21.18,0,0,0,0,0,0,0,0,0,0
2012,SLE,Sierra Leone,2,2,1,2,0.5,25.5,180.5,73.5,22.46,0,0,0,0,0,0,0,0,0,0
2016,SLE,Sierra Leone,4,4,2,4,0.5,22.25,175.0,71.5,23.31,0,0,0,0,0,0,0,0,0,0
1992,SLO,Slovenia,35,47,12,34,0.1489,24.53,178.49,72.06,22.52,0,0,0,2,2,2,1,0,0,0
1996,SLO,Slovenia,37,47,8,34,0.2979,24.4,179.02,72.36,22.47,0,0,2,0,2,4,1,0,2,2
2000,SLO,Slovenia,74,90,13,53,0.2889,25.24,180.7,75.76,22.97,0,2,0,0,2,6,1,0,2,4
2004,SLO,Slovenia,79,102,10,66,0.3431,25.8,181.29,77.4,23.34,0,0,1,3,4,5,1,0,2,6
2008,SLO,Slovenia,61,73,11,60,0.3699,26.52,179.47,74.53,22.94,0,1,2,2,5,9,1,1,4,5
2012,SLO,Slovenia,65,78,15,68,0.6154,26.36,175.74,70.09,22.5,0,1,1,2,4,7,1,0,5,9
2016,SLO,Slovenia,63,70,12,45,0.4143,26.96,178.81,75.14,23.29,0,1,2,1,4,8,1,0,4,7
1960,SMR,San Marino,9,13,3,5,0.0,22.92,175.15,71.54,23.32,0,0,0,0,0,0,0,0,0,0
1968,SMR,San Marino,4,4,2,2,0.0,28.5,168.5,69.25,24.54,0,0,0,0,0,0,0,0,0,0
1972,SMR,San Marino,7,7,2,4,0.0,28.57,180.0,77.29,23.92,0,0,0,0,0,0,0,0,0,0
1976,SMR,San Marino,10,10,3,7,0.2,28.3,175.0,73.8,23.83,0,0,0,0,0,0,0,0,0,0
1980,SMR,San Marino,16,16,5,10,0.0,28.75,174.69,72.62,23.73,0,0,0,0,0,0,0,0,0,0
1984,SMR,San Marino,19,31,7,26,0.0968,25.9,174.87,70.03,22.71,0,0,0,0,0,0,0,0,0,0
1988,SMR,San Marino,11,15,6,12,0.0,25.8,176.67,72.93,23.36,0,0,0,0,0,0,0,0,0,0
1992,SMR,San Marino,17,20,7,15,0.05,25.35,180.0,74.65,23.04,0,0,0,0,0,0,0,0,0,0
1996,SMR,San Marino,7,7,6,7,0.1429,25.57,178.86,76.57,23.99,0,0,0,0,0,0,0,0,0,0
2000,SMR,San Marino,4,4,3,4,0.25,28.75,176.25,75.5,24.38,0,0,0,0,0,0,0,0,0,0
2004,SMR,San Marino,5,5,3,5,0.2,27.2,174.6,74.8,24.52,0,0,0,0,0,0,0,0,0,0
2008,SMR,San Marino,4,4,3,4,0.5,26.75,175.5,69.75,22.59,0,0,0,0,0,0,0,0,0,0
2012,SMR,San Marino,4,4,4,4,0.75,27.25,167.75,65.75,23.2,0,0,0,0,0,0,0,0,0,0
2016,SMR,San Marino,4,4,2,3,0.5,34.0,173.0,69.5,23.37,0,0,0,0,0,0,0,0,0,0
1984,SOL,Solomon Islands,3,3,2,3,0.0,24.67,178.33,68.83,21.77,0,0,0,0,0,0,0,0,0,0
1988,SOL,Solomon Islands,4,5,4,5,0.0,23.0,171.8,67.0,22.57,0,0,0,0,0,0,0,0,0,0
1992,SOL,Solomon Islands,1,1,1,1,0.0,28.0,170.0,70.5,24.39,0,0,0,0,0,0,0,0,0,0
1996,SOL,Solomon Islands,4,4,2,4,0.25,22.75,174.75,65.5,21.4,0,0,0,0,0,0,0,0,0,0
2000,SOL,Solomon Islands,2,2,1,2,0.5,22.0,176.0,67.5,21.77,0,0,0,0,0,0,0,0,0,0
2004,SOL,Solomon Islands,2,2,1,2,0.5,21.5,166.0,64.0,23.32,0,0,0,0,0,0,0,0,0,0
2008,SOL,Solomon Islands,3,3,2,3,0.6667,22.0,163.67,60.0,22.47,0,0,0,0,0,0,0,0,0,0
2012,SOL,Solomon Islands,4,4,3,4,0.5,28.25,170.5,61.25,21.11,0,0,0,0,0,0,0,0,0,0
2016,SOL,Solomon Islands,3,3,2,3,0.6667,24.67,171.33,62.33,21.17,0,0,0,0,0,0,0,0,0,0
1972,SOM,Somalia,3,4,1,4,0.0,24.75,176.75,65.0,20.79,0,0,0,0,0,0,0,0,0,0
1984,SOM,Somalia,7,9,1,6,0.0,21.56,178.89,65.67,20.48,0,0,0,0,0,0,0,0,0,0
1988,SOM,Somalia,5,5,1,4,0.0,23.6,176.0,62.4,20.14,0,0,0,0,0,0,0,0,0,0
1996,SOM,Somalia,4,4,1,4,0.0,28.0,177.0,70.0,22.29,0,0,0,0,0,0,0,0,0,0
2000,SOM,Somalia,2,2,1,2,0.5,23.0,173.0,65.5,21.76,0,0,0,0,0,0,0,0,0,0
2004,SOM,Somalia,2,2,1,2,0.5,17.0,170.0,56.0,19.38,0,0,0,0,0,0,0,0,0,0
2008,SOM,Somalia,2,2,1,2,0.5,17.5,170.5,62.0,21.21,0,0,0,0,0,0,0,0,0,0
2012,SOM,Somalia,2,2,1,2,0.5,19.5,174.5,64.5,21.11,0,0,0,0,0,0,0,0,0,0
2016,SOM,Somalia,2,2,1,2,0.5,19.5,174.5,64.5,21.11,0,0,0,0,0,0,0,0,0,0
2008,SRB,Serbia,87,97,11,42,0.2784,25.86,186.04,80.96,23.31,0,0,1,2,3,4,1,0,0,0
2012,SRB,Serbia,116,134,15,55,0.3134,26.64,185.55,81.13,23.44,0,1,1,2,4,7,1,0,3,4
2016,SRB,Serbia,103,127,14,56,0.4488,27.59,183.57,79.22,23.28,0,2,4,2,8,16,1,1,4,7
1960,SRI,Sri Lanka,5,5,4,5,0.0,22.4,171.8,58.4,19.77,0,0,0,0,0,0,0,0,0,0
1964,SRI,Sri Lanka,6,7,4,6,0.0,26.0,170.29,57.86,19.9,0,0,0,0,0,0,0,0,0,0
1968,SRI,Sri Lanka,3,3,3,3,0.0,31.0,171.0,61.0,20.51,0,0,0,0,0,0,0,0,0,0
1972,SRI,Sri Lanka,4,6,2,6,0.0,25.33,167.5,55.5,19.83,0,0,0,0,0,0,0,0,0,0
1980,SRI,Sri Lanka,4,4,1,1,0.0,28.0,172.5,59.5,19.99,0,0,0,0,0,0,0,0,0,0
1984,SRI,Sri Lanka,4,6,3,5,0.0,22.5,172.17,67.33,22.71,0,0,0,0,0,0,0,0,0,0
1988,SRI,Sri Lanka,6,9,3,9,0.4444,23.22,170.0,60.22,20.79,0,0,0,0,0,0,0,0,0,0
1992,SRI,Sri Lanka,11,16,5,16,0.5,23.94,168.38,59.5,20.92,0,0,0,0,0,0,0,0,0,0
1996,SRI,Sri Lanka,9,11,3,9,0.5455,26.36,167.0,60.59,21.73,0,0,0,0,0,0,0,0,0,0
2000,SRI,Sri Lanka,18,24,4,16,0.5417,26.5,170.17,60.29,20.89,0,0,1,0,1,2,1,0,0,0
2004,SRI,Sri Lanka,7,8,3,8,0.5,27.25,174.0,60.25,20.18,0,0,0,0,0,0,0,0,1,2
2008,SRI,Sri Lanka,8,9,6,9,0.4444,27.67,169.44,65.0,22.56,0,0,0,0,0,0,0,0,0,0
2012,SRI,Sri Lanka,7,8,4,8,0.375,26.5,168.38,60.88,21.47,0,0,0,0,0,0,0,0,0,0
2016,SRI,Sri Lanka,9,10,6,10,0.2,29.0,168.5,63.8,22.38,0,0,0,0,0,0,0,0,0,0
2016,SSD,South Sudan,3,3,1,3,0.3333,24.0,173.33,63.33,21.05,0,0,0,0,0,0,0,0,0,0
1996,STP,Sao Tome and Principe,2,2,1,2,0.5,18.5,170.5,59.5,20.45,0,0,0,0,0,0,0,0,0,0
2000,STP,Sao Tome and Principe,2,2,1,2,0.5,24.5,178.5,74.0,23.27,0,0,0,0,0,0,0,0,0,0
2004,STP,Sao Tome and Principe,2,2,1,2,0.5,17.0,175.0,61.0,19.96,0,0,0,0,0,0,0,0,0,0
2008,STP,Sao Tome and Principe,3,4,2,4,0.25,21.25,171.5,65.75,22.31,0,0,0,0,0,0,0,0,0,0
2012,STP,Sao Tome and Principe,2,2,1,2,0.5,23.0,173.5,64.5,21.45,0,0,0,0,0,0,0,0,0,0
2016,STP,Sao Tome and Principe,3,3,2,3,0.3333,27.33,168.0,57.33,20.38,0,0,0,0,0,0,0,0,0,0
1960,SUD,Sudan,10,13,4,10,0.0,26.85,179.15,71.77,22.36,0,0,0,0,0,0,0,0,0,0
1968,SUD,Sudan,5,7,2,7,0.0,25.43,175.14,63.71,20.78,0,0,0,0,0,0,0,0,0,0
1972,SUD,Sudan,26,31,4,15,0.0,23.39,171.77,67.26,22.83,0,0,0,0,0,0,0,0,0,0
1984,SUD,Sudan,7,9,2,9,0.0,25.33,174.56,62.33,20.49,0,0,0,0,0,0,0,0,0,0
1988,SUD,Sudan,8,8,2,8,0.0,26.0,172.12,65.62,22.05,0,0,0,0,0,0,0,0,0,0
1992,SUD,Sudan,6,7,3,7,0.0,25.86,173.29,74.71,24.92,0,0,0,0,0,0,0,0,0,0
1996,SUD,Sudan,4,4,2,4,0.0,25.0,173.25,65.25,22.03,0,0,0,0,0,0,0,0,0,0
2000,SUD,Sudan,3,3,2,3,0.3333,19.0,174.67,60.33,19.85,0,0,0,0,0,0,0,0,0,0
2004,SUD,Sudan,4,4,1,4,0.25,23.25,183.25,71.75,21.25,0,0,0,0,0,0,0,0,0,0
2008,SUD,Sudan,9,9,2,8,0.4444,22.22,171.44,60.67,20.73,0,0,1,0,1,2,1,0,0,0
2012,SUD,Sudan,6,6,2,5,0.3333,23.0,176.17,61.0,19.47,0,0,0,0,0,0,0,0,1,2
2016,SUD,Sudan,6,6,3,6,0.3333,21.33,173.67,68.0,22.34,0,0,0,0,0,0,0,0,0,0
1960,SUI,Switzerland,149,221,16,90,0.009,28.33,174.48,71.38,23.39,0,0,3,3,6,9,1,1,0,0
1964,SUI,Switzerland,66,129,13,51,0.0155,28.06,174.75,71.72,23.37,0,1,2,1,4,8,1,0,6,9
1968,SUI,Switzerland,85,155,12,68,0.0516,25.95,175.94,72.68,23.33,0,0,1,4,5,6,1,1,4,8
1972,SUI,Switzerland,151,265,17,116,0.2868,24.09,172.44,66.42,22.12,0,0,3,0,3,6,1,0,5,6
1976,SUI,Switzerland,50,101,12,41,0.0495,25.55,175.33,70.49,22.84,0,1,1,2,4,7,1,0,3,6
1980,SUI,Switzerland,73,86,10,45,0.1047,25.33,180.53,76.58,23.28,0,2,0,0,2,6,1,0,4,7
1984,SUI,Switzerland,129,245,18,91,0.2816,23.65,173.93,67.91,22.17,0,0,4,4,8,12,1,1,2,6
1988,SUI,Switzerland,99,151,17,83,0.245,27.6,176.83,70.91,22.46,0,0,2,2,4,6,1,0,8,12
1992,SUI,Switzerland,102,171,17,80,0.2515,26.33,175.58,69.26,22.32,0,1,0,0,1,3,1,0,4,6
1996,SUI,Switzerland,115,172,17,83,0.407,27.12,173.99,66.74,21.86,0,4,3,0,7,18,1,1,1,3
2000,SUI,Switzerland,102,138,19,82,0.3986,27.38,176.49,68.87,21.94,0,1,6,2,9,17,1,1,7,18
2004,SUI,Switzerland,98,138,19,83,0.4203,27.41,176.79,70.01,22.22,0,1,1,3,5,8,1,1,9,17
2008,SUI,Switzerland,83,116,20,75,0.4138,27.45,176.78,69.84,22.17,0,2,1,4,7,12,1,1,5,8
2012,SUI,Switzerland,98,126,19,71,0.2937,27.38,177.69,72.18,22.74,0,2,2,0,4,10,1,0,7,12
2016,SUI,Switzerland,102,152,17,80,0.4013,25.95,174.05,67.12,22.07,0,3,2,2,7,15,1,1,4,10
1968,SUR,Suriname,1,1,1,1,0.0,20.0,177.0,65.0,20.75,0,0,0,0,0,0,0,0,0,0
1972,SUR,Suriname,2,3,2,3,0.0,19.0,168.33,63.67,22.47,0,0,0,0,0,0,0,0,0,0
1976,SUR,Suriname,3,4,2,4,0.0,23.5,176.5,70.5,22.64,0,0,0,0,0,0,0,0,0,0
1984,SUR,Suriname,5,7,3,7,0.0,20.0,173.71,69.86,23.08,0,0,0,0,0,0,0,0,0,0
1988,SUR,Suriname,6,10,4,10,0.4,21.4,173.5,66.1,21.92,0,1,0,0,1,3,1,0,0,0
1992,SUR,Suriname,6,9,3,7,0.2222,21.67,178.44,71.11,22.23,0,0,0,1,1,1,1,0,1,3
1996,SUR,Suriname,7,11,3,11,0.4545,21.27,172.82,65.09,21.58,0,0,0,0,0,0,0,0,1,1
2000,SUR,Suriname,4,5,2,5,0.6,23.6,166.8,60.8,21.71,0,0,0,0,0,0,0,0,0,0
2004,SUR,Suriname,4,4,2,4,0.5,23.5,168.0,58.75,20.76,0,0,0,0,0,0,0,0,0,0
2008,SUR,Suriname,4,4,2,4,0.5,19.0,169.0,64.75,22.55,0,0,0,0,0,0,0,0,0,0
2012,SUR,Suriname,5,5,3,5,0.4,22.0,169.2,68.0,23.61,0,0,0,0,0,0,0,0,0,0
2016,SUR,Suriname,6,6,4,6,0.3333,24.33,178.5,71.5,22.41,0,0,0,0,0,0,0,0,0,0
1996,SVK,Slovakia,71,98,14,69,0.2755,24.68,177.23,71.03,22.44,0,1,1,1,3,6,1,0,0,0
2000,SVK,Slovakia,108,132,16,63,0.2727,24.62,179.85,75.27,23.1,0,1,3,1,5,10,1,1,3,6
2004,SVK,Slovakia,64,84,14,59,0.3095,26.17,178.26,73.52,22.96,0,2,2,2,6,12,1,1,5,10
2008,SVK,Slovakia,57,67,14,54,0.4179,27.79,178.66,72.1,22.38,0,3,2,1,6,14,1,1,6,12
2012,SVK,Slovakia,47,65,11,52,0.4615,27.42,177.52,70.5,22.24,0,0,1,3,4,5,1,0,6,14
2016,SVK,Slovakia,51,63,12,49,0.381,27.97,180.05,72.79,22.3,0,2,2,0,4,10,1,0,4,5
1960,SWE,Sweden,134,258,15,100,0.2132,26.03,175.33,68.81,22.24,0,1,2,3,6,10,1,1,0,0
1964,SWE,Sweden,94,175,13,72,0.3029,26.14,174.18,67.56,22.1,0,2,2,4,8,14,1,1,6,10
1968,SWE,Sweden,100,186,13,95,0.1935,24.37,178.61,72.02,22.42,0,2,1,1,4,9,1,0,8,14
1972,SWE,Sweden,131,186,18,90,0.2688,24.88,178.56,71.91,22.39,0,4,6,6,16,30,1,1,4,9
1976,SWE,Sweden,116,163,16,90,0.1963,24.45,180.1,75.04,23.02,0,4,1,0,5,14,1,1,16,30
1980,SWE,Sweden,145,201,18,102,0.2239,23.76,180.96,75.0,22.76,0,3,3,6,12,21,1,1,5,14
1984,SWE,Sweden,174,254,19,138,0.2717,24.24,179.83,74.19,22.77,0,2,11,6,19,34,1,1,12,21
1988,SWE,Sweden,185,251,23,113,0.2311,25.54,180.99,75.87,23.03,0,0,4,7,11,15,1,1,19,34
1992,SWE,Sweden,187,252,22,121,0.2698,26.34,180.21,75.38,23.07,0,1,7,4,12,21,1,1,11,15
1996,SWE,Sweden,177,233,22,109,0.3991,27.14,178.37,73.48,22.92,0,2,4,2,8,16,1,1,12,21
2000,SWE,Sweden,150,198,22,92,0.3788,27.2,180.04,75.92,23.3,0,4,5,3,12,25,1,1,8,16
2004,SWE,Sweden,115,157,20,79,0.4777,27.63,178.36,71.39,22.31,0,4,2,1,7,17,1,1,12,25
2008,SWE,Sweden,123,169,20,81,0.574,27.88,178.02,71.55,22.46,0,0,4,1,5,9,1,1,7,17
2012,SWE,Sweden,133,168,21,81,0.6071,28.4,178.33,72.26,22.5,0,1,4,3,8,14,1,1,5,9
2016,SWE,Sweden,150,186,22,79,0.6022,27.68,178.1,73.1,22.81,0,2,6,3,11,21,1,1,8,14
1972,SWZ,Swaziland,2,4,2,4,0.0,34.0,170.5,71.0,24.3,0,0,0,0,0,0,0,0,0,0
1984,SWZ,Swaziland,8,11,4,11,0.0,23.45,168.18,65.55,23.25,0,0,0,0,0,0,0,0,0,0
1988,SWZ,Swaziland,11,15,4,11,0.0,24.67,169.73,70.13,24.49,0,0,0,0,0,0,0,0,0,0
1992,SWZ,Swaziland,6,10,2,10,0.0,21.5,176.8,62.5,19.81,0,0,0,0,0,0,0,0,0,0
1996,SWZ,Swaziland,6,6,3,5,0.1667,26.0,173.67,64.67,21.33,0,0,0,0,0,0,0,0,0,0
2000,SWZ,Swaziland,6,6,4,6,0.3333,22.33,173.5,61.0,20.13,0,0,0,0,0,0,0,0,0,0
2004,SWZ,Swaziland,3,3,2,3,0.3333,26.67,175.0,73.33,23.9,0,0,0,0,0,0,0,0,0,0
2008,SWZ,Swaziland,4,4,2,4,0.5,20.0,174.0,64.25,21.16,0,0,0,0,0,0,0,0,0,0
2012,SWZ,Swaziland,3,3,2,3,0.3333,22.0,176.67,74.67,23.76,0,0,0,0,0,0,0,0,0,0
2016,SWZ,Swaziland,2,2,1,2,0.5,25.5,175.0,69.5,22.52,0,0,0,0,0,0,0,0,0,0
1968,SYR,Syria,2,2,1,2,0.0,25.5,172.0,74.0,25.01,0,0,0,0,0,0,0,0,0,0
1972,SYR,Syria,5,5,3,4,0.2,31.0,166.4,59.8,21.52,0,0,0,0,0,0,0,0,0,0
1980,SYR,Syria,67,71,7,55,0.0423,24.51,175.24,73.11,23.81,0,0,0,0,0,0,0,0,0,0
1984,SYR,Syria,9,9,5,9,0.0,24.89,171.44,77.33,25.82,0,0,1,0,1,2,1,0,0,0
1988,SYR,Syria,13,13,4,13,0.0,22.77,170.23,73.23,24.74,0,0,0,0,0,0,0,0,1,2
1992,SYR,Syria,8,9,4,9,0.1111,23.67,176.44,69.56,22.33,0,0,0,0,0,0,0,0,0,0
1996,SYR,Syria,7,8,5,8,0.125,23.75,172.5,67.25,22.52,0,1,0,0,1,3,1,0,0,0
2000,SYR,Syria,8,8,4,7,0.25,26.0,178.5,71.25,22.39,0,0,0,0,0,0,0,0,1,3
2004,SYR,Syria,6,6,5,6,0.1667,27.17,177.0,83.5,26.62,0,0,0,1,1,1,1,0,0,0
2008,SYR,Syria,7,7,5,7,0.1429,25.0,176.14,76.71,25.15,0,0,0,0,0,0,0,0,1,1
2012,SYR,Syria,10,10,7,10,0.4,24.5,177.9,74.1,23.6,0,0,0,0,0,0,0,0,0,0
2016,SYR,Syria,7,7,5,7,0.4286,24.14,182.43,81.0,24.18,0,0,0,0,0,0,0,0,0,0
1964,TAN,Tanzania,4,4,1,4,0.0,23.25,174.5,61.5,20.19,0,0,0,0,0,0,0,0,0,0
1968,TAN,Tanzania,4,5,2,5,0.0,22.2,172.0,65.4,22.0,0,0,0,0,0,0,0,0,0,0
1972,TAN,Tanzania,15,22,2,16,0.0,23.0,172.09,62.27,20.98,0,0,0,0,0,0,0,0,0,0
1980,TAN,Tanzania,41,48,3,22,0.1667,25.02,170.19,64.46,22.25,0,0,2,0,2,4,1,0,0,0
1984,TAN,Tanzania,18,21,2,14,0.1429,26.19,171.05,63.62,21.73,0,0,0,0,0,0,0,0,2,4
1988,TAN,Tanzania,10,10,2,9,0.0,23.5,167.3,62.1,22.09,0,0,0,0,0,0,0,0,0,0
1992,TAN,Tanzania,9,9,2,7,0.0,26.0,168.67,63.11,22.14,0,0,0,0,0,0,0,0,0,0
1996,TAN,Tanzania,7,7,2,5,0.1429,25.86,168.71,64.71,22.72,0,0,0,0,0,0,0,0,0,0
2000,TAN,Tanzania,4,4,1,2,0.25,27.0,171.25,59.0,20.08,0,0,0,0,0,0,0,0,0,0
2004,TAN,Tanzania,8,9,1,6,0.2222,24.44,166.44,54.11,19.5,0,0,0,0,0,0,0,0,0,0
2008,TAN,Tanzania,9,9,2,6,0.2222,25.44,170.22,62.89,21.51,0,0,0,0,0,0,0,0,0,0
2012,TAN,Tanzania,6,6,3,5,0.3333,26.67,166.33,58.17,20.97,0,0,0,0,0,0,0,0,0,0
2016,TAN,Tanzania,7,7,3,5,0.2857,24.43,170.29,57.86,20.18,0,0,0,0,0,0,0,0,0,0
1960,TCH,Czechoslovakia,116,202,13,75,0.2426,25.58,171.7,69.98,23.55,0,3,2,3,8,16,1,1,0,0
1964,TCH,Czechoslovakia,104,187,13,64,0.2139,24.84,172.59,70.42,23.43,0,5,6,3,14,30,1,1,8,16
1968,TCH,Czechoslovakia,121,203,14,66,0.2956,23.96,172.91,69.15,22.93,0,7,2,4,13,29,1,1,14,30
1972,TCH,Czechoslovakia,181,274,17,93,0.2591,24.49,175.57,72.63,23.31,0,2,4,2,8,16,1,1,13,29
1976,TCH,Czechoslovakia,163,251,16,79,0.2749,23.96,175.74,71.78,22.93,0,2,2,4,8,14,1,1,8,16
1980,TCH,Czechoslovakia,209,317,21,114,0.2524,23.97,174.39,69.99,22.64,0,2,3,9,14,21,1,1,8,14
1988,TCH,Czechoslovakia,163,226,17,97,0.4027,23.73,176.59,71.99,22.65,0,3,3,2,8,17,1,1,14,21
1992,TCH,Czechoslovakia,208,269,25,121,0.3346,24.04,178.93,74.48,23.07,0,4,2,1,7,17,1,1,8,17
1984,TGA,Tonga,7,7,1,7,0.0,22.57,172.0,75.86,25.64,0,0,0,0,0,0,0,0,0,0
1988,TGA,Tonga,5,7,2,7,0.2857,22.14,183.29,83.0,24.69,0,0,0,0,0,0,0,0,0,0
1992,TGA,Tonga,5,5,2,5,0.0,24.0,177.8,81.2,25.69,0,0,0,0,0,0,0,0,0,0
1996,TGA,Tonga,5,5,3,5,0.2,24.4,175.6,86.0,27.5,0,0,1,0,1,2,1,0,0,0
2000,TGA,Tonga,3,3,2,3,0.3333,27.67,173.33,79.67,26.22,0,0,0,0,0,0,0,0,1,2
2004,TGA,Tonga,5,5,4,5,0.2,27.4,177.0,83.6,26.49,0,0,0,0,0,0,0,0,0,0
2008,TGA,Tonga,3,3,2,3,0.3333,29.67,181.67,100.0,30.49,0,0,0,0,0,0,0,0,0,0
2012,TGA,Tonga,3,3,2,3,0.3333,24.67,182.0,82.67,24.99,0,0,0,0,0,0,0,0,0,0
2016,TGA,Tonga,7,7,4,7,0.4286,22.14,177.86,79.0,24.83,0,0,0,0,0,0,0,0,0,0
1960,THA,Thailand,20,24,4,16,0.0,27.67,168.25,64.5,22.76,0,0,0,0,0,0,0,0,0,0
1964,THA,Thailand,54,67,8,41,0.1493,25.16,168.06,62.69,22.14,0,0,0,0,0,0,0,0,0,0
1968,THA,Thailand,41,46,6,18,0.0,26.33,169.41,61.54,21.44,0,0,0,0,0,0,0,0,0,0
1972,THA,Thailand,33,37,7,21,0.0,29.16,167.49,61.78,21.99,0,0,0,0,0,0,0,0,0,0
1976,THA,Thailand,42,62,11,33,0.1129,26.35,169.44,60.59,21.1,0,0,0,1,1,1,1,0,0,0
1984,THA,Thailand,35,40,5,25,0.275,27.85,167.5,59.28,21.07,0,0,1,0,1,2,1,0,1,1
1988,THA,Thailand,14,15,4,12,0.1333,24.87,167.4,60.4,21.47,0,0,0,1,1,1,1,0,1,2
1992,THA,Thailand,46,64,9,47,0.5469,22.22,166.59,58.89,21.17,0,0,0,1,1,1,1,0,1,1
1996,THA,Thailand,37,58,10,42,0.3448,21.31,171.0,64.81,22.02,0,1,0,1,2,4,1,0,1,1
2000,THA,Thailand,52,68,11,51,0.3824,22.96,170.75,62.97,21.56,0,1,0,2,3,5,1,0,2,4
2004,THA,Thailand,42,51,13,46,0.4118,25.2,169.25,63.45,22.02,0,3,1,4,8,15,1,1,3,5
2008,THA,Thailand,47,53,12,43,0.566,24.62,167.08,59.51,21.26,0,2,2,0,4,10,1,0,8,15
2012,THA,Thailand,37,43,15,37,0.4884,24.93,168.12,64.41,22.7,0,0,2,1,3,5,1,0,4,10
2016,THA,Thailand,54,58,15,45,0.5172,25.97,169.5,65.91,22.77,0,2,2,2,6,12,1,1,3,5
1996,TJK,Tajikistan,8,8,5,8,0.25,21.5,176.12,73.94,23.52,0,0,0,0,0,0,0,0,0,0
2000,TJK,Tajikistan,4,4,2,4,0.5,22.25,168.5,57.25,20.15,0,0,0,0,0,0,0,0,0,0
2004,TJK,Tajikistan,9,9,5,9,0.4444,29.33,168.56,73.11,25.22,0,0,0,0,0,0,0,0,0,0
2008,TJK,Tajikistan,15,16,8,16,0.1875,27.31,173.5,76.88,25.4,0,0,1,1,2,3,1,0,0,0
2012,TJK,Tajikistan,16,16,7,16,0.1875,27.19,175.31,77.25,25.0,0,0,0,1,1,1,1,0,2,3
2016,TJK,Tajikistan,7,7,4,7,0.2857,24.86,179.14,80.14,24.41,0,1,0,0,1,3,1,0,1,1
1996,TKM,Turkmenistan,7,7,6,7,0.4286,24.29,174.0,71.57,23.37,0,0,0,0,0,0,0,0,0,0
2000,TKM,Turkmenistan,8,8,6,8,0.5,25.38,170.0,68.62,23.44,0,0,0,0,0,0,0,0,0,0
2004,TKM,Turkmenistan,9,10,6,10,0.3,24.7,175.4,71.6,23.27,0,0,0,0,0,0,0,0,0,0
2008,TKM,Turkmenistan,10,10,6,9,0.4,23.7,169.7,70.2,24.09,0,0,0,0,0,0,0,0,0,0
2012,TKM,Turkmenistan,10,10,5,10,0.3,23.0,174.3,69.6,22.8,0,0,0,0,0,0,0,0,0,0
2016,TKM,Turkmenistan,9,9,5,9,0.5556,22.44,175.0,77.33,24.66,0,0,0,0,0,0,0,0,0,0
2004,TLS,Timor Leste,2,2,1,2,0.5,27.0,161.0,57.0,21.54,0,0,0,0,0,0,0,0,0,0
2008,TLS,Timor Leste,1,1,1,1,1.0,24.0,151.0,48.0,21.05,0,0,0,0,0,0,0,0,0,0
2012,TLS,Timor Leste,2,2,1,2,0.5,24.0,159.5,53.0,20.77,0,0,0,0,0,0,0,0,0,0
2016,TLS,Timor Leste,3,3,2,3,0.6667,26.0,160.0,58.33,22.92,0,0,0,0,0,0,0,0,0,0
1972,TOG,Togo,7,7,3,5,0.0,22.57,173.0,67.0,22.47,0,0,0,0,0,0,0,0,0,0
1984,TOG,Togo,6,6,2,6,0.0,25.17,174.17,66.5,21.8,0,0,0,0,0,0,0,0,0,0
1988,TOG,Togo,6,6,2,6,0.0,23.33,173.0,64.83,21.66,0,0,0,0,0,0,0,0,0,0
1992,TOG,Togo,6,9,2,5,0.0,24.33,172.44,71.22,24.0,0,0,0,0,0,0,0,0,0,0
1996,TOG,Togo,5,7,1,4,0.0,26.29,173.57,72.57,24.16,0,0,0,0,0,0,0,0,0,0
2000,TOG,Togo,3,3,2,3,0.3333,19.33,171.0,68.33,23.04,0,0,0,0,0,0,0,0,0,0
2004,TOG,Togo,3,3,2,3,0.3333,22.67,174.0,66.33,21.89,0,0,0,0,0,0,0,0,0,0
2008,TOG,Togo,4,4,4,4,0.25,27.5,177.75,76.25,24.11,0,0,0,1,1,1,1,0,0,0
2012,TOG,Togo,6,6,5,6,0.3333,23.83,174.0,69.17,22.71,0,0,0,0,0,0,0,0,1,1
2016,TOG,Togo,5,5,3,5,0.6,18.8,174.0,66.4,21.79,0,0,0,0,0,0,0,0,0,0
1960,TPE,Chinese Taipei,27,31,6,18,0.129,25.94,170.06,63.87,22.04,0,0,1,0,1,2,1,0,0,0
1964,TPE,Chinese Taipei,40,96,7,46,0.1042,24.28,164.55,59.88,21.99,0,0,0,0,0,0,0,0,1,2
1968,TPE,Chinese Taipei,43,93,8,57,0.3333,23.86,166.45,59.7,21.46,0,0,0,1,1,1,1,0,0,0
1972,TPE,Chinese Taipei,21,44,10,41,0.3409,21.61,169.52,62.68,21.7,0,0,0,0,0,0,0,0,1,1
1984,TPE,Chinese Taipei,38,52,12,40,0.25,22.79,171.96,64.85,21.84,0,0,0,1,1,1,1,0,0,0
1988,TPE,Chinese Taipei,61,123,13,84,0.4065,22.02,168.8,62.23,21.72,0,0,0,0,0,0,0,0,1,1
1992,TPE,Chinese Taipei,31,38,7,15,0.3158,24.82,174.29,71.55,23.47,0,0,1,0,1,2,1,0,0,0
1996,TPE,Chinese Taipei,74,107,14,63,0.6168,22.18,168.56,62.15,21.8,0,0,1,0,1,2,1,0,1,2
2000,TPE,Chinese Taipei,55,75,14,59,0.56,22.35,168.71,62.49,21.85,0,0,1,4,5,6,1,1,1,2
2004,TPE,Chinese Taipei,88,104,14,52,0.4519,22.9,172.07,69.52,23.29,0,2,2,1,5,11,1,1,5,6
2008,TPE,Chinese Taipei,79,92,15,41,0.4783,24.75,171.4,70.91,23.9,0,0,0,4,4,4,1,0,5,11
2012,TPE,Chinese Taipei,44,55,14,40,0.6,24.24,169.58,67.95,23.33,0,0,1,1,2,3,1,0,4,4
2016,TPE,Chinese Taipei,55,67,18,46,0.5373,25.13,169.21,65.51,22.68,0,1,0,2,3,5,1,0,2,3
1964,TTO,Trinidad and Tobago,13,18,4,10,0.0,25.0,177.33,76.89,24.45,0,0,1,2,3,4,1,0,0,0
1968,TTO,Trinidad and Tobago,19,25,5,14,0.0,24.28,174.68,71.52,23.44,0,0,0,0,0,0,0,0,3,4
1972,TTO,Trinidad and Tobago,19,36,4,16,0.0278,22.92,177.47,72.83,23.07,0,0,0,0,0,0,0,0,0,0
1976,TTO,Trinidad and Tobago,13,20,3,10,0.0,24.45,176.7,71.15,22.77,0,1,0,0,1,3,1,0,0,0
1980,TTO,Trinidad and Tobago,9,15,1,5,0.0,27.13,177.4,74.53,23.61,0,0,0,0,0,0,0,0,1,3
1984,TTO,Trinidad and Tobago,16,23,5,14,0.3478,22.04,177.26,69.48,21.95,0,0,0,0,0,0,0,0,0,0
1988,TTO,Trinidad and Tobago,6,10,3,9,0.5,23.2,172.1,65.0,21.91,0,0,0,0,0,0,0,0,0,0
1992,TTO,Trinidad and Tobago,7,13,2,7,0.0,25.08,178.62,72.77,22.83,0,0,0,0,0,0,0,0,0,0
1996,TTO,Trinidad and Tobago,12,16,6,14,0.375,24.0,175.56,68.94,22.3,0,0,0,2,2,2,1,0,0,0
2000,TTO,Trinidad and Tobago,19,29,3,18,0.2414,23.34,178.83,73.0,22.81,0,0,1,1,2,3,1,0,2,2
2004,TTO,Trinidad and Tobago,19,26,4,18,0.3846,24.23,178.08,75.31,23.66,0,0,0,1,1,1,1,0,2,3
2008,TTO,Trinidad and Tobago,28,35,4,19,0.3714,24.69,178.29,72.6,22.72,0,1,1,0,2,5,1,0,1,1
2012,TTO,Trinidad and Tobago,25,38,6,22,0.3158,24.66,177.34,74.34,23.56,0,1,1,2,4,7,1,0,2,5
2016,TTO,Trinidad and Tobago,28,43,8,24,0.4186,26.42,174.79,69.35,22.57,0,0,0,1,1,1,1,0,4,7
1960,TUN,Tunisia,42,56,7,22,0.0,24.84,170.75,66.77,22.88,0,0,0,0,0,0,0,0,0,0
1964,TUN,Tunisia,9,12,3,9,0.0,25.17,173.08,64.67,21.57,0,0,1,1,2,3,1,0,0,0
1968,TUN,Tunisia,7,8,2,7,0.0,25.38,169.75,60.62,21.05,0,1,0,1,2,4,1,0,2,3
1972,TUN,Tunisia,35,37,5,11,0.0,23.32,180.05,74.51,22.85,0,0,1,0,1,2,1,0,2,4
1976,TUN,Tunisia,15,16,3,5,0.125,22.69,181.69,77.0,23.18,0,0,0,0,0,0,0,0,1,2
1984,TUN,Tunisia,23,28,6,17,0.1429,22.14,178.79,71.61,22.32,0,0,0,0,0,0,0,0,0,0
1988,TUN,Tunisia,41,45,6,14,0.1111,24.16,179.13,71.8,22.3,0,0,0,0,0,0,0,0,0,0
1992,TUN,Tunisia,13,15,7,13,0.2667,24.67,172.53,68.0,22.78,0,0,0,0,0,0,0,0,0,0
1996,TUN,Tunisia,51,52,9,24,0.1346,23.75,179.6,75.48,23.3,0,0,0,1,1,1,1,0,0,0
2000,TUN,Tunisia,47,47,10,34,0.1489,24.4,179.13,77.43,24.03,0,0,0,0,0,0,0,0,1,1
2004,TUN,Tunisia,54,64,14,37,0.1875,23.23,178.27,72.94,22.87,0,0,0,0,0,0,0,0,0,0
2008,TUN,Tunisia,26,29,10,28,0.4138,23.69,174.72,69.17,22.42,0,1,0,0,1,3,1,0,0,0
2012,TUN,Tunisia,83,87,17,50,0.2414,25.34,183.76,80.69,23.65,0,1,1,1,3,6,1,0,1,3
2016,TUN,Tunisia,61,65,17,47,0.3231,26.88,180.28,78.55,23.92,0,0,0,3,3,3,1,0,3,6
1960,TUR,Turkey,49,58,6,41,0.069,26.24,174.09,70.9,23.35,0,7,2,0,9,25,1,1,0,0
1964,TUR,Turkey,23,25,4,24,0.0,28.68,175.32,76.0,24.51,0,2,3,1,6,13,1,1,9,25
1968,TUR,Turkey,29,30,4,29,0.0,26.77,173.43,71.87,23.65,0,2,0,0,2,6,1,0,6,13
1972,TUR,Turkey,43,50,8,43,0.02,25.84,173.42,69.12,22.81,0,0,1,0,1,2,1,0,2,6
1976,TUR,Turkey,27,28,8,27,0.0357,25.86,169.43,66.88,23.13,0,0,0,0,0,0,0,0,1,2
1984,TUR,Turkey,46,62,10,49,0.0484,24.82,176.89,72.52,23.08,0,0,0,3,3,3,1,0,0,0
1988,TUR,Turkey,41,51,9,40,0.1569,23.59,173.27,68.82,22.82,0,1,1,0,2,5,1,0,3,3
1992,TUR,Turkey,41,54,10,43,0.1481,23.06,175.59,75.11,24.31,0,2,2,2,6,12,1,1,2,5
1996,TUR,Turkey,53,61,9,55,0.2131,24.41,173.34,72.23,23.91,0,4,1,1,6,15,1,1,6,12
2000,TUR,Turkey,57,67,10,58,0.2985,23.9,174.16,71.46,23.27,0,3,0,2,5,11,1,1,6,15
2004,TUR,Turkey,64,74,10,65,0.3649,24.28,174.05,71.19,23.13,0,3,3,5,11,20,1,1,5,11
2008,TUR,Turkey,67,71,12,67,0.2958,25.63,173.99,71.55,23.28,0,1,3,3,7,12,1,1,11,20
2012,TUR,Turkey,112,119,16,80,0.563,25.67,174.47,70.76,23.0,0,2,2,1,5,11,1,1,7,12
2016,TUR,Turkey,100,119,21,88,0.4538,25.4,175.18,69.93,22.62,0,1,3,4,8,13,1,1,5,11
2008,TUV,Tuvalu,3,3,2,3,0.3333,18.67,170.67,62.0,21.33,0,0,0,0,0,0,0,0,0,0
2012,TUV,Tuvalu,3,3,2,3,0.3333,20.33,161.67,60.67,23.88,0,0,0,0,0,0,0,0,0,0
2016,TUV,Tuvalu,1,1,1,1,0.0,24.0,184.0,72.0,21.27,0,0,0,0,0,0,0,0,0,0
1984,UAE,United Arab Emirates,7,11,1,8,0.0,25.0,173.0,65.18,21.75,0,0,0,0,0,0,0,0,0,0
1988,UAE,United Arab Emirates,12,36,2,15,0.0,20.78,171.81,63.42,21.53,0,0,0,0,0,0,0,0,0,0
1992,UAE,United Arab Emirates,13,36,3,19,0.0,22.08,174.0,65.5,21.63,0,0,0,0,0,0,0,0,0,0
1996,UAE,United Arab Emirates,4,4,4,4,0.0,23.75,179.75,76.75,23.77,0,0,0,0,0,0,0,0,0,0
2000,UAE,United Arab Emirates,4,5,3,5,0.0,27.6,175.2,72.2,23.55,0,0,0,0,0,0,0,0,0,0
2004,UAE,United Arab Emirates,4,5,3,5,0.0,29.4,176.8,70.6,22.62,0,1,0,0,1,3,1,0,0,0
2008,UAE,United Arab Emirates,8,9,7,9,0.2222,27.78,172.11,69.0,23.2,0,0,0,0,0,0,0,0,1,3
2012,UAE,United Arab Emirates,26,26,6,9,0.0769,23.62,174.85,70.54,23.1,0,0,0,0,0,0,0,0,0,0
2016,UAE,United Arab Emirates,12,12,6,11,0.25,27.83,172.33,72.83,24.35,0,0,0,1,1,1,1,0,0,0
1960,UAR,United Arab Republic,74,123,12,34,0.0,24.87,174.71,71.02,23.18,0,0,1,1,2,3,1,0,0,0
1960,UGA,Uganda,10,16,2,11,0.0,22.12,176.75,68.5,21.82,0,0,0,0,0,0,0,0,0,0
1964,UGA,Uganda,13,19,2,14,0.1579,23.21,175.11,70.26,22.87,0,0,0,0,0,0,0,0,0,0
1968,UGA,Uganda,11,14,2,14,0.0,22.57,171.57,63.14,21.33,0,0,1,1,2,3,1,0,0,0
1972,UGA,Uganda,33,35,3,19,0.0571,25.54,173.26,66.86,22.21,0,1,1,0,2,5,1,0,2,3
1980,UGA,Uganda,13,16,2,12,0.0,24.5,177.06,69.88,22.38,0,0,1,0,1,2,1,0,2,5
1984,UGA,Uganda,26,30,5,24,0.0667,24.4,171.13,66.57,22.69,0,0,0,0,0,0,0,0,1,2
1988,UGA,Uganda,24,30,3,22,0.2667,23.77,170.27,62.67,21.56,0,0,0,0,0,0,0,0,0,0
1992,UGA,Uganda,8,9,3,9,0.2222,22.89,175.0,64.11,20.8,0,0,0,0,0,0,0,0,0,0
1996,UGA,Uganda,10,12,4,9,0.4167,25.33,168.83,65.58,23.19,0,0,0,1,1,1,1,0,0,0
2000,UGA,Uganda,13,13,5,13,0.3077,24.54,164.92,57.31,21.01,0,0,0,0,0,0,0,0,1,1
2004,UGA,Uganda,11,11,4,10,0.1818,20.91,167.55,61.27,21.8,0,0,0,0,0,0,0,0,0,0
2008,UGA,Uganda,11,11,4,10,0.1818,23.55,172.91,58.91,19.74,0,0,0,0,0,0,0,0,0,0
2012,UGA,Uganda,15,16,4,12,0.25,24.06,170.94,59.56,20.45,0,1,0,0,1,3,1,0,0,0
2016,UGA,Uganda,21,23,3,14,0.3478,23.13,174.57,64.83,21.23,0,0,0,0,0,0,0,0,1,3
1996,UKR,Ukraine,231,351,21,148,0.3789,24.37,174.09,70.04,22.74,0,9,2,12,23,43,1,1,0,0
2000,UKR,Ukraine,230,368,23,185,0.413,24.51,174.11,69.18,22.46,0,3,10,10,23,39,1,1,23,43
2004,UKR,Ukraine,239,357,23,175,0.4538,24.43,174.69,68.95,22.32,0,8,5,9,22,43,1,1,23,39
2008,UKR,Ukraine,243,327,24,177,0.5076,24.87,175.43,69.9,22.43,0,7,5,15,27,46,1,1,22,43
2012,UKR,Ukraine,230,304,25,174,0.4704,25.39,175.24,69.54,22.4,0,6,5,9,20,37,1,1,27,46
2016,UKR,Ukraine,204,272,24,142,0.5331,26.46,174.91,68.91,22.33,0,2,5,4,11,20,1,1,20,37
1960,URS,Soviet Union,283,414,17,145,0.2391,25.56,173.46,71.54,23.62,0,43,29,31,103,218,1,1,0,0
1964,URS,Soviet Union,317,463,19,154,0.2441,25.95,174.74,72.8,23.66,0,30,30,33,93,183,1,1,103,218
1968,URS,Soviet Union,312,471,18,164,0.2611,24.43,175.37,72.19,23.28,0,29,32,30,91,181,1,1,93,183
1972,URS,Soviet Union,371,531,22,180,0.2524,24.92,175.62,72.52,23.28,0,50,27,22,99,226,1,1,91,181
1976,URS,Soviet Union,410,574,22,189,0.3293,24.0,175.95,72.57,23.14,0,49,41,35,125,264,1,1,99,226
1980,URS,Soviet Union,489,660,23,202,0.3288,23.73,176.53,72.63,23.01,1,80,69,46,195,424,1,1,125,264
1988,URS,Soviet Union,481,647,27,221,0.357,24.11,177.11,73.64,23.16,0,54,31,46,131,270,1,1,195,424
1960,URU,Uruguay,34,42,8,15,0.0,25.36,176.55,76.55,24.41,0,0,0,0,0,0,0,0,0,0
1964,URU,Uruguay,23,29,4,8,0.0,25.38,179.52,78.9,24.41,0,0,0,1,1,1,1,0,0,0
1968,URU,Uruguay,27,50,8,31,0.56,20.9,167.66,64.56,22.8,0,0,0,0,0,0,0,0,1,1
1972,URU,Uruguay,13,20,5,12,0.35,22.7,170.15,66.95,22.93,0,0,0,0,0,0,0,0,0,0
1976,URU,Uruguay,9,15,5,9,0.2,20.8,176.13,70.87,22.78,0,0,0,0,0,0,0,0,0,0
1984,URU,Uruguay,18,23,5,11,0.087,22.0,186.48,81.52,23.35,0,0,0,0,0,0,0,0,0,0
1988,URU,Uruguay,15,18,8,14,0.1111,24.17,178.94,76.5,23.69,0,0,0,0,0,0,0,0,0,0
1992,URU,Uruguay,16,18,11,15,0.0,27.44,179.28,75.39,23.45,0,0,0,0,0,0,0,0,0,0
1996,URU,Uruguay,14,15,8,14,0.1333,25.13,177.0,72.2,23.0,0,0,0,0,0,0,0,0,0,0
2000,URU,Uruguay,15,17,7,16,0.1765,25.82,176.41,75.29,24.09,0,0,1,0,1,2,1,0,0,0
2004,URU,Uruguay,15,18,6,16,0.1111,24.28,177.72,73.39,23.15,0,0,0,0,0,0,0,0,1,2
2008,URU,Uruguay,12,13,6,12,0.2308,25.31,178.08,73.23,22.99,0,0,0,0,0,0,0,0,0,0
2012,URU,Uruguay,27,27,8,11,0.1111,23.96,179.11,73.96,23.01,0,0,0,0,0,0,0,0,0,0
2016,URU,Uruguay,17,17,8,14,0.2941,29.24,176.76,72.12,22.95,0,0,0,0,0,0,0,0,0,0
1960,USA,United States,292,428,17,147,0.2383,23.78,177.62,71.97,22.6,0,34,21,16,71,160,1,1,0,0
1964,USA,United States,346,492,19,159,0.2764,23.54,177.23,71.83,22.64,0,36,26,28,90,188,1,1,71,160
1968,USA,United States,357,529,18,167,0.2873,23.45,177.2,72.1,22.75,0,45,28,34,107,225,1,1,90,188
1972,USA,United States,400,578,21,185,0.2682,23.63,177.63,71.73,22.52,0,33,31,30,94,191,1,1,107,225
1976,USA,United States,396,554,19,189,0.3285,23.0,177.29,71.01,22.32,0,34,35,25,94,197,1,1,94,191
1984,USA,United States,522,693,25,217,0.3694,24.6,177.19,71.64,22.57,1,82,61,30,173,398,1,1,94,197
1988,USA,United States,527,715,27,230,0.3972,25.21,177.08,71.38,22.49,0,36,31,27,94,197,1,1,173,398
1992,USA,United States,545,734,28,248,0.3815,25.66,176.91,71.82,22.65,0,37,34,37,108,216,1,1,94,197
1996,USA,United States,648,839,31,263,0.4303,26.37,176.69,71.99,22.77,1,44,32,25,101,221,1,1,108,216
2000,USA,United States,586,764,31,265,0.445,26.63,177.22,73.48,23.17,0,36,24,31,91,187,1,1,101,221
2004,USA,United States,533,726,31,254,0.4683,26.52,176.99,73.57,23.22,0,36,39,26,101,212,1,1,91,187
2008,USA,United States,588,763,32,258,0.4797,26.36,177.67,74.34,23.29,0,36,39,35,110,221,1,1,101,212
2012,USA,United States,530,689,31,245,0.4978,26.66,178.33,74.69,23.26,0,46,28,29,103,223,1,1,110,221
2016,USA,United States,555,719,33,245,0.5132,26.38,178.05,73.76,23.04,0,46,37,38,121,250,1,1,103,223
1996,UZB,Uzbekistan,71,95,12,70,0.2105,24.32,176.98,75.11,23.66,0,0,1,1,2,3,1,0,0,0
2000,UZB,Uzbekistan,70,85,12,69,0.3176,24.41,175.18,72.45,23.19,0,1,1,2,4,7,1,0,2,3
2004,UZB,Uzbekistan,69,79,14,71,0.2785,23.67,177.61,75.04,23.48,0,2,1,2,5,10,1,1,4,7
2008,UZB,Uzbekistan,56,69,14,67,0.2899,23.33,175.41,71.22,22.75,0,1,2,3,6,10,1,1,5,10
2012,UZB,Uzbekistan,53,56,14,52,0.3393,25.36,175.54,74.14,23.83,0,1,0,2,3,5,1,0,6,10
2016,UZB,Uzbekistan,70,80,15,69,0.3375,25.72,174.22,71.92,23.32,0,4,2,7,13,23,1,1,3,5
1988,VAN,Vanuatu,4,6,2,6,0.3333,22.67,167.67,61.17,21.71,0,0,0,0,0,0,0,0,0,0
1992,VAN,Vanuatu,6,8,1,8,0.375,21.62,170.88,62.0,21.21,0,0,0,0,0,0,0,0,0,0
1996,VAN,Vanuatu,4,4,1,4,0.25,25.75,166.5,60.75,21.92,0,0,0,0,0,0,0,0,0,0
2000,VAN,Vanuatu,3,3,2,3,0.3333,38.67,170.33,67.33,23.12,0,0,0,0,0,0,0,0,0,0
2004,VAN,Vanuatu,2,2,1,2,0.5,18.0,166.0,63.5,22.86,0,0,0,0,0,0,0,0,0,0
2008,VAN,Vanuatu,3,3,2,3,0.6667,21.0,167.67,65.67,23.3,0,0,0,0,0,0,0,0,0,0
2012,VAN,Vanuatu,5,5,3,5,0.4,24.6,172.0,73.0,24.17,0,0,0,0,0,0,0,0,0,0
2016,VAN,Vanuatu,4,4,4,4,0.0,23.0,175.5,68.5,22.18,0,0,0,0,0,0,0,0,0,0
1960,VEN,Venezuela,36,54,9,26,0.1667,26.43,170.57,66.85,22.94,0,0,0,1,1,1,1,0,0,0
1964,VEN,Venezuela,16,23,5,16,0.087,29.91,175.96,73.87,23.96,0,0,0,0,0,0,0,0,1,1
1968,VEN,Venezuela,23,30,5,17,0.0,28.2,175.17,70.43,22.93,0,1,0,0,1,3,1,0,0,0
1972,VEN,Venezuela,23,33,4,27,0.2424,21.85,174.64,67.85,22.21,0,0,0,0,0,0,0,0,1,3
1976,VEN,Venezuela,32,56,6,35,0.3929,19.12,173.05,65.18,21.62,0,0,1,0,1,2,1,0,0,0
1980,VEN,Venezuela,37,43,7,20,0.0,21.79,174.09,67.74,22.25,0,0,1,0,1,2,1,0,1,2
1984,VEN,Venezuela,26,44,10,29,0.0227,23.45,178.93,71.91,22.38,0,0,0,3,3,3,1,0,1,2
1988,VEN,Venezuela,17,17,7,15,0.1176,23.24,169.35,63.24,21.98,0,0,0,0,0,0,0,0,3,3
1992,VEN,Venezuela,26,27,8,16,0.1481,25.56,180.3,77.76,23.7,0,0,0,0,0,0,0,0,0,0
1996,VEN,Venezuela,39,53,12,36,0.1132,23.45,177.77,75.29,23.77,0,0,0,0,0,0,0,0,0,0
2000,VEN,Venezuela,50,65,17,49,0.3385,23.05,171.35,68.13,22.79,0,0,0,0,0,0,0,0,0,0
2004,VEN,Venezuela,48,53,15,51,0.3396,24.4,172.58,73.14,24.32,0,0,0,2,2,2,1,0,0,0
2008,VEN,Venezuela,108,126,21,83,0.4603,24.42,174.76,69.7,22.74,0,0,0,1,1,1,1,0,2,2
2012,VEN,Venezuela,68,85,15,70,0.4235,26.28,172.2,69.29,23.17,0,1,0,0,1,3,1,0,1,1
2016,VEN,Venezuela,85,105,20,77,0.2762,27.48,177.55,75.06,23.56,0,0,1,2,3,4,1,0,1,3
1980,VIE,Vietnam,30,38,4,31,0.2632,23.68,164.5,58.08,21.39,0,0,0,0,0,0,0,0,0,0
1988,VIE,Vietnam,9,12,6,12,0.1667,22.92,166.0,55.75,20.12,0,0,0,0,0,0,0,0,0,0
1992,VIE,Vietnam,7,10,3,10,0.8,23.6,164.8,52.4,19.24,0,0,0,0,0,0,0,0,0,0
1996,VIE,Vietnam,6,6,4,6,0.5,22.17,172.83,66.83,22.25,0,0,0,0,0,0,0,0,0,0
2000,VIE,Vietnam,7,7,4,7,0.5714,22.43,163.43,54.43,20.36,0,0,1,0,1,2,1,0,0,0
2004,VIE,Vietnam,11,11,8,10,0.4545,22.55,170.18,61.36,21.05,0,0,0,0,0,0,0,0,1,2
2008,VIE,Vietnam,13,18,8,18,0.5556,25.06,162.67,57.56,21.62,0,0,1,0,1,2,1,0,0,0
2012,VIE,Vietnam,18,24,11,23,0.6667,23.67,164.75,57.08,20.94,0,0,0,0,0,0,0,0,1,2
2016,VIE,Vietnam,22,28,10,24,0.5714,26.89,167.07,59.68,21.25,0,1,1,0,2,5,1,0,0,0
1988,VIN,Saint Vincent and the Grenadines,6,6,1,6,0.1667,20.5,176.17,68.67,22.12,0,0,0,0,0,0,0,0,0,0
1992,VIN,Saint Vincent and the Grenadines,6,8,1,5,0.25,22.0,178.38,68.0,21.32,0,0,0,0,0,0,0,0,0,0
1996,VIN,Saint Vincent and the Grenadines,8,12,1,6,0.0833,21.75,181.92,70.17,21.19,0,0,0,0,0,0,0,0,0,0
2000,VIN,Saint Vincent and the Grenadines,4,4,2,4,0.5,21.0,172.5,64.0,21.58,0,0,0,0,0,0,0,0,0,0
2004,VIN,Saint Vincent and the Grenadines,3,3,2,3,0.3333,21.33,167.67,62.67,22.31,0,0,0,0,0,0,0,0,0,0
2008,VIN,Saint Vincent and the Grenadines,2,2,1,2,0.5,24.0,179.0,68.0,21.21,0,0,0,0,0,0,0,0,0,0
2012,VIN,Saint Vincent and the Grenadines,3,3,2,3,0.3333,22.0,182.0,75.0,22.6,0,0,0,0,0,0,0,0,0,0
2016,VIN,Saint Vincent and the Grenadines,4,4,2,4,0.5,20.75,177.0,64.75,20.58,0,0,0,0,0,0,0,0,0,0
1960,VNM,South Vietnam,3,5,2,5,0.0,23.4,166.2,57.8,20.94,0,0,0,0,0,0,0,0,0,0
1964,VNM,South Vietnam,16,23,5,14,0.0,27.26,165.87,58.26,21.14,0,0,0,0,0,0,0,0,0,0
1968,VNM,South Vietnam,9,9,5,7,0.2222,27.56,165.67,59.67,21.66,0,0,0,0,0,0,0,0,0,0
1972,VNM,South Vietnam,2,2,1,1,0.0,37.5,169.0,65.0,22.53,0,0,0,0,0,0,0,0,0,0
1960,WIF,West Indies Federation,13,20,5,13,0.0,26.2,178.0,72.15,22.74,0,0,0,2,2,2,1,0,0,0
1984,YAR,North Yemen,2,3,1,3,0.0,27.67,163.33,57.67,21.56,0,0,0,0,0,0,0,0,0,0
1988,YAR,North Yemen,8,8,3,8,0.0,20.12,170.5,69.25,23.84,0,0,0,0,0,0,0,0,0,0
1992,YEM,Yemen,8,8,2,8,0.0,19.62,174.62,72.5,23.85,0,0,0,0,0,0,0,0,0,0
1996,YEM,Yemen,4,4,2,4,0.0,24.75,168.0,63.25,22.42,0,0,0,0,0,0,0,0,0,0
2000,YEM,Yemen,2,2,1,2,0.5,25.0,171.5,61.0,20.67,0,0,0,0,0,0,0,0,0,0
2004,YEM,Yemen,3,3,3,3,0.0,20.0,168.67,64.33,22.49,0,0,0,0,0,0,0,0,0,0
2008,YEM,Yemen,5,8,4,8,0.125,21.38,167.88,58.38,20.61,0,0,0,0,0,0,0,0,0,0
2012,YEM,Yemen,4,4,3,4,0.25,20.0,169.0,58.0,20.29,0,0,0,0,0,0,0,0,0,0
2016,YEM,Yemen,3,3,3,3,0.3333,19.33,169.67,65.67,22.76,0,0,0,0,0,0,0,0,0,0
1988,YMD,South Yemen,5,5,2,5,0.0,23.6,176.4,66.4,21.3,0,0,0,0,0,0,0,0,0,0
1960,YUG,Yugoslavia,116,185,14,64,0.1189,24.44,175.06,72.91,23.63,0,1,1,0,2,5,1,0,0,0
1964,YUG,Yugoslavia,75,123,9,32,0.0325,25.0,176.82,75.36,23.95,0,2,1,2,5,10,1,1,2,5
1968,YUG,Yugoslavia,69,130,11,54,0.1846,24.24,174.95,71.56,23.19,0,3,3,2,8,17,1,1,5,10
1972,YUG,Yugoslavia,126,212,15,73,0.2123,24.64,175.4,71.72,23.02,0,2,1,2,5,10,1,1,8,17
1976,YUG,Yugoslavia,88,95,14,52,0.0526,24.4,185.51,82.62,23.9,0,2,3,3,8,15,1,1,5,10
1980,YUG,Yugoslavia,164,180,17,69,0.1556,24.33,183.36,79.32,23.48,0,2,3,4,9,16,1,1,8,15
1984,YUG,Yugoslavia,139,154,16,53,0.2273,24.63,182.4,78.33,23.39,0,7,4,7,18,36,1,1,9,16
1988,YUG,Yugoslavia,155,183,18,72,0.2459,23.88,182.83,77.64,23.02,0,3,4,5,12,22,1,1,18,36
1964,ZAM,Zambia,12,15,5,13,0.0667,21.67,175.73,68.0,21.89,0,0,0,0,0,0,0,0,0,0
1968,ZAM,Zambia,7,7,2,5,0.0,20.14,177.29,64.86,20.52,0,0,0,0,0,0,0,0,0,0
1972,ZAM,Zambia,11,12,2,12,0.3333,21.17,168.5,58.25,20.48,0,0,0,0,0,0,0,0,0,0
1980,ZAM,Zambia,37,43,4,25,0.0,25.26,175.88,68.93,22.23,0,0,0,0,0,0,0,0,0,0
1984,ZAM,Zambia,16,18,3,18,0.0,22.72,174.11,66.11,21.81,0,0,0,1,1,1,1,0,0,0
1988,ZAM,Zambia,29,33,3,11,0.0,24.03,172.94,68.24,22.71,0,0,0,0,0,0,0,0,1,1
1992,ZAM,Zambia,9,11,3,11,0.2727,22.82,170.27,64.09,22.05,0,0,0,0,0,0,0,0,0,0
1996,ZAM,Zambia,8,8,2,8,0.125,25.75,170.25,60.25,20.67,0,0,1,0,1,2,1,0,0,0
2000,ZAM,Zambia,8,8,3,8,0.25,23.0,173.5,64.75,21.41,0,0,0,0,0,0,0,0,1,2
2004,ZAM,Zambia,6,6,3,6,0.3333,22.5,173.67,64.5,21.3,0,0,0,0,0,0,0,0,0,0
2008,ZAM,Zambia,8,8,4,8,0.25,21.88,169.12,62.75,21.84,0,0,0,0,0,0,0,0,0,0
2012,ZAM,Zambia,7,7,4,7,0.2857,22.57,175.14,71.86,23.46,0,0,0,0,0,0,0,0,0,0
2016,ZAM,Zambia,7,7,4,7,0.2857,24.14,174.71,66.86,21.87,0,0,0,0,0,0,0,0,0,0
1960,ZIM,Zimbabwe,4,10,1,6,1.0,14.8,155.0,58.5,24.34,0,0,0,0,0,0,0,0,0,0
1964,ZIM,Zimbabwe,29,33,7,15,0.1818,25.3,174.45,70.39,23.07,0,0,0,0,0,0,0,0,0,0
1980,ZIM,Zimbabwe,42,52,10,30,0.4231,26.9,171.94,70.98,23.87,0,1,0,0,1,3,1,0,0,0
1984,ZIM,Zimbabwe,15,20,5,18,0.15,29.1,173.95,67.55,22.18,0,0,0,0,0,0,0,0,1,3
1988,ZIM,Zimbabwe,29,47,10,38,0.1915,25.11,176.49,70.32,22.4,0,0,0,0,0,0,0,0,0,0
1992,ZIM,Zimbabwe,19,28,6,22,0.4286,21.21,174.54,66.21,21.65,0,0,0,0,0,0,0,0,0,0
1996,ZIM,Zimbabwe,13,21,6,15,0.1429,23.76,175.81,67.57,21.82,0,0,0,0,0,0,0,0,0,0
2000,ZIM,Zimbabwe,16,26,5,19,0.3077,24.96,178.69,70.69,21.99,0,0,0,0,0,0,0,0,0,0
2004,ZIM,Zimbabwe,12,14,4,11,0.3571,25.07,177.79,70.5,22.19,0,1,1,1,3,6,1,0,0,0
2008,ZIM,Zimbabwe,13,16,6,15,0.5,26.06,172.81,64.69,21.59,0,1,3,0,4,9,1,0,3,6
2012,ZIM,Zimbabwe,7,9,4,8,0.5556,27.33,174.44,65.22,21.29,0,0,0,0,0,0,0,0,4,9
2016,ZIM,Zimbabwe,30,31,7,13,0.7097,27.48,167.84,62.19,21.95,0,0,0,0,0,0,0,0,0,0
