date,quarter,department,day,team,targeted_productivity,smv,wip,over_time,incentive,idle_time,idle_men,no_of_style_change,no_of_workers,actual_productivity,target_met,productivity_gap,wip_tracked,wip_clean,log_wip,overtime_per_worker,incentive_per_worker,smv_per_worker,workload_intensity,smv_to_team_ratio,overtime_fatigue_penalty,has_idle_time,has_idle_men,has_style_change,idle_intensity,day_of_week,day_of_month,month,week_of_year,is_weekend_adjacent
2015-01-01,Quarter1,sewing,Thursday,8,0.8,26.16,1108.0,7080,98,0.0,0,0,59.0,0.940725424,1,0.140725424,1,1108.0,7.011213987350367,120.0,1.6610169491525424,0.4433898305084746,20.928,0.4433898305084746,0.0,0,0,0,0.0,Thursday,1,1,1,1
2015-01-01,Quarter1,finishing,Thursday,1,0.75,3.94,,960,0,0.0,0,0,8.0,0.8865,1,0.13649999999999995,0,0.0,0.0,120.0,0.0,0.4925,2.955,0.4925,0.0,0,0,0,0.0,Thursday,1,1,1,1
2015-01-01,Quarter1,sewing,Thursday,11,0.8,11.41,968.0,3660,50,0.0,0,0,30.5,0.800570492,1,0.0005704919999999225,1,968.0,6.876264611890766,120.0,1.639344262295082,0.3740983606557377,9.128,0.3740983606557377,0.0,0,0,0,0.0,Thursday,1,1,1,1
2015-01-01,Quarter1,sewing,Thursday,12,0.8,11.41,968.0,3660,50,0.0,0,0,30.5,0.800570492,1,0.0005704919999999225,1,968.0,6.876264611890766,120.0,1.639344262295082,0.3740983606557377,9.128,0.3740983606557377,0.0,0,0,0,0.0,Thursday,1,1,1,1
2015-01-01,Quarter1,sewing,Thursday,6,0.8,25.9,1170.0,1920,50,0.0,0,0,56.0,0.800381944,1,0.0003819439999999119,1,1170.0,7.065613363597717,34.285714285714285,0.8928571428571429,0.46249999999999997,20.72,0.46249999999999997,0.0,0,0,0,0.0,Thursday,1,1,1,1
2015-01-01,Quarter1,sewing,Thursday,7,0.8,25.9,984.0,6720,38,0.0,0,0,56.0,0.800125,1,0.00012499999999993072,1,984.0,6.892641641172089,120.0,0.6785714285714286,0.46249999999999997,20.72,0.46249999999999997,0.0,0,0,0,0.0,Thursday,1,1,1,1
2015-01-01,Quarter1,finishing,Thursday,2,0.75,3.94,,960,0,0.0,0,0,8.0,0.755166667,1,0.005166667000000014,0,0.0,0.0,120.0,0.0,0.4925,2.955,0.4925,0.0,0,0,0,0.0,Thursday,1,1,1,1
2015-01-01,Quarter1,sewing,Thursday,3,0.75,28.08,795.0,6900,45,0.0,0,0,57.5,0.753683478,1,0.003683478000000018,1,795.0,6.679599185844383,120.0,0.782608695652174,0.4883478260869565,21.06,0.4883478260869565,0.0,0,0,0,0.0,Thursday,1,1,1,1
2015-01-01,Quarter1,sewing,Thursday,2,0.75,19.87,733.0,6000,34,0.0,0,0,55.0,0.753097531,1,0.0030975309999999867,1,733.0,6.598509028614515,109.0909090909091,0.6181818181818182,0.3612727272727273,14.9025,0.3612727272727273,0.0,0,0,0,0.0,Thursday,1,1,1,1
2015-01-01,Quarter1,sewing,Thursday,1,0.75,28.08,681.0,6900,45,0.0,0,0,57.5,0.750427826,1,0.00042782600000002,1,681.0,6.525029657843462,120.0,0.782608695652174,0.4883478260869565,21.06,0.4883478260869565,0.0,0,0,0,0.0,Thursday,1,1,1,1
2015-01-01,Quarter1,sewing,Thursday,9,0.7,28.08,872.0,6900,44,0.0,0,0,57.5,0.721126957,1,0.021126957000000002,1,872.0,6.771935555839602,120.0,0.7652173913043478,0.4883478260869565,19.656,0.4883478260869565,0.0,0,0,0,0.0,Thursday,1,1,1,1
2015-01-01,Quarter1,sewing,Thursday,10,0.75,19.31,578.0,6480,45,0.0,0,0,54.0,0.712205247,0,-0.037794753000000014,1,578.0,6.361302477572996,120.0,0.8333333333333334,0.3575925925925926,14.482499999999998,0.3575925925925926,0.0,0,0,0,0.0,Thursday,1,1,1,1
2015-01-01,Quarter1,sewing,Thursday,5,0.8,11.41,668.0,3660,50,0.0,0,0,30.5,0.707045902,0,-0.0929540980000001,1,668.0,6.505784060128229,120.0,1.639344262295082,0.3740983606557377,9.128,0.3740983606557377,0.0,0,0,0,0.0,Thursday,1,1,1,1
2015-01-01,Quarter1,finishing,Thursday,10,0.65,3.94,,960,0,0.0,0,0,8.0,0.705916667,1,0.055916666999999975,0,0.0,0.0,120.0,0.0,0.4925,2.561,0.4925,0.0,0,0,0,0.0,Thursday,1,1,1,1
2015-01-01,Quarter1,finishing,Thursday,8,0.75,2.9,,960,0,0.0,0,0,8.0,0.676666667,0,-0.073333333,0,0.0,0.0,120.0,0.0,0.3625,2.175,0.3625,0.0,0,0,0,0.0,Thursday,1,1,1,1
2015-01-01,Quarter1,finishing,Thursday,4,0.75,3.94,,2160,0,0.0,0,0,18.0,0.593055556,0,-0.15694444399999996,0,0.0,0.0,120.0,0.0,0.21888888888888888,2.955,0.21888888888888888,0.0,0,0,0,0.0,Thursday,1,1,1,1
2015-01-01,Quarter1,finishing,Thursday,7,0.8,2.9,,960,0,0.0,0,0,8.0,0.540729167,0,-0.2592708330000001,0,0.0,0.0,120.0,0.0,0.3625,2.32,0.3625,0.0,0,0,0,0.0,Thursday,1,1,1,1
2015-01-01,Quarter1,sewing,Thursday,4,0.65,23.69,861.0,7200,0,0.0,0,0,60.0,0.52118,0,-0.12882000000000005,1,861.0,6.759255270663693,120.0,0.0,0.39483333333333337,15.398500000000002,0.39483333333333337,0.0,0,0,0,0.0,Thursday,1,1,1,1
2015-01-01,Quarter1,finishing,Thursday,11,0.7,4.15,,1440,0,0.0,0,0,12.0,0.436326389,0,-0.263673611,0,0.0,0.0,120.0,0.0,0.3458333333333334,2.9050000000000002,0.3458333333333334,0.0,0,0,0,0.0,Thursday,1,1,1,1
2015-01-03,Quarter1,finishing,Saturday,4,0.8,4.15,,6600,0,0.0,0,0,20.0,0.988024691,1,0.18802469099999997,0,0.0,0.0,330.0,0.0,0.20750000000000002,3.3200000000000003,0.20750000000000002,210.0,0,0,0,0.0,Saturday,3,1,1,1
2015-01-03,Quarter1,finishing,Saturday,11,0.75,2.9,,5640,0,0.0,0,0,17.0,0.987880435,1,0.237880435,0,0.0,0.0,331.7647058823529,0.0,0.17058823529411765,2.175,0.17058823529411765,211.76470588235293,0,0,0,0.0,Saturday,3,1,1,1
2015-01-03,Quarter1,finishing,Saturday,9,0.8,4.15,,960,0,0.0,0,0,8.0,0.956270833,1,0.156270833,0,0.0,0.0,120.0,0.0,0.51875,3.3200000000000003,0.51875,0.0,0,0,0,0.0,Saturday,3,1,1,1
2015-01-03,Quarter1,finishing,Saturday,3,0.75,3.94,,1560,0,0.0,0,0,8.0,0.945277778,1,0.195277778,0,0.0,0.0,195.0,0.0,0.4925,2.955,0.4925,75.0,0,0,0,0.0,Saturday,3,1,1,1
2015-01-03,Quarter1,finishing,Saturday,1,0.8,3.94,,960,0,0.0,0,0,8.0,0.902916667,1,0.1029166669999999,0,0.0,0.0,120.0,0.0,0.4925,3.152,0.4925,0.0,0,0,0,0.0,Saturday,3,1,1,1
2015-01-03,Quarter1,sewing,Saturday,1,0.8,28.08,772.0,6300,50,0.0,0,0,56.5,0.800725314,1,0.0007253139999999769,1,772.0,6.650279048587422,111.50442477876106,0.8849557522123894,0.4969911504424778,22.464,0.4969911504424778,0.0,0,0,0,0.0,Saturday,3,1,1,1
2015-01-03,Quarter1,sewing,Saturday,3,0.8,28.08,913.0,6540,50,0.0,0,0,54.5,0.800322936,1,0.0003229359999999959,1,913.0,6.81783057145415,120.0,0.9174311926605505,0.5152293577981651,22.464,0.5152293577981651,0.0,0,0,0,0.0,Saturday,3,1,1,1
2015-01-03,Quarter1,sewing,Saturday,8,0.8,26.16,1261.0,7080,50,0.0,0,0,59.0,0.800318644,1,0.00031864399999992354,1,1261.0,7.140453043101158,120.0,0.847457627118644,0.4433898305084746,20.928,0.4433898305084746,0.0,0,0,0,0.0,Saturday,3,1,1,1
2015-01-03,Quarter1,sewing,Saturday,12,0.8,26.16,844.0,7080,63,0.0,0,0,59.0,0.800318644,1,0.00031864399999992354,1,844.0,6.739336627357174,120.0,1.0677966101694916,0.4433898305084746,20.928,0.4433898305084746,0.0,0,0,0,0.0,Saturday,3,1,1,1
2015-01-03,Quarter1,sewing,Saturday,11,0.8,11.61,1005.0,7080,50,0.0,0,0,29.5,0.800237288,1,0.00023728800000000216,1,1005.0,6.913737350659685,240.0,1.694915254237288,0.39355932203389826,9.288,0.39355932203389826,120.0,0,0,0,0.0,Saturday,3,1,1,1
2015-01-03,Quarter1,sewing,Saturday,5,0.8,11.61,659.0,7080,50,0.0,0,0,31.5,0.800148649,1,0.0001486490000000007,1,659.0,6.492239835020471,224.76190476190476,1.5873015873015872,0.36857142857142855,9.288,0.36857142857142855,104.76190476190476,0,0,0,0.0,Saturday,3,1,1,1
2015-01-03,Quarter1,sewing,Saturday,6,0.8,25.9,1152.0,6720,50,0.0,0,0,56.0,0.800125,1,0.00012499999999993072,1,1152.0,7.050122520269059,120.0,0.8928571428571429,0.46249999999999997,20.72,0.46249999999999997,0.0,0,0,0,0.0,Saturday,3,1,1,1
2015-01-03,Quarter1,sewing,Saturday,7,0.8,25.9,1138.0,6720,38,0.0,0,0,56.0,0.800125,1,0.00012499999999993072,1,1138.0,7.037905963447182,120.0,0.6785714285714286,0.46249999999999997,20.72,0.46249999999999997,0.0,0,0,0,0.0,Saturday,3,1,1,1
2015-01-03,Quarter1,sewing,Saturday,10,0.75,19.31,610.0,6480,56,0.0,0,0,54.0,0.787299691,1,0.03729969099999997,1,610.0,6.415096959171596,120.0,1.037037037037037,0.3575925925925926,14.482499999999998,0.3575925925925926,0.0,0,0,0,0.0,Saturday,3,1,1,1
2015-01-03,Quarter1,finishing,Saturday,2,0.8,4.15,,960,0,0.0,0,0,8.0,0.782447917,0,-0.017552082999999996,0,0.0,0.0,120.0,0.0,0.51875,3.3200000000000003,0.51875,0.0,0,0,0,0.0,Saturday,3,1,1,1
2015-01-03,Quarter1,sewing,Saturday,2,0.75,19.87,944.0,6600,45,0.0,0,0,55.0,0.75024303,1,0.00024303000000003294,1,944.0,6.851184927493743,120.0,0.8181818181818182,0.3612727272727273,14.9025,0.3612727272727273,0.0,0,0,0,0.0,Saturday,3,1,1,1
2015-01-03,Quarter1,finishing,Saturday,10,0.7,4.15,,960,0,0.0,0,0,8.0,0.7018125,1,0.0018124999999999947,0,0.0,0.0,120.0,0.0,0.51875,2.9050000000000002,0.51875,0.0,0,0,0,0.0,Saturday,3,1,1,1
2015-01-03,Quarter1,sewing,Saturday,4,0.7,23.69,544.0,13800,0,0.0,0,0,60.0,0.700134038,1,0.000134038000000003,1,544.0,6.300785794663244,230.0,0.0,0.39483333333333337,16.583,0.39483333333333337,110.0,0,0,0,0.0,Saturday,3,1,1,1
2015-01-03,Quarter1,sewing,Saturday,9,0.7,28.08,1072.0,6900,40,0.0,0,0,57.5,0.699965217,0,-3.478299999992718e-05,1,1072.0,6.9782137426306985,120.0,0.6956521739130435,0.4883478260869565,19.656,0.4883478260869565,0.0,0,0,0,0.0,Saturday,3,1,1,1
2015-01-03,Quarter1,finishing,Saturday,8,0.8,2.9,,960,0,0.0,0,0,8.0,0.628333333,0,-0.171666667,0,0.0,0.0,120.0,0.0,0.3625,2.32,0.3625,0.0,0,0,0,0.0,Saturday,3,1,1,1
2015-01-03,Quarter1,finishing,Saturday,7,0.8,3.94,,960,0,0.0,0,0,8.0,0.6253125,0,-0.1746875,0,0.0,0.0,120.0,0.0,0.4925,3.152,0.4925,0.0,0,0,0,0.0,Saturday,3,1,1,1
2015-01-04,Quarter1,finishing,Sunday,3,0.75,4.15,,1560,0,0.0,0,0,8.0,0.991388889,1,0.241388889,0,0.0,0.0,195.0,0.0,0.51875,3.1125000000000003,0.51875,75.0,0,0,0,0.0,Sunday,4,1,1,0
2015-01-04,Quarter1,finishing,Sunday,9,0.8,3.94,,960,0,0.0,0,0,8.0,0.931645833,1,0.131645833,0,0.0,0.0,120.0,0.0,0.4925,3.152,0.4925,0.0,0,0,0,0.0,Sunday,4,1,1,0
2015-01-04,Quarter1,finishing,Sunday,1,0.8,3.94,,960,0,0.0,0,0,8.0,0.915229167,1,0.11522916699999997,0,0.0,0.0,120.0,0.0,0.4925,3.152,0.4925,0.0,0,0,0,0.0,Sunday,4,1,1,0
2015-01-04,Quarter1,sewing,Sunday,6,0.8,11.61,539.0,6975,50,0.0,0,0,31.0,0.879714482,1,0.07971448199999998,1,539.0,6.29156913955832,225.0,1.6129032258064515,0.37451612903225806,9.288,0.37451612903225806,105.0,0,0,0,0.0,Sunday,4,1,1,0
2015-01-04,Quarter1,finishing,Sunday,4,0.8,3.94,,6600,0,0.0,0,0,20.0,0.861679012,1,0.06167901199999992,0,0.0,0.0,330.0,0.0,0.197,3.152,0.197,210.0,0,0,0,0.0,Sunday,4,1,1,0
2015-01-04,Quarter1,sewing,Sunday,9,0.8,26.16,1278.0,7080,60,0.0,0,0,59.0,0.850569492,1,0.05056949199999994,1,1278.0,7.153833801578843,120.0,1.0169491525423728,0.4433898305084746,20.928,0.4433898305084746,0.0,0,0,0,0.0,Sunday,4,1,1,0
2015-01-04,Quarter1,sewing,Sunday,7,0.8,25.9,1227.0,7020,60,0.0,0,0,56.5,0.850436438,1,0.05043643799999997,1,1227.0,7.113142108707088,124.24778761061947,1.0619469026548674,0.4584070796460177,20.72,0.4584070796460177,4.2477876106194685,0,0,0,0.0,Sunday,4,1,1,0
2015-01-04,Quarter1,sewing,Sunday,8,0.8,25.9,1039.0,6780,45,0.0,0,0,56.5,0.850345133,1,0.050345132999999986,1,1039.0,6.946975992135418,120.0,0.7964601769911505,0.4584070796460177,20.72,0.4584070796460177,0.0,0,0,0,0.0,Sunday,4,1,1,0
2015-01-04,Quarter1,sewing,Sunday,4,0.8,28.08,878.0,4260,50,0.0,0,0,55.5,0.800598058,1,0.0005980579999999014,1,878.0,6.778784897685177,76.75675675675676,0.9009009009009009,0.5059459459459459,22.464,0.5059459459459459,0.0,0,0,0,0.0,Sunday,4,1,1,0
2015-01-04,Quarter1,sewing,Sunday,1,0.8,26.16,1033.0,7080,63,0.0,0,0,59.0,0.800318644,1,0.00031864399999992354,1,1033.0,6.9411900550683745,120.0,1.0677966101694916,0.4433898305084746,20.928,0.4433898305084746,0.0,0,0,0,0.0,Sunday,4,1,1,0
2015-01-04,Quarter1,sewing,Sunday,2,0.8,28.08,782.0,6660,50,0.0,0,0,55.5,0.800237838,1,0.00023783799999999022,1,782.0,6.663132695990803,120.0,0.9009009009009009,0.5059459459459459,22.464,0.5059459459459459,0.0,0,0,0,0.0,Sunday,4,1,1,0
2015-01-04,Quarter1,sewing,Sunday,12,0.8,11.61,1216.0,6975,50,0.0,0,0,31.0,0.800030199,1,3.0199000000008525e-05,1,1216.0,7.104144092987527,225.0,1.6129032258064515,0.37451612903225806,9.288,0.37451612903225806,105.0,0,0,0,0.0,Sunday,4,1,1,0
2015-01-04,Quarter1,finishing,Sunday,2,0.8,3.94,,960,0,0.0,0,0,8.0,0.792104167,0,-0.007895833000000074,0,0.0,0.0,120.0,0.0,0.4925,3.152,0.4925,0.0,0,0,0,0.0,Sunday,4,1,1,0
2015-01-04,Quarter1,finishing,Sunday,10,0.7,3.94,,4320,0,0.0,0,0,18.0,0.759228395,1,0.05922839499999999,0,0.0,0.0,240.0,0.0,0.21888888888888888,2.758,0.21888888888888888,120.0,0,0,0,0.0,Sunday,4,1,1,0
2015-01-04,Quarter1,sewing,Sunday,11,0.75,19.31,513.0,6480,45,0.0,0,0,54.0,0.750348457,1,0.0003484569999999687,1,513.0,6.2422232654551655,120.0,0.8333333333333334,0.3575925925925926,14.482499999999998,0.3575925925925926,0.0,0,0,0,0.0,Sunday,4,1,1,0
2015-01-04,Quarter1,sewing,Sunday,3,0.75,19.87,734.0,6600,45,0.0,0,0,55.0,0.75024303,1,0.00024303000000003294,1,734.0,6.5998704992128365,120.0,0.8181818181818182,0.3612727272727273,14.9025,0.3612727272727273,0.0,0,0,0,0.0,Sunday,4,1,1,0
2015-01-04,Quarter1,sewing,Sunday,10,0.7,28.08,1202.0,6900,40,0.0,0,0,57.5,0.699965217,0,-3.478299999992718e-05,1,1202.0,7.0925737159746784,120.0,0.6956521739130435,0.4883478260869565,19.656,0.4883478260869565,0.0,0,0,0,0.0,Sunday,4,1,1,0
2015-01-04,Quarter1,finishing,Sunday,8,0.8,2.9,,960,0,0.0,0,0,8.0,0.682708333,0,-0.11729166700000004,0,0.0,0.0,120.0,0.0,0.3625,2.32,0.3625,0.0,0,0,0,0.0,Sunday,4,1,1,0
2015-01-04,Quarter1,finishing,Sunday,7,0.8,2.9,,960,0,0.0,0,0,8.0,0.667604167,0,-0.13239583300000002,0,0.0,0.0,120.0,0.0,0.3625,2.32,0.3625,0.0,0,0,0,0.0,Sunday,4,1,1,0
2015-01-04,Quarter1,sewing,Sunday,5,0.7,45.67,884.0,6960,26,0.0,0,0,58.0,0.603432184,0,-0.09656781599999997,1,884.0,6.785587645007929,120.0,0.4482758620689655,0.7874137931034483,31.968999999999998,0.7874137931034483,0.0,0,0,0,0.0,Sunday,4,1,1,0
2015-01-04,Quarter1,finishing,Sunday,11,0.75,4.15,,960,0,0.0,0,0,8.0,0.345833333,0,-0.404166667,0,0.0,0.0,120.0,0.0,0.51875,3.1125000000000003,0.51875,0.0,0,0,0,0.0,Sunday,4,1,1,0
2015-01-05,Quarter1,finishing,Monday,1,0.8,3.94,,1920,0,0.0,0,0,8.0,0.961059028,1,0.16105902799999994,0,0.0,0.0,240.0,0.0,0.4925,3.152,0.4925,120.0,0,0,0,0.0,Monday,5,1,2,0
2015-01-05,Quarter1,finishing,Monday,11,0.8,3.94,,2400,0,0.0,0,0,10.0,0.939513889,1,0.13951388899999995,0,0.0,0.0,240.0,0.0,0.394,3.152,0.394,120.0,0,0,0,0.0,Monday,5,1,2,0
2015-01-05,Quarter1,finishing,Monday,4,0.8,3.94,,3840,0,0.0,0,0,16.0,0.893663194,1,0.093663194,0,0.0,0.0,240.0,0.0,0.24625,3.152,0.24625,120.0,0,0,0,0.0,Monday,5,1,2,0
2015-01-05,Quarter1,finishing,Monday,3,0.75,4.15,,1920,0,0.0,0,0,8.0,0.875390625,1,0.12539062499999998,0,0.0,0.0,240.0,0.0,0.51875,3.1125000000000003,0.51875,120.0,0,0,0,0.0,Monday,5,1,2,0
2015-01-05,Quarter1,sewing,Monday,9,0.8,26.16,1227.0,7080,75,0.0,0,0,59.0,0.850569492,1,0.05056949199999994,1,1227.0,7.113142108707088,120.0,1.271186440677966,0.4433898305084746,20.928,0.4433898305084746,0.0,0,0,0,0.0,Monday,5,1,2,0
2015-01-05,Quarter1,finishing,Monday,9,0.8,2.9,,1920,0,0.0,0,0,8.0,0.820833333,1,0.02083333300000001,0,0.0,0.0,240.0,0.0,0.3625,2.32,0.3625,120.0,0,0,0,0.0,Monday,5,1,2,0
2015-01-05,Quarter1,finishing,Monday,2,0.8,3.94,,960,0,0.0,0,0,8.0,0.804416667,1,0.004416666999999985,0,0.0,0.0,120.0,0.0,0.4925,3.152,0.4925,0.0,0,0,0,0.0,Monday,5,1,2,0
2015-01-05,Quarter1,sewing,Monday,7,0.8,25.9,1255.0,6780,50,0.0,0,0,56.5,0.800684366,1,0.0006843659999999918,1,1255.0,7.135687347028144,120.0,0.8849557522123894,0.4584070796460177,20.72,0.4584070796460177,0.0,0,0,0,0.0,Monday,5,1,2,0
2015-01-05,Quarter1,sewing,Monday,8,0.8,25.9,1047.0,6780,38,0.0,0,0,56.5,0.800684366,1,0.0006843659999999918,1,1047.0,6.954638864880987,120.0,0.672566371681416,0.4584070796460177,20.72,0.4584070796460177,0.0,0,0,0,0.0,Monday,5,1,2,0
2015-01-05,Quarter1,sewing,Monday,1,0.8,26.16,1138.0,7080,63,0.0,0,0,59.0,0.800318644,1,0.00031864399999992354,1,1138.0,7.037905963447182,120.0,1.0677966101694916,0.4433898305084746,20.928,0.4433898305084746,0.0,0,0,0,0.0,Monday,5,1,2,0
2015-01-05,Quarter1,sewing,Monday,11,0.8,19.31,678.0,4800,50,0.0,0,0,55.0,0.800250962,1,0.0002509619999999657,1,678.0,6.520621127558696,87.27272727272727,0.9090909090909091,0.35109090909090906,15.448,0.35109090909090906,0.0,0,0,0,0.0,Monday,5,1,2,0
2015-01-05,Quarter1,sewing,Monday,6,0.8,11.61,712.0,7200,50,0.0,0,0,32.0,0.800246011,1,0.00024601099999999043,1,712.0,6.569481420414296,225.0,1.5625,0.3628125,9.288,0.3628125,105.0,0,0,0,0.0,Monday,5,1,2,0
2015-01-05,Quarter1,sewing,Monday,12,0.8,11.61,1037.0,7200,50,0.0,0,0,32.0,0.800246011,1,0.00024601099999999043,1,1037.0,6.945051063725834,225.0,1.5625,0.3628125,9.288,0.3628125,105.0,0,0,0,0.0,Monday,5,1,2,0
2015-01-05,Quarter1,sewing,Monday,2,0.8,28.08,757.0,6900,50,0.0,0,0,57.5,0.800076522,1,7.652199999996778e-05,1,757.0,6.630683385642372,120.0,0.8695652173913043,0.4883478260869565,22.464,0.4883478260869565,0.0,0,0,0,0.0,Monday,5,1,2,0
2015-01-05,Quarter1,sewing,Monday,4,0.8,28.08,759.0,6900,50,0.0,0,0,57.5,0.800076522,1,7.652199999996778e-05,1,759.0,6.633318433280377,120.0,0.8695652173913043,0.4883478260869565,22.464,0.4883478260869565,0.0,0,0,0,0.0,Monday,5,1,2,0
2015-01-05,Quarter1,finishing,Monday,10,0.75,2.9,,960,0,0.0,0,0,8.0,0.763375,1,0.013375000000000026,0,0.0,0.0,120.0,0.0,0.3625,2.175,0.3625,0.0,0,0,0,0.0,Monday,5,1,2,0
2015-01-05,Quarter1,finishing,Monday,5,0.6,2.9,,960,0,0.0,0,0,8.0,0.759270833,1,0.159270833,0,0.0,0.0,120.0,0.0,0.3625,1.74,0.3625,0.0,0,0,0,0.0,Monday,5,1,2,0
2015-01-05,Quarter1,sewing,Monday,10,0.75,28.08,1083.0,7020,45,0.0,0,0,58.5,0.7504,1,0.00039999999999995595,1,1083.0,6.988413181999592,120.0,0.7692307692307693,0.48,21.06,0.48,0.0,0,0,0,0.0,Monday,5,1,2,0
2015-01-05,Quarter1,sewing,Monday,3,0.75,19.87,944.0,6600,45,0.0,0,0,55.0,0.75024303,1,0.00024303000000003294,1,944.0,6.851184927493743,120.0,0.8181818181818182,0.3612727272727273,14.9025,0.3612727272727273,0.0,0,0,0,0.0,Monday,5,1,2,0
2015-01-05,Quarter1,finishing,Monday,7,0.8,3.94,,960,0,0.0,0,0,8.0,0.676666667,0,-0.12333333300000004,0,0.0,0.0,120.0,0.0,0.4925,3.152,0.4925,0.0,0,0,0,0.0,Monday,5,1,2,0
2015-01-05,Quarter1,finishing,Monday,8,0.8,2.9,,960,0,0.0,0,0,8.0,0.664583333,0,-0.135416667,0,0.0,0.0,120.0,0.0,0.3625,2.32,0.3625,0.0,0,0,0,0.0,Monday,5,1,2,0
2015-01-05,Quarter1,sewing,Monday,5,0.6,21.98,666.0,6960,23,0.0,0,0,58.0,0.600028736,1,2.873599999997367e-05,1,666.0,6.502790045915623,120.0,0.39655172413793105,0.37896551724137933,13.188,0.37896551724137933,0.0,0,0,0,0.0,Monday,5,1,2,0
2015-01-06,Quarter1,finishing,Tuesday,4,0.8,3.94,,4440,0,0.0,0,0,18.0,0.966781346,1,0.16678134599999994,0,0.0,0.0,246.66666666666666,0.0,0.21888888888888888,3.152,0.21888888888888888,126.66666666666666,0,0,0,0.0,Tuesday,6,1,2,0
2015-01-06,Quarter1,finishing,Tuesday,1,0.8,3.94,,1440,0,0.0,0,0,8.0,0.936496212,1,0.13649621199999995,0,0.0,0.0,180.0,0.0,0.4925,3.152,0.4925,60.0,0,0,0,0.0,Tuesday,6,1,2,0
2015-01-06,Quarter1,finishing,Tuesday,3,0.75,4.15,,1800,0,0.0,0,0,10.0,0.899166667,1,0.14916666700000003,0,0.0,0.0,180.0,0.0,0.41500000000000004,3.1125000000000003,0.41500000000000004,60.0,0,0,0,0.0,Tuesday,6,1,2,0
2015-01-06,Quarter1,finishing,Tuesday,11,0.8,4.15,,2700,0,0.0,0,0,15.0,0.888686869,1,0.088686869,0,0.0,0.0,180.0,0.0,0.27666666666666667,3.3200000000000003,0.27666666666666667,60.0,0,0,0,0.0,Tuesday,6,1,2,0
2015-01-06,Quarter1,finishing,Tuesday,9,0.8,3.94,,1440,0,0.0,0,0,8.0,0.858143939,1,0.05814393899999992,0,0.0,0.0,180.0,0.0,0.4925,3.152,0.4925,60.0,0,0,0,0.0,Tuesday,6,1,2,0
2015-01-06,Quarter1,sewing,Tuesday,1,0.8,26.16,1187.0,10620,75,0.0,0,0,59.0,0.850502311,1,0.05050231099999991,1,1187.0,7.080026499922591,180.0,1.271186440677966,0.4433898305084746,20.928,0.4433898305084746,60.0,0,0,0,0.0,Tuesday,6,1,2,0
2015-01-06,Quarter1,sewing,Tuesday,9,0.8,26.16,1305.0,10620,75,0.0,0,0,59.0,0.850502311,1,0.05050231099999991,1,1305.0,7.174724309836376,180.0,1.271186440677966,0.4433898305084746,20.928,0.4433898305084746,60.0,0,0,0,0.0,Tuesday,6,1,2,0
2015-01-06,Quarter1,finishing,Tuesday,10,0.75,3.94,,1440,0,0.0,0,0,8.0,0.809640152,1,0.059640151999999946,0,0.0,0.0,180.0,0.0,0.4925,2.955,0.4925,60.0,0,0,0,0.0,Tuesday,6,1,2,0
2015-01-06,Quarter1,finishing,Tuesday,2,0.8,3.94,,1440,0,0.0,0,0,8.0,0.805909091,1,0.005909090999999922,0,0.0,0.0,180.0,0.0,0.4925,3.152,0.4925,60.0,0,0,0,0.0,Tuesday,6,1,2,0
2015-01-06,Quarter1,sewing,Tuesday,2,0.8,28.08,716.0,10350,50,0.0,0,0,57.5,0.800594466,1,0.0005944659999999047,1,716.0,6.57507584059962,180.0,0.8695652173913043,0.4883478260869565,22.464,0.4883478260869565,60.0,0,0,0,0.0,Tuesday,6,1,2,0
2015-01-06,Quarter1,sewing,Tuesday,4,0.8,28.08,925.0,10350,50,0.0,0,0,57.5,0.800594466,1,0.0005944659999999047,1,925.0,6.8308742346461795,180.0,0.8695652173913043,0.4883478260869565,22.464,0.4883478260869565,60.0,0,0,0,0.0,Tuesday,6,1,2,0
2015-01-06,Quarter1,sewing,Tuesday,3,0.8,19.87,963.0,9900,50,0.0,0,0,55.0,0.800273829,1,0.0002738289999999477,1,963.0,6.871091294610546,180.0,0.9090909090909091,0.3612727272727273,15.896,0.3612727272727273,60.0,0,0,0,0.0,Tuesday,6,1,2,0
2015-01-06,Quarter1,sewing,Tuesday,12,0.8,11.61,1101.0,5310,50,0.0,0,0,31.5,0.800140969,1,0.00014096899999993528,1,1101.0,7.004881989712859,168.57142857142858,1.5873015873015872,0.36857142857142855,9.288,0.36857142857142855,48.571428571428584,0,0,0,0.0,Tuesday,6,1,2,0
2015-01-06,Quarter1,sewing,Tuesday,7,0.8,25.9,1035.0,10170,38,0.0,0,0,56.5,0.800128721,1,0.0001287209999999428,1,1035.0,6.943122422819428,180.0,0.672566371681416,0.4584070796460177,20.72,0.4584070796460177,60.0,0,0,0,0.0,Tuesday,6,1,2,0
2015-01-06,Quarter1,sewing,Tuesday,8,0.8,25.9,1083.0,10170,38,0.0,0,0,56.5,0.800128721,1,0.0001287209999999428,1,1083.0,6.988413181999592,180.0,0.672566371681416,0.4584070796460177,20.72,0.4584070796460177,60.0,0,0,0,0.0,Tuesday,6,1,2,0
2015-01-06,Quarter1,sewing,Tuesday,6,0.8,11.61,910.0,4470,38,0.0,0,0,31.5,0.80007657,1,7.656999999994252e-05,1,910.0,6.814542897259958,141.9047619047619,1.2063492063492063,0.36857142857142855,9.288,0.36857142857142855,21.904761904761898,0,0,0,0.0,Tuesday,6,1,2,0
2015-01-06,Quarter1,sewing,Tuesday,10,0.75,28.08,1209.0,10530,45,0.0,0,0,58.5,0.750545455,1,0.000545455000000028,1,1209.0,7.098375638590786,180.0,0.7692307692307693,0.48,21.06,0.48,60.0,0,0,0,0.0,Tuesday,6,1,2,0
2015-01-06,Quarter1,sewing,Tuesday,11,0.75,19.31,590.0,9900,45,0.0,0,0,55.0,0.750057851,1,5.7850999999997654e-05,1,590.0,6.3818160174060985,180.0,0.8181818181818182,0.35109090909090906,14.482499999999998,0.35109090909090906,60.0,0,0,0,0.0,Tuesday,6,1,2,0
2015-01-06,Quarter1,finishing,Tuesday,8,0.8,2.9,,1440,0,0.0,0,0,8.0,0.681060606,0,-0.11893939400000009,0,0.0,0.0,180.0,0.0,0.3625,2.32,0.3625,60.0,0,0,0,0.0,Tuesday,6,1,2,0
2015-01-06,Quarter1,sewing,Tuesday,5,0.65,21.98,808.0,10440,35,0.0,0,0,58.0,0.649983281,0,-1.6718999999998374e-05,1,808.0,6.695798917058491,180.0,0.603448275862069,0.37896551724137933,14.287,0.37896551724137933,60.0,0,0,0,0.0,Tuesday,6,1,2,0
2015-01-06,Quarter1,finishing,Tuesday,7,0.8,2.9,,1440,0,0.0,0,0,8.0,0.61625,0,-0.18375000000000008,0,0.0,0.0,180.0,0.0,0.3625,2.32,0.3625,60.0,0,0,0,0.0,Tuesday,6,1,2,0
2015-01-07,Quarter1,finishing,Wednesday,1,0.8,3.94,,1440,0,0.0,0,0,8.0,0.951420455,1,0.151420455,0,0.0,0.0,180.0,0.0,0.4925,3.152,0.4925,60.0,0,0,0,0.0,Wednesday,7,1,2,0
2015-01-07,Quarter1,finishing,Wednesday,9,0.8,3.94,,1440,0,0.0,0,0,8.0,0.880530303,1,0.08053030299999997,0,0.0,0.0,180.0,0.0,0.4925,3.152,0.4925,60.0,0,0,0,0.0,Wednesday,7,1,2,0
2015-01-07,Quarter1,sewing,Wednesday,1,0.8,26.16,1179.0,10620,75,0.0,0,0,59.0,0.850502311,1,0.05050231099999991,1,1179.0,7.07326971745971,180.0,1.271186440677966,0.4433898305084746,20.928,0.4433898305084746,60.0,0,0,0,0.0,Wednesday,7,1,2,0
2015-01-07,Quarter1,sewing,Wednesday,9,0.8,26.16,1324.0,10620,75,0.0,0,0,59.0,0.850502311,1,0.05050231099999991,1,1324.0,7.1891677384203225,180.0,1.271186440677966,0.4433898305084746,20.928,0.4433898305084746,60.0,0,0,0,0.0,Wednesday,7,1,2,0
2015-01-07,Quarter1,sewing,Wednesday,8,0.8,25.9,1135.0,10170,60,0.0,0,0,56.5,0.850136766,1,0.050136765999999944,1,1135.0,7.035268599281097,180.0,1.0619469026548674,0.4584070796460177,20.72,0.4584070796460177,60.0,0,0,0,0.0,Wednesday,7,1,2,0
2015-01-07,Quarter1,finishing,Wednesday,3,0.75,4.15,,2700,0,0.0,0,0,15.0,0.83,1,0.07999999999999996,0,0.0,0.0,180.0,0.0,0.27666666666666667,3.1125000000000003,0.27666666666666667,60.0,0,0,0,0.0,Wednesday,7,1,2,0
2015-01-07,Quarter1,finishing,Wednesday,4,0.8,3.94,,4440,0,0.0,0,0,18.0,0.827186544,1,0.02718654399999998,0,0.0,0.0,246.66666666666666,0.0,0.21888888888888888,3.152,0.21888888888888888,126.66666666666666,0,0,0,0.0,Wednesday,7,1,2,0
2015-01-07,Quarter1,finishing,Wednesday,2,0.8,3.94,,1440,0,0.0,0,0,8.0,0.813371212,1,0.01337121199999991,0,0.0,0.0,180.0,0.0,0.4925,3.152,0.4925,60.0,0,0,0,0.0,Wednesday,7,1,2,0
2015-01-07,Quarter1,finishing,Wednesday,10,0.75,3.94,,1440,0,0.0,0,0,8.0,0.805909091,1,0.055909090999999966,0,0.0,0.0,180.0,0.0,0.4925,2.955,0.4925,60.0,0,0,0,0.0,Wednesday,7,1,2,0
2015-01-07,Quarter1,finishing,Wednesday,7,0.8,2.9,,1440,0,0.0,0,0,8.0,0.804640152,1,0.0046401520000000085,0,0.0,0.0,180.0,0.0,0.3625,2.32,0.3625,60.0,0,0,0,0.0,Wednesday,7,1,2,0
2015-01-07,Quarter1,sewing,Wednesday,2,0.8,28.08,776.0,10350,63,0.0,0,0,57.5,0.800594466,1,0.0005944659999999047,1,776.0,6.655440350367647,180.0,1.0956521739130434,0.4883478260869565,22.464,0.4883478260869565,60.0,0,0,0,0.0,Wednesday,7,1,2,0
2015-01-07,Quarter1,sewing,Wednesday,4,0.8,28.08,990.0,10350,50,0.0,0,0,57.5,0.800594466,1,0.0005944659999999047,1,990.0,6.898714534329988,180.0,0.8695652173913043,0.4883478260869565,22.464,0.4883478260869565,60.0,0,0,0,0.0,Wednesday,7,1,2,0
2015-01-07,Quarter1,sewing,Wednesday,6,0.8,11.41,986.0,5490,50,0.0,0,0,30.5,0.800343766,1,0.0003437659999999676,1,986.0,6.894670039433482,180.0,1.639344262295082,0.3740983606557377,9.128,0.3740983606557377,60.0,0,0,0,0.0,Wednesday,7,1,2,0
2015-01-07,Quarter1,sewing,Wednesday,3,0.8,19.87,924.0,9900,50,0.0,0,0,55.0,0.800273829,1,0.0002738289999999477,1,924.0,6.829793737512425,180.0,0.9090909090909091,0.3612727272727273,15.896,0.3612727272727273,60.0,0,0,0,0.0,Wednesday,7,1,2,0
2015-01-07,Quarter1,sewing,Wednesday,12,0.8,11.61,1120.0,5670,50,0.0,0,0,31.5,0.800246753,1,0.00024675299999998845,1,1120.0,7.02197642307216,180.0,1.5873015873015872,0.36857142857142855,9.288,0.36857142857142855,60.0,0,0,0,0.0,Wednesday,7,1,2,0
2015-01-07,Quarter1,sewing,Wednesday,7,0.8,25.9,1066.0,10170,50,0.0,0,0,56.5,0.800128721,1,0.0001287209999999428,1,1066.0,6.9726062513017535,180.0,0.8849557522123894,0.4584070796460177,20.72,0.4584070796460177,60.0,0,0,0,0.0,Wednesday,7,1,2,0
2015-01-07,Quarter1,sewing,Wednesday,10,0.75,28.08,1144.0,10530,69,0.0,0,0,58.5,0.8,1,0.050000000000000044,1,1144.0,7.0431599159883405,180.0,1.1794871794871795,0.48,21.06,0.48,60.0,0,0,0,0.0,Wednesday,7,1,2,0
2015-01-07,Quarter1,sewing,Wednesday,5,0.7,21.98,413.0,9720,40,0.0,0,0,58.0,0.700480831,1,0.0004808310000000704,1,413.0,6.025865973825314,167.58620689655172,0.6896551724137931,0.37896551724137933,15.386,0.37896551724137933,47.586206896551715,0,0,0,0.0,Wednesday,7,1,2,0
2015-01-07,Quarter1,finishing,Wednesday,8,0.8,2.9,,1440,0,0.0,0,0,8.0,0.681060606,0,-0.11893939400000009,0,0.0,0.0,180.0,0.0,0.3625,2.32,0.3625,60.0,0,0,0,0.0,Wednesday,7,1,2,0
2015-01-07,Quarter1,finishing,Wednesday,6,0.8,2.9,,1800,0,0.0,0,0,10.0,0.666515152,0,-0.13348484800000004,0,0.0,0.0,180.0,0.0,0.29,2.32,0.29,60.0,0,0,0,0.0,Wednesday,7,1,2,0
2015-01-07,Quarter1,sewing,Wednesday,11,0.8,31.83,568.0,9900,40,0.0,0,0,55.0,0.412119835,0,-0.38788016500000005,1,568.0,6.343880434126331,180.0,0.7272727272727273,0.5787272727272726,25.464,0.5787272727272726,60.0,0,0,0,0.0,Wednesday,7,1,2,0
2015-01-07,Quarter1,finishing,Wednesday,5,0.7,4.15,,1440,0,0.0,0,0,8.0,0.330113636,0,-0.36988636399999997,0,0.0,0.0,180.0,0.0,0.51875,2.9050000000000002,0.51875,60.0,0,0,0,0.0,Wednesday,7,1,2,0
2015-01-08,Quarter2,finishing,Thursday,1,0.8,3.94,,1440,0,0.0,0,0,8.0,0.947689394,1,0.14768939399999992,0,0.0,0.0,180.0,0.0,0.4925,3.152,0.4925,60.0,0,0,0,0.0,Thursday,8,1,2,1
2015-01-08,Quarter2,finishing,Thursday,4,0.8,3.94,,12600,0,0.0,0,0,20.0,0.919905405,1,0.11990540499999991,0,0.0,0.0,630.0,0.0,0.197,3.152,0.197,510.0,0,0,0,0.0,Thursday,8,1,2,1
2015-01-08,Quarter2,sewing,Thursday,9,0.8,26.16,1216.0,10620,88,0.0,0,0,59.0,0.900215716,1,0.10021571600000001,1,1216.0,7.104144092987527,180.0,1.4915254237288136,0.4433898305084746,20.928,0.4433898305084746,60.0,0,0,0,0.0,Thursday,8,1,2,1
2015-01-08,Quarter2,finishing,Thursday,9,0.8,3.94,,1440,0,0.0,0,0,8.0,0.891723485,1,0.09172348499999994,0,0.0,0.0,180.0,0.0,0.4925,3.152,0.4925,60.0,0,0,0,0.0,Thursday,8,1,2,1
2015-01-08,Quarter2,sewing,Thursday,1,0.8,26.16,1189.0,10620,75,0.0,0,0,59.0,0.850502311,1,0.05050231099999991,1,1189.0,7.081708586105575,180.0,1.271186440677966,0.4433898305084746,20.928,0.4433898305084746,60.0,0,0,0,0.0,Thursday,8,1,2,1
2015-01-08,Quarter2,sewing,Thursday,4,0.8,28.08,942.0,10530,75,0.0,0,0,58.5,0.850181818,1,0.05018181799999999,1,942.0,6.849066282633458,180.0,1.2820512820512822,0.48,22.464,0.48,60.0,0,0,0,0.0,Thursday,8,1,2,1
2015-01-08,Quarter2,sewing,Thursday,7,0.8,25.9,1050.0,10170,60,0.0,0,0,56.5,0.850136766,1,0.050136765999999944,1,1050.0,6.957497370876951,180.0,1.0619469026548674,0.4584070796460177,20.72,0.4584070796460177,60.0,0,0,0,0.0,Thursday,8,1,2,1
2015-01-08,Quarter2,sewing,Thursday,8,0.8,25.9,1026.0,10170,60,0.0,0,0,56.5,0.850136766,1,0.050136765999999944,1,1026.0,6.934397209928558,180.0,1.0619469026548674,0.4584070796460177,20.72,0.4584070796460177,60.0,0,0,0,0.0,Thursday,8,1,2,1
2015-01-08,Quarter2,finishing,Thursday,2,0.8,3.94,,1440,0,0.0,0,0,8.0,0.835757576,1,0.03575757599999996,0,0.0,0.0,180.0,0.0,0.4925,3.152,0.4925,60.0,0,0,0,0.0,Thursday,8,1,2,1
2015-01-08,Quarter2,finishing,Thursday,5,0.7,4.15,,3840,0,0.0,0,0,8.0,0.821354167,1,0.12135416700000001,0,0.0,0.0,480.0,0.0,0.51875,2.9050000000000002,0.51875,360.0,0,0,0,0.0,Thursday,8,1,2,1
2015-01-08,Quarter2,sewing,Thursday,2,0.8,28.08,783.0,10050,63,0.0,0,0,58.5,0.800497246,1,0.0004972460000000067,1,783.0,6.664409020350408,171.7948717948718,1.0769230769230769,0.48,22.464,0.48,51.794871794871796,0,0,0,0.0,Thursday,8,1,2,1
2015-01-08,Quarter2,sewing,Thursday,3,0.8,19.87,857.0,9900,50,0.0,0,0,55.0,0.800273829,1,0.0002738289999999477,1,857.0,6.754604099487962,180.0,0.9090909090909091,0.3612727272727273,15.896,0.3612727272727273,60.0,0,0,0,0.0,Thursday,8,1,2,1
2015-01-08,Quarter2,sewing,Thursday,12,0.8,11.61,548.0,15120,63,0.0,0,0,31.5,0.800107143,1,0.00010714299999992072,1,548.0,6.3080984415095305,480.0,2.0,0.36857142857142855,9.288,0.36857142857142855,360.0,0,0,0,0.0,Thursday,8,1,2,1
2015-01-08,Quarter2,sewing,Thursday,6,0.8,11.41,411.0,14640,50,0.0,0,0,30.5,0.800024932,1,2.4931999999977528e-05,1,411.0,6.021023349349527,480.0,1.639344262295082,0.3740983606557377,9.128,0.3740983606557377,360.0,0,0,0,0.0,Thursday,8,1,2,1
2015-01-08,Quarter2,sewing,Thursday,10,0.75,28.08,1066.0,10530,69,0.0,0,0,58.5,0.8,1,0.050000000000000044,1,1066.0,6.9726062513017535,180.0,1.1794871794871795,0.48,21.06,0.48,60.0,0,0,0,0.0,Thursday,8,1,2,1
2015-01-08,Quarter2,finishing,Thursday,10,0.75,3.94,,1440,0,0.0,0,0,8.0,0.779791667,1,0.02979166700000002,0,0.0,0.0,180.0,0.0,0.4925,2.955,0.4925,60.0,0,0,0,0.0,Thursday,8,1,2,1
2015-01-08,Quarter2,finishing,Thursday,8,0.8,2.9,,1440,0,0.0,0,0,8.0,0.735984848,0,-0.06401515200000008,0,0.0,0.0,180.0,0.0,0.3625,2.32,0.3625,60.0,0,0,0,0.0,Thursday,8,1,2,1
2015-01-08,Quarter2,finishing,Thursday,3,0.75,4.15,,2160,0,0.0,0,0,12.0,0.712626263,0,-0.03737373700000002,0,0.0,0.0,180.0,0.0,0.3458333333333334,3.1125000000000003,0.3458333333333334,60.0,0,0,0,0.0,Thursday,8,1,2,1
2015-01-08,Quarter2,finishing,Thursday,7,0.8,2.9,,1440,0,0.0,0,0,8.0,0.681060606,0,-0.11893939400000009,0,0.0,0.0,180.0,0.0,0.3625,2.32,0.3625,60.0,0,0,0,0.0,Thursday,8,1,2,1
2015-01-08,Quarter2,finishing,Thursday,11,0.8,4.15,,900,0,0.0,0,0,5.0,0.515606061,0,-0.2843939390000001,0,0.0,0.0,180.0,0.0,0.8300000000000001,3.3200000000000003,0.8300000000000001,60.0,0,0,0,0.0,Thursday,8,1,2,1
2015-01-08,Quarter2,sewing,Thursday,11,0.35,12.52,287.0,25920,38,0.0,0,0,54.0,0.349951389,0,-4.86109999999762e-05,1,287.0,5.662960480135946,480.0,0.7037037037037037,0.23185185185185184,4.382,0.23185185185185184,360.0,0,0,0,0.0,Thursday,8,1,2,1
2015-01-08,Quarter2,sewing,Thursday,5,0.7,42.41,724.0,10260,0,0.0,0,0,57.0,0.233705476,0,-0.46629452399999993,1,724.0,6.586171654854675,180.0,0.0,0.7440350877192982,29.686999999999994,0.7440350877192982,60.0,0,0,0,0.0,Thursday,8,1,2,1
2015-01-10,Quarter2,finishing,Saturday,1,0.8,3.94,,2160,0,0.0,0,0,8.0,0.985,1,0.18499999999999994,0,0.0,0.0,270.0,0.0,0.4925,3.152,0.4925,150.0,0,0,0,0.0,Saturday,10,1,2,1
2015-01-10,Quarter2,finishing,Saturday,3,0.75,4.15,,2760,0,0.0,0,0,12.0,0.930340376,1,0.18034037599999997,0,0.0,0.0,230.0,0.0,0.3458333333333334,3.1125000000000003,0.3458333333333334,110.0,0,0,0,0.0,Saturday,10,1,2,1
2015-01-10,Quarter2,finishing,Saturday,4,0.8,3.94,,6000,0,0.0,0,0,20.0,0.911589744,1,0.11158974399999999,0,0.0,0.0,300.0,0.0,0.197,3.152,0.197,180.0,0,0,0,0.0,Saturday,10,1,2,1
2015-01-10,Quarter2,finishing,Saturday,9,0.8,3.94,,1440,0,0.0,0,0,8.0,0.858143939,1,0.05814393899999992,0,0.0,0.0,180.0,0.0,0.4925,3.152,0.4925,60.0,0,0,0,0.0,Saturday,10,1,2,1
2015-01-10,Quarter2,sewing,Saturday,9,0.8,26.16,1122.0,10620,75,0.0,0,0,59.0,0.851174114,1,0.05117411399999994,1,1122.0,7.023758954738443,180.0,1.271186440677966,0.4433898305084746,20.928,0.4433898305084746,60.0,0,0,0,0.0,Saturday,10,1,2,1
2015-01-10,Quarter2,sewing,Saturday,7,0.8,25.9,970.0,10170,60,0.0,0,0,56.5,0.850136766,1,0.050136765999999944,1,970.0,6.878326468291325,180.0,1.0619469026548674,0.4584070796460177,20.72,0.4584070796460177,60.0,0,0,0,0.0,Saturday,10,1,2,1
2015-01-10,Quarter2,sewing,Saturday,8,0.8,25.9,1158.0,10170,60,0.0,0,0,56.5,0.850136766,1,0.050136765999999944,1,1158.0,7.055312843339752,180.0,1.0619469026548674,0.4584070796460177,20.72,0.4584070796460177,60.0,0,0,0,0.0,Saturday,10,1,2,1
2015-01-10,Quarter2,finishing,Saturday,10,0.8,3.94,,1440,0,0.0,0,0,8.0,0.846950758,1,0.046950757999999926,0,0.0,0.0,180.0,0.0,0.4925,3.152,0.4925,60.0,0,0,0,0.0,Saturday,10,1,2,1
2015-01-10,Quarter2,finishing,Saturday,11,0.8,4.15,,1440,0,0.0,0,0,8.0,0.817424242,1,0.017424241999999923,0,0.0,0.0,180.0,0.0,0.51875,3.3200000000000003,0.51875,60.0,0,0,0,0.0,Saturday,10,1,2,1
2015-01-10,Quarter2,finishing,Saturday,2,0.8,3.94,,1440,0,0.0,0,0,8.0,0.817102273,1,0.017102273,0,0.0,0.0,180.0,0.0,0.4925,3.152,0.4925,60.0,0,0,0,0.0,Saturday,10,1,2,1
2015-01-10,Quarter2,sewing,Saturday,4,0.8,28.08,660.0,10440,63,0.0,0,0,58.0,0.801028213,1,0.001028213,1,660.0,6.493753839851686,180.0,1.0862068965517242,0.4841379310344827,22.464,0.4841379310344827,60.0,0,0,0,0.0,Saturday,10,1,2,1
2015-01-10,Quarter2,sewing,Saturday,2,0.8,28.08,749.0,10350,63,0.0,0,0,57.5,0.800594466,1,0.0005944659999999047,1,749.0,6.620073206530356,180.0,1.0956521739130434,0.4883478260869565,22.464,0.4883478260869565,60.0,0,0,0,0.0,Saturday,10,1,2,1
2015-01-10,Quarter2,sewing,Saturday,12,0.8,11.61,893.0,4710,50,0.0,0,0,31.5,0.800346445,1,0.0003464449999999175,1,893.0,6.795705775173514,149.52380952380952,1.5873015873015872,0.36857142857142855,9.288,0.36857142857142855,29.52380952380952,0,0,0,0.0,Saturday,10,1,2,1
2015-01-10,Quarter2,sewing,Saturday,6,0.8,11.41,887.0,5490,50,0.0,0,0,30.5,0.800343766,1,0.0003437659999999676,1,887.0,6.78897174299217,180.0,1.639344262295082,0.3740983606557377,9.128,0.3740983606557377,60.0,0,0,0,0.0,Saturday,10,1,2,1
2015-01-10,Quarter2,sewing,Saturday,1,0.8,26.16,1335.0,10620,63,0.0,0,0,59.0,0.800117103,1,0.00011710300000000728,1,1335.0,7.197435354096591,180.0,1.0677966101694916,0.4433898305084746,20.928,0.4433898305084746,60.0,0,0,0,0.0,Saturday,10,1,2,1
2015-01-10,Quarter2,sewing,Saturday,10,0.8,28.08,1082.0,10530,63,0.0,0,0,58.5,0.8,1,0.0,1,1082.0,6.9874902470009905,180.0,1.0769230769230769,0.48,22.464,0.48,60.0,0,0,0,0.0,Saturday,10,1,2,1
2015-01-10,Quarter2,sewing,Saturday,3,0.75,19.87,1075.0,7080,45,0.0,0,0,56.0,0.750098351,1,9.835099999999652e-05,1,1075.0,6.98100574072173,126.42857142857143,0.8035714285714286,0.35482142857142857,14.9025,0.35482142857142857,6.428571428571431,0,0,0,0.0,Saturday,10,1,2,1
2015-01-10,Quarter2,sewing,Saturday,11,0.5,12.52,749.0,9540,38,0.0,0,0,53.0,0.673245283,1,0.17324528299999997,1,749.0,6.620073206530356,180.0,0.7169811320754716,0.23622641509433961,6.26,0.23622641509433961,60.0,0,0,0,0.0,Saturday,10,1,2,1
2015-01-10,Quarter2,finishing,Saturday,7,0.8,2.9,,1440,0,0.0,0,0,8.0,0.670075758,0,-0.12992424200000008,0,0.0,0.0,180.0,0.0,0.3625,2.32,0.3625,60.0,0,0,0,0.0,Saturday,10,1,2,1
2015-01-10,Quarter2,finishing,Saturday,8,0.8,2.9,,1440,0,0.0,0,0,8.0,0.628882576,0,-0.17111742400000007,0,0.0,0.0,180.0,0.0,0.3625,2.32,0.3625,60.0,0,0,0,0.0,Saturday,10,1,2,1
2015-01-10,Quarter2,sewing,Saturday,5,0.5,20.79,966.0,7680,0,0.0,0,0,56.0,0.388007813,0,-0.11199218700000002,1,966.0,6.874198495453294,137.14285714285714,0.0,0.37124999999999997,10.395,0.37124999999999997,17.14285714285714,0,0,0,0.0,Saturday,10,1,2,1
2015-01-10,Quarter2,finishing,Saturday,5,0.5,4.15,,1440,0,0.0,0,0,8.0,0.337973485,0,-0.16202651499999998,0,0.0,0.0,180.0,0.0,0.51875,2.075,0.51875,60.0,0,0,0,0.0,Saturday,10,1,2,1
2015-01-11,Quarter2,finishing,Sunday,3,0.75,4.15,,1440,0,0.0,0,0,8.0,0.93532197,1,0.18532196999999995,0,0.0,0.0,180.0,0.0,0.51875,3.1125000000000003,0.51875,60.0,0,0,0,0.0,Sunday,11,1,2,0
2015-01-11,Quarter2,finishing,Sunday,4,0.8,3.94,,3600,0,0.0,0,0,20.0,0.925643939,1,0.12564393899999993,0,0.0,0.0,180.0,0.0,0.197,3.152,0.197,60.0,0,0,0,0.0,Sunday,11,1,2,0
2015-01-11,Quarter2,sewing,Sunday,9,0.8,26.16,1095.0,10620,88,0.0,0,0,59.0,0.900215716,1,0.10021571600000001,1,1095.0,6.999422467507961,180.0,1.4915254237288136,0.4433898305084746,20.928,0.4433898305084746,60.0,0,0,0,0.0,Sunday,11,1,2,0
2015-01-11,Quarter2,finishing,Sunday,1,0.8,3.94,,1440,0,0.0,0,0,8.0,0.873068182,1,0.07306818199999998,0,0.0,0.0,180.0,0.0,0.4925,3.152,0.4925,60.0,0,0,0,0.0,Sunday,11,1,2,0
2015-01-11,Quarter2,finishing,Sunday,9,0.8,3.94,,1440,0,0.0,0,0,8.0,0.858143939,1,0.05814393899999992,0,0.0,0.0,180.0,0.0,0.4925,3.152,0.4925,60.0,0,0,0,0.0,Sunday,11,1,2,0
2015-01-11,Quarter2,sewing,Sunday,1,0.8,26.16,1383.0,10620,75,0.0,0,0,59.0,0.850502311,1,0.05050231099999991,1,1383.0,7.232733136177615,180.0,1.271186440677966,0.4433898305084746,20.928,0.4433898305084746,60.0,0,0,0,0.0,Sunday,11,1,2,0
2015-01-11,Quarter2,sewing,Sunday,7,0.8,25.9,1012.0,10170,45,0.0,0,0,56.5,0.850136766,1,0.050136765999999944,1,1012.0,6.920671504248683,180.0,0.7964601769911505,0.4584070796460177,20.72,0.4584070796460177,60.0,0,0,0,0.0,Sunday,11,1,2,0
2015-01-11,Quarter2,sewing,Sunday,8,0.8,25.9,1209.0,10170,60,0.0,0,0,56.5,0.850136766,1,0.050136765999999944,1,1209.0,7.098375638590786,180.0,1.0619469026548674,0.4584070796460177,20.72,0.4584070796460177,60.0,0,0,0,0.0,Sunday,11,1,2,0
2015-01-11,Quarter2,finishing,Sunday,10,0.8,3.94,,1440,0,0.0,0,0,8.0,0.828295455,1,0.02829545499999997,0,0.0,0.0,180.0,0.0,0.4925,3.152,0.4925,60.0,0,0,0,0.0,Sunday,11,1,2,0
2015-01-11,Quarter2,finishing,Sunday,2,0.8,3.94,,1440,0,0.0,0,0,8.0,0.820833333,1,0.02083333300000001,0,0.0,0.0,180.0,0.0,0.4925,3.152,0.4925,60.0,0,0,0,0.0,Sunday,11,1,2,0
2015-01-11,Quarter2,sewing,Sunday,6,0.8,11.41,887.0,5490,50,0.0,0,0,30.5,0.800343766,1,0.0003437659999999676,1,887.0,6.78897174299217,180.0,1.639344262295082,0.3740983606557377,9.128,0.3740983606557377,60.0,0,0,0,0.0,Sunday,11,1,2,0
2015-01-11,Quarter2,sewing,Sunday,12,0.8,11.61,896.0,5670,50,0.0,0,0,31.5,0.800246753,1,0.00024675299999998845,1,896.0,6.799055862058796,180.0,1.5873015873015872,0.36857142857142855,9.288,0.36857142857142855,60.0,0,0,0,0.0,Sunday,11,1,2,0
2015-01-11,Quarter2,sewing,Sunday,2,0.8,28.08,805.0,10530,63,0.0,0,0,58.5,0.8,1,0.0,1,805.0,6.692083742506628,180.0,1.0769230769230769,0.48,22.464,0.48,60.0,0,0,0,0.0,Sunday,11,1,2,0
2015-01-11,Quarter2,sewing,Sunday,10,0.8,28.08,762.0,10530,38,0.0,0,0,58.5,0.8,1,0.0,1,762.0,6.637258031284457,180.0,0.6495726495726496,0.48,22.464,0.48,60.0,0,0,0,0.0,Sunday,11,1,2,0
2015-01-11,Quarter2,sewing,Sunday,3,0.8,19.87,1043.0,6420,0,0.0,0,0,55.0,0.690182815,0,-0.10981718500000004,1,1043.0,6.950814768442584,116.72727272727273,0.0,0.3612727272727273,15.896,0.3612727272727273,0.0,0,0,0,0.0,Sunday,11,1,2,0
2015-01-11,Quarter2,finishing,Sunday,11,0.8,4.15,,1440,0,0.0,0,0,8.0,0.668087121,0,-0.13191287900000004,0,0.0,0.0,180.0,0.0,0.51875,3.3200000000000003,0.51875,60.0,0,0,0,0.0,Sunday,11,1,2,0
2015-01-11,Quarter2,finishing,Sunday,8,0.8,2.9,,1440,0,0.0,0,0,8.0,0.653598485,0,-0.1464015150000001,0,0.0,0.0,180.0,0.0,0.3625,2.32,0.3625,60.0,0,0,0,0.0,Sunday,11,1,2,0
2015-01-11,Quarter2,finishing,Sunday,5,0.5,4.15,,1440,0,0.0,0,0,8.0,0.609138258,1,0.10913825799999999,0,0.0,0.0,180.0,0.0,0.51875,2.075,0.51875,60.0,0,0,0,0.0,Sunday,11,1,2,0
2015-01-11,Quarter2,sewing,Sunday,11,0.6,12.52,831.0,9540,30,0.0,0,0,53.0,0.600229846,1,0.000229845999999978,1,831.0,6.723832440821209,180.0,0.5660377358490566,0.23622641509433961,7.512,0.23622641509433961,60.0,0,0,0,0.0,Sunday,11,1,2,0
2015-01-11,Quarter2,finishing,Sunday,6,0.8,2.9,,1440,0,0.0,0,0,8.0,0.597348485,0,-0.202651515,0,0.0,0.0,180.0,0.0,0.3625,2.32,0.3625,60.0,0,0,0,0.0,Sunday,11,1,2,0
2015-01-11,Quarter2,finishing,Sunday,7,0.8,2.9,,1440,0,0.0,0,0,8.0,0.590435606,0,-0.20956439400000004,0,0.0,0.0,180.0,0.0,0.3625,2.32,0.3625,60.0,0,0,0,0.0,Sunday,11,1,2,0
2015-01-11,Quarter2,sewing,Sunday,4,0.8,50.48,562.0,10440,0,0.0,0,0,58.0,0.473134796,0,-0.326865204,1,562.0,6.333279628139691,180.0,0.0,0.8703448275862068,40.384,0.8703448275862068,60.0,0,0,0,0.0,Sunday,11,1,2,0
2015-01-11,Quarter2,sewing,Sunday,5,0.6,20.79,1208.0,7980,0,0.0,0,0,57.0,0.452979626,0,-0.14702037399999995,1,1208.0,7.097548850614793,140.0,0.0,0.36473684210526314,12.473999999999998,0.36473684210526314,20.0,0,0,0,0.0,Sunday,11,1,2,0
2015-01-12,Quarter2,finishing,Monday,1,0.8,3.94,,1440,0,0.0,0,0,8.0,0.955151515,1,0.1551515149999999,0,0.0,0.0,180.0,0.0,0.4925,3.152,0.4925,60.0,0,0,0,0.0,Monday,12,1,3,0
2015-01-12,Quarter2,finishing,Monday,4,0.35,4.3,,3240,0,0.0,0,0,18.0,0.942213805,1,0.592213805,0,0.0,0.0,180.0,0.0,0.23888888888888887,1.505,0.23888888888888887,60.0,0,0,0,0.0,Monday,12,1,3,0
2015-01-12,Quarter2,finishing,Monday,3,0.8,4.15,,1800,0,0.0,0,0,10.0,0.905454545,1,0.10545454499999996,0,0.0,0.0,180.0,0.0,0.41500000000000004,3.3200000000000003,0.41500000000000004,60.0,0,0,0,0.0,Monday,12,1,3,0
2015-01-12,Quarter2,finishing,Monday,2,0.8,3.94,,1440,0,0.0,0,0,8.0,0.880530303,1,0.08053030299999997,0,0.0,0.0,180.0,0.0,0.4925,3.152,0.4925,60.0,0,0,0,0.0,Monday,12,1,3,0
2015-01-12,Quarter2,finishing,Monday,9,0.8,3.94,,1440,0,0.0,0,0,8.0,0.858143939,1,0.05814393899999992,0,0.0,0.0,180.0,0.0,0.4925,3.152,0.4925,60.0,0,0,0,0.0,Monday,12,1,3,0
2015-01-12,Quarter2,sewing,Monday,1,0.8,26.16,1099.0,8220,75,0.0,0,0,59.0,0.850522167,1,0.05052216700000001,1,1099.0,7.003065458786462,139.32203389830508,1.271186440677966,0.4433898305084746,20.928,0.4433898305084746,19.32203389830508,0,0,0,0.0,Monday,12,1,3,0
2015-01-12,Quarter2,sewing,Monday,9,0.8,26.16,1093.0,10620,75,0.0,0,0,59.0,0.850502311,1,0.05050231099999991,1,1093.0,6.9975959829819265,180.0,1.271186440677966,0.4433898305084746,20.928,0.4433898305084746,60.0,0,0,0,0.0,Monday,12,1,3,0
2015-01-12,Quarter2,sewing,Monday,7,0.8,25.9,1031.0,10170,60,0.0,0,0,56.5,0.850136766,1,0.050136765999999944,1,1031.0,6.939253946041508,180.0,1.0619469026548674,0.4584070796460177,20.72,0.4584070796460177,60.0,0,0,0,0.0,Monday,12,1,3,0
2015-01-12,Quarter2,sewing,Monday,8,0.8,25.9,1233.0,10170,60,0.0,0,0,56.5,0.850136766,1,0.050136765999999944,1,1233.0,7.1180162044653335,180.0,1.0619469026548674,0.4584070796460177,20.72,0.4584070796460177,60.0,0,0,0,0.0,Monday,12,1,3,0
2015-01-12,Quarter2,finishing,Monday,6,0.8,2.9,,1440,0,0.0,0,0,8.0,0.817424242,1,0.017424241999999923,0,0.0,0.0,180.0,0.0,0.3625,2.32,0.3625,60.0,0,0,0,0.0,Monday,12,1,3,0
2015-01-12,Quarter2,finishing,Monday,5,0.65,4.15,,1440,0,0.0,0,0,8.0,0.809564394,1,0.159564394,0,0.0,0.0,180.0,0.0,0.51875,2.6975000000000002,0.51875,60.0,0,0,0,0.0,Monday,12,1,3,0
2015-01-12,Quarter2,sewing,Monday,3,0.8,19.87,941.0,9900,0,0.0,0,0,55.0,0.800273829,1,0.0002738289999999477,1,941.0,6.848005274576363,180.0,0.0,0.3612727272727273,15.896,0.3612727272727273,60.0,0,0,0,0.0,Monday,12,1,3,0
2015-01-12,Quarter2,sewing,Monday,6,0.8,11.41,843.0,5670,50,0.0,0,0,31.5,0.800181818,1,0.00018181799999994475,1,843.0,6.738152494595957,180.0,1.5873015873015872,0.3622222222222222,9.128,0.3622222222222222,60.0,0,0,0,0.0,Monday,12,1,3,0
2015-01-12,Quarter2,sewing,Monday,12,0.8,11.61,760.0,4470,50,0.0,0,0,31.5,0.80007657,1,7.656999999994252e-05,1,760.0,6.634633357861686,141.9047619047619,1.5873015873015872,0.36857142857142855,9.288,0.36857142857142855,21.904761904761898,0,0,0,0.0,Monday,12,1,3,0
2015-01-12,Quarter2,sewing,Monday,2,0.8,28.08,737.0,10530,63,0.0,0,0,58.5,0.8,1,0.0,1,737.0,6.6039438246004725,180.0,1.0769230769230769,0.48,22.464,0.48,60.0,0,0,0,0.0,Monday,12,1,3,0
2015-01-12,Quarter2,finishing,Monday,8,0.8,2.9,,1440,0,0.0,0,0,8.0,0.725,0,-0.07500000000000007,0,0.0,0.0,180.0,0.0,0.3625,2.32,0.3625,60.0,0,0,0,0.0,Monday,12,1,3,0
2015-01-12,Quarter2,sewing,Monday,10,0.8,50.48,381.0,6930,45,0.0,0,0,58.5,0.688557555,0,-0.111442445,1,381.0,5.945420608606575,118.46153846153847,0.7692307692307693,0.8629059829059829,40.384,0.8629059829059829,0.0,0,0,0,0.0,Monday,12,1,3,0
2015-01-12,Quarter2,sewing,Monday,5,0.65,20.79,1141.0,8460,0,0.0,0,0,59.0,0.650040783,1,4.078299999998869e-05,1,1141.0,7.040536390215956,143.38983050847457,0.0,0.3523728813559322,13.5135,0.3523728813559322,23.389830508474574,0,0,0,0.0,Monday,12,1,3,0
2015-01-12,Quarter2,sewing,Monday,11,0.65,12.52,1004.0,9540,44,0.0,0,0,53.0,0.64998056,0,-1.9439999999981694e-05,1,1004.0,6.912742820493176,180.0,0.8301886792452831,0.23622641509433961,8.138,0.23622641509433961,60.0,0,0,0,0.0,Monday,12,1,3,0
2015-01-12,Quarter2,finishing,Monday,7,0.8,2.9,,1440,0,0.0,0,0,8.0,0.648106061,0,-0.15189393900000003,0,0.0,0.0,180.0,0.0,0.3625,2.32,0.3625,60.0,0,0,0,0.0,Monday,12,1,3,0
2015-01-12,Quarter2,finishing,Monday,11,0.8,4.15,,1440,0,0.0,0,0,8.0,0.640577652,0,-0.159422348,0,0.0,0.0,180.0,0.0,0.51875,3.3200000000000003,0.51875,60.0,0,0,0,0.0,Monday,12,1,3,0
2015-01-12,Quarter2,sewing,Monday,4,0.35,22.4,581.0,7350,0,0.0,0,0,51.5,0.35063299,1,0.0006329899999999999,1,581.0,6.366470447731438,142.71844660194174,0.0,0.4349514563106796,7.839999999999999,0.4349514563106796,22.718446601941736,0,0,0,0.0,Monday,12,1,3,0
2015-01-12,Quarter2,finishing,Monday,10,0.8,3.94,,1440,0,0.0,0,0,8.0,0.24625,0,-0.5537500000000001,0,0.0,0.0,180.0,0.0,0.4925,3.152,0.4925,60.0,0,0,0,0.0,Monday,12,1,3,0
2015-01-13,Quarter2,finishing,Tuesday,4,0.35,4.3,,2160,0,0.0,0,0,12.0,0.952020202,1,0.6020202020000001,0,0.0,0.0,180.0,0.0,0.35833333333333334,1.505,0.35833333333333334,60.0,0,0,0,0.0,Tuesday,13,1,3,0
2015-01-13,Quarter2,finishing,Tuesday,1,0.8,3.94,,1440,0,0.0,0,0,2.0,0.951420455,1,0.151420455,0,0.0,0.0,720.0,0.0,1.97,3.152,1.97,600.0,0,0,0,0.0,Tuesday,13,1,3,0
2015-01-13,Quarter2,finishing,Tuesday,10,0.8,3.94,,5400,0,0.0,0,0,20.0,0.912766667,1,0.11276666699999993,0,0.0,0.0,270.0,0.0,0.197,3.152,0.197,150.0,0,0,0,0.0,Tuesday,13,1,3,0
2015-01-13,Quarter2,finishing,Tuesday,3,0.8,4.15,,1620,0,0.0,0,0,9.0,0.901262626,1,0.10126262599999991,0,0.0,0.0,180.0,0.0,0.46111111111111114,3.3200000000000003,0.46111111111111114,60.0,0,0,0,0.0,Tuesday,13,1,3,0
2015-01-13,Quarter2,finishing,Tuesday,9,0.8,3.94,,1440,0,0.0,0,0,8.0,0.858143939,1,0.05814393899999992,0,0.0,0.0,180.0,0.0,0.4925,3.152,0.4925,60.0,0,0,0,0.0,Tuesday,13,1,3,0
2015-01-13,Quarter2,sewing,Tuesday,1,0.8,26.16,1073.0,10620,75,0.0,0,0,59.0,0.850502311,1,0.05050231099999991,1,1073.0,6.97914527506881,180.0,1.271186440677966,0.4433898305084746,20.928,0.4433898305084746,60.0,0,0,0,0.0,Tuesday,13,1,3,0
2015-01-13,Quarter2,sewing,Tuesday,9,0.8,26.16,1156.0,10620,75,0.0,0,0,59.0,0.850502311,1,0.05050231099999991,1,1156.0,7.053585727193677,180.0,1.271186440677966,0.4433898305084746,20.928,0.4433898305084746,60.0,0,0,0,0.0,Tuesday,13,1,3,0
2015-01-13,Quarter2,sewing,Tuesday,8,0.8,25.9,1211.0,10260,60,0.0,0,0,57.0,0.850252525,1,0.05025252499999999,1,1211.0,7.10002716662926,180.0,1.0526315789473684,0.45438596491228067,20.72,0.45438596491228067,60.0,0,0,0,0.0,Tuesday,13,1,3,0
2015-01-13,Quarter2,sewing,Tuesday,7,0.8,25.9,1126.0,10170,60,0.0,0,0,56.5,0.850136766,1,0.050136765999999944,1,1126.0,7.027314514039777,180.0,1.0619469026548674,0.4584070796460177,20.72,0.4584070796460177,60.0,0,0,0,0.0,Tuesday,13,1,3,0
2015-01-13,Quarter2,finishing,Tuesday,5,0.65,4.15,,1440,0,0.0,0,0,8.0,0.821354167,1,0.17135416699999995,0,0.0,0.0,180.0,0.0,0.51875,2.6975000000000002,0.51875,60.0,0,0,0,0.0,Tuesday,13,1,3,0
2015-01-13,Quarter2,finishing,Tuesday,2,0.8,3.94,,1440,0,0.0,0,0,8.0,0.805909091,1,0.005909090999999922,0,0.0,0.0,180.0,0.0,0.4925,3.152,0.4925,60.0,0,0,0,0.0,Tuesday,13,1,3,0
2015-01-13,Quarter2,sewing,Tuesday,6,0.8,11.61,1004.0,5670,50,0.0,0,0,31.5,0.800246753,1,0.00024675299999998845,1,1004.0,6.912742820493176,180.0,1.5873015873015872,0.36857142857142855,9.288,0.36857142857142855,60.0,0,0,0,0.0,Tuesday,13,1,3,0
2015-01-13,Quarter2,sewing,Tuesday,12,0.8,11.61,1063.0,5670,50,0.0,0,0,31.5,0.800246753,1,0.00024675299999998845,1,1063.0,6.96979066990159,180.0,1.5873015873015872,0.36857142857142855,9.288,0.36857142857142855,60.0,0,0,0,0.0,Tuesday,13,1,3,0
2015-01-13,Quarter2,sewing,Tuesday,2,0.8,28.08,723.0,10530,50,0.0,0,0,58.5,0.8,1,0.0,1,723.0,6.584791392385716,180.0,0.8547008547008547,0.48,22.464,0.48,60.0,0,0,0,0.0,Tuesday,13,1,3,0
2015-01-13,Quarter2,sewing,Tuesday,3,0.8,42.27,465.0,9900,54,0.0,0,0,55.0,0.705576584,0,-0.09442341600000004,1,465.0,6.144185634125646,180.0,0.9818181818181818,0.7685454545454546,33.816,0.7685454545454546,60.0,0,0,0,0.0,Tuesday,13,1,3,0
2015-01-13,Quarter2,finishing,Tuesday,8,0.8,2.9,,1440,0,0.0,0,0,8.0,0.681060606,0,-0.11893939400000009,0,0.0,0.0,180.0,0.0,0.3625,2.32,0.3625,60.0,0,0,0,0.0,Tuesday,13,1,3,0
2015-01-13,Quarter2,finishing,Tuesday,7,0.8,2.9,,1440,0,0.0,0,0,8.0,0.670075758,0,-0.12992424200000008,0,0.0,0.0,180.0,0.0,0.3625,2.32,0.3625,60.0,0,0,0,0.0,Tuesday,13,1,3,0
2015-01-13,Quarter2,finishing,Tuesday,11,0.8,4.15,,1440,0,0.0,0,0,8.0,0.601278409,0,-0.1987215910000001,0,0.0,0.0,180.0,0.0,0.51875,3.3200000000000003,0.51875,60.0,0,0,0,0.0,Tuesday,13,1,3,0
2015-01-13,Quarter2,sewing,Tuesday,11,0.7,27.13,530.0,9540,37,0.0,0,0,53.0,0.582301029,0,-0.11769897099999993,1,530.0,6.274762021241939,180.0,0.6981132075471698,0.5118867924528302,18.991,0.5118867924528302,60.0,0,0,0,0.0,Tuesday,13,1,3,0
2015-01-13,Quarter2,sewing,Tuesday,5,0.7,20.79,1297.0,10440,0,0.0,0,0,58.0,0.526810345,0,-0.17318965499999994,1,1297.0,7.168579897264035,180.0,0.0,0.35844827586206895,14.552999999999999,0.35844827586206895,60.0,0,0,0,0.0,Tuesday,13,1,3,0
2015-01-13,Quarter2,sewing,Tuesday,4,0.5,22.4,783.0,10170,23,0.0,0,0,56.5,0.500380799,1,0.00038079899999998723,1,783.0,6.664409020350408,180.0,0.40707964601769914,0.39646017699115044,11.2,0.39646017699115044,60.0,0,0,0,0.0,Tuesday,13,1,3,0
2015-01-13,Quarter2,sewing,Tuesday,10,0.35,22.4,715.0,10170,23,0.0,0,0,56.5,0.35020649,1,0.00020649000000000362,1,715.0,6.573680166960646,180.0,0.40707964601769914,0.39646017699115044,7.839999999999999,0.39646017699115044,60.0,0,0,0,0.0,Tuesday,13,1,3,0
2015-01-14,Quarter2,finishing,Wednesday,11,0.8,4.15,,1980,0,0.0,0,0,7.0,0.934607438,1,0.13460743799999997,0,0.0,0.0,282.85714285714283,0.0,0.5928571428571429,3.3200000000000003,0.5928571428571429,162.85714285714283,0,0,0,0.0,Wednesday,14,1,3,0
2015-01-14,Quarter2,finishing,Wednesday,4,0.35,4.3,,2700,0,0.0,0,0,8.0,0.908080808,1,0.558080808,0,0.0,0.0,337.5,0.0,0.5375,1.505,0.5375,217.5,0,0,0,0.0,Wednesday,14,1,3,0
2015-01-14,Quarter2,sewing,Wednesday,7,0.8,25.9,1150.0,10170,70,0.0,0,0,56.5,0.900144811,1,0.10014481099999994,1,1150.0,7.048386408721883,180.0,1.238938053097345,0.4584070796460177,20.72,0.4584070796460177,60.0,0,0,0,0.0,Wednesday,14,1,3,0
2015-01-14,Quarter2,finishing,Wednesday,1,0.8,3.94,,1440,0,0.0,0,0,8.0,0.891723485,1,0.09172348499999994,0,0.0,0.0,180.0,0.0,0.4925,3.152,0.4925,60.0,0,0,0,0.0,Wednesday,14,1,3,0
2015-01-14,Quarter2,finishing,Wednesday,5,0.65,4.15,,1440,0,0.0,0,0,15.0,0.864583333,1,0.214583333,0,0.0,0.0,96.0,0.0,0.27666666666666667,2.6975000000000002,0.27666666666666667,0.0,0,0,0,0.0,Wednesday,14,1,3,0
2015-01-14,Quarter2,finishing,Wednesday,9,0.8,3.94,,1440,0,0.0,0,0,8.0,0.858143939,1,0.05814393899999992,0,0.0,0.0,180.0,0.0,0.4925,3.152,0.4925,60.0,0,0,0,0.0,Wednesday,14,1,3,0
2015-01-14,Quarter2,sewing,Wednesday,9,0.8,26.16,1232.0,10620,75,0.0,0,0,59.0,0.850502311,1,0.05050231099999991,1,1232.0,7.117205503164344,180.0,1.271186440677966,0.4433898305084746,20.928,0.4433898305084746,60.0,0,0,0,0.0,Wednesday,14,1,3,0
2015-01-14,Quarter2,sewing,Wednesday,8,0.8,25.9,1218.0,10170,60,0.0,0,0,56.5,0.850136766,1,0.050136765999999944,1,1218.0,7.105786129481271,180.0,1.0619469026548674,0.4584070796460177,20.72,0.4584070796460177,60.0,0,0,0,0.0,Wednesday,14,1,3,0
2015-01-14,Quarter2,finishing,Wednesday,7,0.8,2.9,,1440,0,0.0,0,0,8.0,0.837594697,1,0.037594696999999955,0,0.0,0.0,180.0,0.0,0.3625,2.32,0.3625,60.0,0,0,0,0.0,Wednesday,14,1,3,0
2015-01-14,Quarter2,finishing,Wednesday,3,0.8,4.15,,1440,0,0.0,0,0,7.0,0.820833333,1,0.02083333300000001,0,0.0,0.0,205.71428571428572,0.0,0.5928571428571429,3.3200000000000003,0.5928571428571429,85.71428571428572,0,0,0,0.0,Wednesday,14,1,3,0
2015-01-14,Quarter2,sewing,Wednesday,12,0.8,11.61,1159.0,2970,50,0.0,0,0,31.5,0.800313433,1,0.0003134329999999741,1,1159.0,7.05617528410041,94.28571428571429,1.5873015873015872,0.36857142857142855,9.288,0.36857142857142855,0.0,0,0,0,0.0,Wednesday,14,1,3,0
2015-01-14,Quarter2,sewing,Wednesday,6,0.8,11.61,972.0,5670,38,0.0,0,0,31.5,0.800246753,1,0.00024675299999998845,1,972.0,6.880384082186005,180.0,1.2063492063492063,0.36857142857142855,9.288,0.36857142857142855,60.0,0,0,0,0.0,Wednesday,14,1,3,0
2015-01-14,Quarter2,sewing,Wednesday,1,0.8,26.16,1092.0,10620,63,0.0,0,0,59.0,0.800117103,1,0.00011710300000000728,1,1092.0,6.996681488176539,180.0,1.0677966101694916,0.4433898305084746,20.928,0.4433898305084746,60.0,0,0,0,0.0,Wednesday,14,1,3,0
2015-01-14,Quarter2,sewing,Wednesday,5,0.7,20.79,965.0,7320,0,0.0,0,0,58.0,0.700095563,1,9.556300000002071e-05,1,965.0,6.873163834212518,126.20689655172414,0.0,0.35844827586206895,14.552999999999999,0.35844827586206895,6.206896551724142,0,0,0,0.0,Wednesday,14,1,3,0
2015-01-14,Quarter2,finishing,Wednesday,8,0.8,2.9,,1440,0,0.0,0,0,8.0,0.667329545,0,-0.13267045500000008,0,0.0,0.0,180.0,0.0,0.3625,2.32,0.3625,60.0,0,0,0,0.0,Wednesday,14,1,3,0
2015-01-14,Quarter2,sewing,Wednesday,4,0.6,22.4,816.0,5100,23,0.0,0,0,57.0,0.600369686,1,0.0003696859999999802,1,816.0,6.705639094860003,89.47368421052632,0.40350877192982454,0.3929824561403509,13.44,0.3929824561403509,0.0,0,0,0,0.0,Wednesday,14,1,3,0
2015-01-14,Quarter2,sewing,Wednesday,10,0.5,22.4,947.0,3390,23,0.0,0,0,56.5,0.499980334,0,-1.966599999997376e-05,1,947.0,6.854354502255021,60.0,0.40707964601769914,0.39646017699115044,11.2,0.39646017699115044,0.0,0,0,0,0.0,Wednesday,14,1,3,0
2015-01-14,Quarter2,sewing,Wednesday,11,0.35,14.61,838.0,7200,23,0.0,0,0,55.0,0.35003125,1,3.125000000003819e-05,1,838.0,6.732210706467206,130.9090909090909,0.41818181818181815,0.2656363636363636,5.113499999999999,0.2656363636363636,10.909090909090907,0,0,0,0.0,Wednesday,14,1,3,0
2015-01-14,Quarter2,finishing,Wednesday,10,0.8,3.94,,1260,0,0.0,0,0,8.0,0.332359307,0,-0.46764069300000005,0,0.0,0.0,157.5,0.0,0.4925,3.152,0.4925,37.5,0,0,0,0.0,Wednesday,14,1,3,0
2015-01-14,Quarter2,sewing,Wednesday,2,0.8,51.02,1086.0,4260,27,0.0,0,0,57.0,0.311207464,0,-0.48879253600000006,1,1086.0,6.99117688712121,74.73684210526316,0.47368421052631576,0.8950877192982457,40.816,0.8950877192982457,0.0,0,0,0,0.0,Wednesday,14,1,3,0
2015-01-14,Quarter2,finishing,Wednesday,2,0.8,3.94,,1260,0,0.0,0,0,8.0,0.247316017,0,-0.5526839830000001,0,0.0,0.0,157.5,0.0,0.4925,3.152,0.4925,37.5,0,0,0,0.0,Wednesday,14,1,3,0
2015-01-15,Quarter3,finishing,Thursday,4,0.35,4.3,,3600,0,0.0,0,0,20.0,0.988636364,1,0.638636364,0,0.0,0.0,180.0,0.0,0.215,1.505,0.215,60.0,0,0,0,0.0,Thursday,15,1,3,1
2015-01-15,Quarter3,finishing,Thursday,10,0.8,3.94,,3420,0,0.0,0,0,19.0,0.953110048,1,0.15311004799999994,0,0.0,0.0,180.0,0.0,0.20736842105263156,3.152,0.20736842105263156,60.0,0,0,0,0.0,Thursday,15,1,3,1
2015-01-15,Quarter3,finishing,Thursday,1,0.8,3.94,,1440,0,0.0,0,0,8.0,0.884261364,1,0.08426136399999995,0,0.0,0.0,180.0,0.0,0.4925,3.152,0.4925,60.0,0,0,0,0.0,Thursday,15,1,3,1
2015-01-15,Quarter3,finishing,Thursday,5,0.65,4.15,,1440,0,0.0,0,0,8.0,0.860653409,1,0.21065340899999996,0,0.0,0.0,180.0,0.0,0.51875,2.6975000000000002,0.51875,60.0,0,0,0,0.0,Thursday,15,1,3,1
2015-01-15,Quarter3,finishing,Thursday,9,0.8,3.94,,1440,0,0.0,0,0,8.0,0.858143939,1,0.05814393899999992,0,0.0,0.0,180.0,0.0,0.4925,3.152,0.4925,60.0,0,0,0,0.0,Thursday,15,1,3,1
2015-01-15,Quarter3,sewing,Thursday,1,0.8,26.16,1160.0,10620,75,0.0,0,0,59.0,0.850502311,1,0.05050231099999991,1,1160.0,7.057036981697891,180.0,1.271186440677966,0.4433898305084746,20.928,0.4433898305084746,60.0,0,0,0,0.0,Thursday,15,1,3,1
2015-01-15,Quarter3,sewing,Thursday,8,0.8,25.9,1177.0,8970,60,0.0,0,0,56.5,0.850415628,1,0.05041562799999999,1,1177.0,7.071573364211532,158.76106194690266,1.0619469026548674,0.4584070796460177,20.72,0.4584070796460177,38.76106194690266,0,0,0,0.0,Thursday,15,1,3,1
2015-01-15,Quarter3,sewing,Thursday,7,0.8,25.9,1281.0,10170,60,0.0,0,0,56.5,0.850136766,1,0.050136765999999944,1,1281.0,7.156176637480615,180.0,1.0619469026548674,0.4584070796460177,20.72,0.4584070796460177,60.0,0,0,0,0.0,Thursday,15,1,3,1
2015-01-15,Quarter3,sewing,Thursday,9,0.8,26.16,1369.0,10620,63,0.0,0,0,59.0,0.800117103,1,0.00011710300000000728,1,1369.0,7.222566018822171,180.0,1.0677966101694916,0.4433898305084746,20.928,0.4433898305084746,60.0,0,0,0,0.0,Thursday,15,1,3,1
2015-01-15,Quarter3,sewing,Thursday,6,0.8,11.61,1084.0,4950,38,0.0,0,0,31.5,0.80003139,1,3.13899999999645e-05,1,1084.0,6.98933526597456,157.14285714285714,1.2063492063492063,0.36857142857142855,9.288,0.36857142857142855,37.14285714285714,0,0,0,0.0,Thursday,15,1,3,1
2015-01-15,Quarter3,sewing,Thursday,12,0.8,11.61,1216.0,4950,50,0.0,0,0,31.5,0.80003139,1,3.13899999999645e-05,1,1216.0,7.104144092987527,157.14285714285714,1.5873015873015872,0.36857142857142855,9.288,0.36857142857142855,37.14285714285714,0,0,0,0.0,Thursday,15,1,3,1
2015-01-15,Quarter3,sewing,Thursday,5,0.7,20.79,391.0,10440,0,0.0,0,0,58.0,0.700060345,1,6.03450000000727e-05,1,391.0,5.971261839790462,180.0,0.0,0.35844827586206895,14.552999999999999,0.35844827586206895,60.0,0,0,0,0.0,Thursday,15,1,3,1
2015-01-15,Quarter3,finishing,Thursday,7,0.8,2.9,,1440,0,0.0,0,0,8.0,0.689299242,0,-0.11070075800000001,0,0.0,0.0,180.0,0.0,0.3625,2.32,0.3625,60.0,0,0,0,0.0,Thursday,15,1,3,1
2015-01-15,Quarter3,sewing,Thursday,3,0.5,22.52,1102.0,10170,30,0.0,0,0,56.5,0.660683293,1,0.16068329299999995,1,1102.0,7.005789019253503,180.0,0.5309734513274337,0.3985840707964602,11.26,0.3985840707964602,60.0,0,0,0,0.0,Thursday,15,1,3,1
2015-01-15,Quarter3,sewing,Thursday,4,0.65,22.52,872.0,10080,26,0.0,0,0,56.0,0.650130952,1,0.0001309520000000175,1,872.0,6.771935555839602,180.0,0.4642857142857143,0.40214285714285714,14.638,0.40214285714285714,60.0,0,0,0,0.0,Thursday,15,1,3,1
2015-01-15,Quarter3,finishing,Thursday,8,0.8,2.9,,1440,0,0.0,0,0,8.0,0.606912879,0,-0.19308712100000003,0,0.0,0.0,180.0,0.0,0.3625,2.32,0.3625,60.0,0,0,0,0.0,Thursday,15,1,3,1
2015-01-15,Quarter3,sewing,Thursday,10,0.6,22.52,1076.0,10170,23,0.0,0,0,56.5,0.600291767,1,0.00029176699999999833,1,1076.0,6.981934677156389,180.0,0.40707964601769914,0.3985840707964602,13.511999999999999,0.3985840707964602,60.0,0,0,0,0.0,Thursday,15,1,3,1
2015-01-15,Quarter3,sewing,Thursday,11,0.5,14.89,917.0,9900,30,0.0,0,0,55.0,0.500025069,1,2.5068999999988684e-05,1,917.0,6.822197390620491,180.0,0.5454545454545454,0.27072727272727276,7.445,0.27072727272727276,60.0,0,0,0,0.0,Thursday,15,1,3,1
2015-01-15,Quarter3,sewing,Thursday,2,0.5,22.94,1044.0,9810,23,0.0,0,0,54.5,0.499998888,0,-1.112000000025315e-06,1,1044.0,6.951772164398911,180.0,0.42201834862385323,0.42091743119266056,11.47,0.42091743119266056,60.0,0,0,0,0.0,Thursday,15,1,3,1
2015-01-17,Quarter3,finishing,Saturday,5,0.65,4.15,,2700,0,0.0,0,0,15.0,0.98719697,1,0.33719696999999993,0,0.0,0.0,180.0,0.0,0.27666666666666667,2.6975000000000002,0.27666666666666667,60.0,0,0,0,0.0,Saturday,17,1,3,1
2015-01-17,Quarter3,finishing,Saturday,2,0.8,3.94,,1800,0,0.0,0,0,10.0,0.980909091,1,0.18090909099999997,0,0.0,0.0,180.0,0.0,0.394,3.152,0.394,60.0,0,0,0,0.0,Saturday,17,1,3,1
2015-01-17,Quarter3,finishing,Saturday,10,0.8,3.94,,1440,0,0.0,0,0,8.0,0.974621212,1,0.17462121199999991,0,0.0,0.0,180.0,0.0,0.4925,3.152,0.4925,60.0,0,0,0,0.0,Saturday,17,1,3,1
2015-01-17,Quarter3,finishing,Saturday,1,0.8,3.94,,1440,0,0.0,0,0,8.0,0.884261364,1,0.08426136399999995,0,0.0,0.0,180.0,0.0,0.4925,3.152,0.4925,60.0,0,0,0,0.0,Saturday,17,1,3,1
2015-01-17,Quarter3,finishing,Saturday,9,0.8,3.94,,1800,0,0.0,0,0,10.0,0.82680303,1,0.02680302999999995,0,0.0,0.0,180.0,0.0,0.394,3.152,0.394,60.0,0,0,0,0.0,Saturday,17,1,3,1
2015-01-17,Quarter3,sewing,Saturday,6,0.8,11.41,1067.0,5490,63,0.0,0,0,30.5,0.800343766,1,0.0003437659999999676,1,1067.0,6.97354301952014,180.0,2.0655737704918034,0.3740983606557377,9.128,0.3740983606557377,60.0,0,0,0,0.0,Saturday,17,1,3,1
2015-01-17,Quarter3,sewing,Saturday,12,0.8,11.61,1039.0,5670,63,0.0,0,0,31.5,0.800246753,1,0.00024675299999998845,1,1039.0,6.946975992135418,180.0,2.0,0.36857142857142855,9.288,0.36857142857142855,60.0,0,0,0,0.0,Saturday,17,1,3,1
2015-01-17,Quarter3,sewing,Saturday,7,0.8,25.9,1396.0,10170,50,0.0,0,0,56.5,0.800128721,1,0.0001287209999999428,1,1396.0,7.242082359256962,180.0,0.8849557522123894,0.4584070796460177,20.72,0.4584070796460177,60.0,0,0,0,0.0,Saturday,17,1,3,1
2015-01-17,Quarter3,sewing,Saturday,8,0.8,25.9,1292.0,10170,50,0.0,0,0,56.5,0.800128721,1,0.0001287209999999428,1,1292.0,7.164720378771857,180.0,0.8849557522123894,0.4584070796460177,20.72,0.4584070796460177,60.0,0,0,0,0.0,Saturday,17,1,3,1
2015-01-17,Quarter3,sewing,Saturday,1,0.8,48.68,171.0,10620,63,0.0,0,0,59.0,0.800117103,1,0.00011710300000000728,1,171.0,5.147494476813453,180.0,1.0677966101694916,0.8250847457627118,38.944,0.8250847457627118,60.0,0,0,0,0.0,Saturday,17,1,3,1
2015-01-17,Quarter3,sewing,Saturday,9,0.8,26.16,1128.0,10620,63,0.0,0,0,59.0,0.800117103,1,0.00011710300000000728,1,1128.0,7.029087564149662,180.0,1.0677966101694916,0.4433898305084746,20.928,0.4433898305084746,60.0,0,0,0,0.0,Saturday,17,1,3,1
2015-01-17,Quarter3,sewing,Saturday,2,0.6,22.94,865.0,6570,23,0.0,0,0,56.5,0.77011398,1,0.17011398,1,865.0,6.763884908562435,116.28318584070796,0.40707964601769914,0.40601769911504426,13.764000000000001,0.40601769911504426,0.0,0,0,0,0.0,Saturday,17,1,3,1
2015-01-17,Quarter3,sewing,Saturday,4,0.7,22.52,825.0,10170,50,0.0,0,0,56.5,0.7005417,1,0.0005417000000000893,1,825.0,6.716594773520978,180.0,0.8849557522123894,0.3985840707964602,15.764,0.3985840707964602,60.0,0,0,0,0.0,Saturday,17,1,3,1
2015-01-17,Quarter3,finishing,Saturday,8,0.8,2.9,,1440,0,0.0,0,0,8.0,0.675568182,0,-0.12443181800000003,0,0.0,0.0,180.0,0.0,0.3625,2.32,0.3625,60.0,0,0,0,0.0,Saturday,17,1,3,1
2015-01-17,Quarter3,finishing,Saturday,7,0.8,2.9,,1440,0,0.0,0,0,8.0,0.661837121,0,-0.13816287900000002,0,0.0,0.0,180.0,0.0,0.3625,2.32,0.3625,60.0,0,0,0,0.0,Saturday,17,1,3,1
2015-01-17,Quarter3,sewing,Saturday,10,0.65,22.52,1163.0,9720,35,0.0,0,0,54.0,0.650198653,1,0.00019865299999999309,1,1163.0,7.059617628291383,180.0,0.6481481481481481,0.41703703703703704,14.638,0.41703703703703704,60.0,0,0,0,0.0,Saturday,17,1,3,1
2015-01-17,Quarter3,sewing,Saturday,3,0.6,22.52,1140.0,10170,30,0.0,0,0,56.5,0.600291767,1,0.00029176699999999833,1,1140.0,7.039660349862076,180.0,0.5309734513274337,0.3985840707964602,13.511999999999999,0.3985840707964602,60.0,0,0,0,0.0,Saturday,17,1,3,1
2015-01-17,Quarter3,sewing,Saturday,11,0.6,14.89,1027.0,10080,38,0.0,0,0,56.0,0.600273268,1,0.0002732680000000487,1,1027.0,6.93537044601511,180.0,0.6785714285714286,0.26589285714285715,8.934,0.26589285714285715,60.0,0,0,0,0.0,Saturday,17,1,3,1
2015-01-17,Quarter3,finishing,Saturday,6,0.8,2.9,,900,0,0.0,0,0,5.0,0.465757576,0,-0.33424242400000004,0,0.0,0.0,180.0,0.0,0.58,2.32,0.58,60.0,0,0,0,0.0,Saturday,17,1,3,1
2015-01-17,Quarter3,sewing,Saturday,5,0.7,41.19,1052.0,10440,21,0.0,0,0,58.0,0.452012539,0,-0.24798746099999996,1,1052.0,6.959398512133975,180.0,0.3620689655172414,0.7101724137931034,28.832999999999995,0.7101724137931034,60.0,0,0,0,0.0,Saturday,17,1,3,1
2015-01-17,Quarter3,finishing,Saturday,11,0.8,4.15,,1260,0,0.0,0,0,7.0,0.313852814,0,-0.48614718600000006,0,0.0,0.0,180.0,0.0,0.5928571428571429,3.3200000000000003,0.5928571428571429,60.0,0,0,0,0.0,Saturday,17,1,3,1
2015-01-18,Quarter3,finishing,Sunday,5,0.6,4.15,,1440,0,0.0,0,0,8.0,0.852793561,1,0.25279356100000006,0,0.0,0.0,180.0,0.0,0.51875,2.49,0.51875,60.0,0,0,0,0.0,Sunday,18,1,3,0
2015-01-18,Quarter3,finishing,Sunday,11,0.65,4.15,,2160,0,0.0,0,0,12.0,0.838383838,1,0.18838383800000003,0,0.0,0.0,180.0,0.0,0.3458333333333334,2.6975000000000002,0.3458333333333334,60.0,0,0,0,0.0,Sunday,18,1,3,0
2015-01-18,Quarter3,finishing,Sunday,6,0.8,2.9,,1800,0,0.0,0,0,10.0,0.804848485,1,0.0048484849999999025,0,0.0,0.0,180.0,0.0,0.29,2.32,0.29,60.0,0,0,0,0.0,Sunday,18,1,3,0
2015-01-18,Quarter3,sewing,Sunday,6,0.8,11.41,1140.0,5490,63,0.0,0,0,30.5,0.800343766,1,0.0003437659999999676,1,1140.0,7.039660349862076,180.0,2.0655737704918034,0.3740983606557377,9.128,0.3740983606557377,60.0,0,0,0,0.0,Sunday,18,1,3,0
2015-01-18,Quarter3,sewing,Sunday,7,0.8,48.84,624.0,10170,50,0.0,0,0,56.5,0.800128721,1,0.0001287209999999428,1,624.0,6.437751649736401,180.0,0.8849557522123894,0.864424778761062,39.072,0.864424778761062,60.0,0,0,0,0.0,Sunday,18,1,3,0
2015-01-18,Quarter3,sewing,Sunday,8,0.8,25.9,1288.0,10170,38,0.0,0,0,56.5,0.800128721,1,0.0001287209999999428,1,1288.0,7.161622002939187,180.0,0.672566371681416,0.4584070796460177,20.72,0.4584070796460177,60.0,0,0,0,0.0,Sunday,18,1,3,0
2015-01-18,Quarter3,sewing,Sunday,9,0.8,26.16,1381.0,3660,50,0.0,0,0,59.0,0.800015009,1,1.5008999999954753e-05,1,1381.0,7.231287004327616,62.03389830508475,0.847457627118644,0.4433898305084746,20.928,0.4433898305084746,0.0,0,0,0,0.0,Sunday,18,1,3,0
2015-01-18,Quarter3,sewing,Sunday,4,0.7,22.52,882.0,10170,50,0.0,0,0,56.5,0.7005417,1,0.0005417000000000893,1,882.0,6.78332520060396,180.0,0.8849557522123894,0.3985840707964602,15.764,0.3985840707964602,60.0,0,0,0,0.0,Sunday,18,1,3,0
2015-01-18,Quarter3,sewing,Sunday,10,0.7,22.52,1002.0,10080,40,0.0,0,0,56.0,0.700094156,1,9.415600000006741e-05,1,1002.0,6.910750787961936,180.0,0.7142857142857143,0.40214285714285714,15.764,0.40214285714285714,60.0,0,0,0,0.0,Sunday,18,1,3,0
2015-01-18,Quarter3,finishing,Sunday,7,0.8,2.9,,1440,0,0.0,0,0,8.0,0.692045455,0,-0.10795454500000001,0,0.0,0.0,180.0,0.0,0.3625,2.32,0.3625,60.0,0,0,0,0.0,Sunday,18,1,3,0
2015-01-18,Quarter3,sewing,Sunday,12,0.8,26.87,585.0,5670,56,0.0,0,0,31.5,0.662255892,0,-0.13774410800000003,1,585.0,6.373319789577012,180.0,1.7777777777777777,0.853015873015873,21.496000000000002,0.853015873015873,60.0,0,0,0,0.0,Sunday,18,1,3,0
2015-01-18,Quarter3,sewing,Sunday,3,0.65,22.52,1138.0,10170,35,0.0,0,0,56.5,0.650416734,1,0.0004167339999999742,1,1138.0,7.037905963447182,180.0,0.6194690265486725,0.3985840707964602,14.638,0.3985840707964602,60.0,0,0,0,0.0,Sunday,18,1,3,0
2015-01-18,Quarter3,sewing,Sunday,11,0.65,14.89,1140.0,10260,44,0.0,0,0,57.0,0.650299575,1,0.00029957499999999637,1,1140.0,7.039660349862076,180.0,0.7719298245614035,0.2612280701754386,9.678500000000001,0.2612280701754386,60.0,0,0,0,0.0,Sunday,18,1,3,0
2015-01-18,Quarter3,sewing,Sunday,2,0.65,22.94,1025.0,10170,26,0.0,0,0,56.5,0.650243497,1,0.0002434969999999259,1,1025.0,6.933423025730715,180.0,0.46017699115044247,0.40601769911504426,14.911000000000001,0.40601769911504426,60.0,0,0,0,0.0,Sunday,18,1,3,0
2015-01-18,Quarter3,finishing,Sunday,8,0.8,2.9,,1440,0,0.0,0,0,8.0,0.639867424,0,-0.16013257600000008,0,0.0,0.0,180.0,0.0,0.3625,2.32,0.3625,60.0,0,0,0,0.0,Sunday,18,1,3,0
2015-01-18,Quarter3,sewing,Sunday,5,0.6,20.4,1031.0,10440,30,0.0,0,0,58.0,0.600062696,1,6.269599999997322e-05,1,1031.0,6.939253946041508,180.0,0.5172413793103449,0.35172413793103446,12.239999999999998,0.35172413793103446,60.0,0,0,0,0.0,Sunday,18,1,3,0
2015-01-18,Quarter3,finishing,Sunday,9,0.8,3.94,,1800,0,0.0,0,0,10.0,0.582045455,0,-0.217954545,0,0.0,0.0,180.0,0.0,0.394,3.152,0.394,60.0,0,0,0,0.0,Sunday,18,1,3,0
2015-01-18,Quarter3,sewing,Sunday,1,0.8,49.1,1381.0,10350,24,0.0,0,0,57.5,0.403242161,0,-0.39675783900000006,1,1381.0,7.231287004327616,180.0,0.41739130434782606,0.8539130434782609,39.28,0.8539130434782609,60.0,0,0,0,0.0,Sunday,18,1,3,0
2015-01-18,Quarter3,finishing,Sunday,10,0.7,3.94,,1440,0,0.0,0,0,8.0,0.235795455,0,-0.46420454499999997,0,0.0,0.0,180.0,0.0,0.4925,2.758,0.4925,60.0,0,0,0,0.0,Sunday,18,1,3,0
2015-01-19,Quarter3,finishing,Monday,4,0.7,4.3,,5040,0,0.0,0,0,28.0,0.977272727,1,0.27727272700000005,0,0.0,0.0,180.0,0.0,0.15357142857142855,3.01,0.15357142857142855,60.0,0,0,0,0.0,Monday,19,1,4,0
2015-01-19,Quarter3,finishing,Monday,9,0.8,3.94,,1800,0,0.0,0,0,10.0,0.964106061,1,0.16410606099999991,0,0.0,0.0,180.0,0.0,0.394,3.152,0.394,60.0,0,0,0,0.0,Monday,19,1,4,0
2015-01-19,Quarter3,finishing,Monday,5,0.65,4.15,,1440,0,0.0,0,0,8.0,0.958901515,1,0.30890151499999996,0,0.0,0.0,180.0,0.0,0.51875,2.6975000000000002,0.51875,60.0,0,0,0,0.0,Monday,19,1,4,0
2015-01-19,Quarter3,sewing,Monday,6,0.8,11.41,1028.0,4380,50,0.0,0,0,31.0,0.800358775,1,0.00035877499999992235,1,1028.0,6.9363427358340495,141.29032258064515,1.6129032258064515,0.36806451612903224,9.128,0.36806451612903224,21.290322580645153,0,0,0,0.0,Monday,19,1,4,0
2015-01-19,Quarter3,sewing,Monday,8,0.8,25.9,1380.0,3630,50,0.0,0,0,56.5,0.800162602,1,0.00016260199999995617,1,1380.0,7.2305631534092925,64.24778761061947,0.8849557522123894,0.4584070796460177,20.72,0.4584070796460177,0.0,0,0,0,0.0,Monday,19,1,4,0
2015-01-19,Quarter3,sewing,Monday,9,0.8,26.16,1196.0,10620,63,0.0,0,0,59.0,0.800117103,1,0.00011710300000000728,1,1196.0,7.087573705557973,180.0,1.0677966101694916,0.4433898305084746,20.928,0.4433898305084746,60.0,0,0,0,0.0,Monday,19,1,4,0
2015-01-19,Quarter3,finishing,Monday,12,0.8,2.9,,1440,0,0.0,0,0,8.0,0.793844697,0,-0.006155303000000001,0,0.0,0.0,180.0,0.0,0.3625,2.32,0.3625,60.0,0,0,0,0.0,Monday,19,1,4,0
2015-01-19,Quarter3,sewing,Monday,2,0.7,22.94,1006.0,10170,38,0.0,0,0,56.5,0.750517565,1,0.05051756500000004,1,1006.0,6.914730892718563,180.0,0.672566371681416,0.40601769911504426,16.058,0.40601769911504426,60.0,0,0,0,0.0,Monday,19,1,4,0
2015-01-19,Quarter3,sewing,Monday,4,0.7,22.52,930.0,10260,63,0.0,0,0,57.0,0.750068049,1,0.05006804900000006,1,930.0,6.836259277277067,180.0,1.105263157894737,0.3950877192982456,15.764,0.3950877192982456,60.0,0,0,0,0.0,Monday,19,1,4,0
2015-01-19,Quarter3,sewing,Monday,3,0.7,22.52,1095.0,10170,50,0.0,0,0,56.5,0.750062751,1,0.050062751000000016,1,1095.0,6.999422467507961,180.0,0.8849557522123894,0.3985840707964602,15.764,0.3985840707964602,60.0,0,0,0,0.0,Monday,19,1,4,0
2015-01-19,Quarter3,sewing,Monday,10,0.7,22.52,938.0,10080,63,0.0,0,0,56.0,0.750057359,1,0.05005735900000008,1,938.0,6.844815479208263,180.0,1.125,0.40214285714285714,15.764,0.40214285714285714,60.0,0,0,0,0.0,Monday,19,1,4,0
2015-01-19,Quarter3,sewing,Monday,11,0.7,14.89,1484.0,10260,50,0.0,0,0,57.0,0.700170388,1,0.0001703880000000213,1,1484.0,7.3031700512368,180.0,0.8771929824561403,0.2612280701754386,10.423,0.2612280701754386,60.0,0,0,0,0.0,Monday,19,1,4,0
2015-01-19,Quarter3,finishing,Monday,8,0.8,2.9,,1440,0,0.0,0,0,8.0,0.683806818,0,-0.11619318200000006,0,0.0,0.0,180.0,0.0,0.3625,2.32,0.3625,60.0,0,0,0,0.0,Monday,19,1,4,0
2015-01-19,Quarter3,sewing,Monday,5,0.65,20.4,1255.0,8280,35,0.0,0,0,58.0,0.650066445,1,6.644499999997056e-05,1,1255.0,7.135687347028144,142.75862068965517,0.603448275862069,0.35172413793103446,13.26,0.35172413793103446,22.758620689655174,0,0,0,0.0,Monday,19,1,4,0
2015-01-19,Quarter3,sewing,Monday,7,0.8,48.84,1040.0,10260,30,0.0,0,0,57.0,0.576460393,0,-0.22353960700000008,1,1040.0,6.947937068614969,180.0,0.5263157894736842,0.856842105263158,39.072,0.856842105263158,60.0,0,0,0,0.0,Monday,19,1,4,0
2015-01-19,Quarter3,sewing,Monday,1,0.5,22.94,1492.0,10170,30,0.0,0,0,56.5,0.549969429,1,0.04996942900000001,1,1492.0,7.30854279753919,180.0,0.5309734513274337,0.40601769911504426,11.47,0.40601769911504426,60.0,0,0,0,0.0,Monday,19,1,4,0
2015-01-19,Quarter3,finishing,Monday,10,0.7,3.94,,1440,0,0.0,0,0,8.0,0.538399621,0,-0.1616003789999999,0,0.0,0.0,180.0,0.0,0.4925,2.758,0.4925,60.0,0,0,0,0.0,Monday,19,1,4,0
2015-01-19,Quarter3,finishing,Monday,11,0.7,4.15,,1440,0,0.0,0,0,8.0,0.409545455,0,-0.29045454499999995,0,0.0,0.0,180.0,0.0,0.51875,2.9050000000000002,0.51875,60.0,0,0,0,0.0,Monday,19,1,4,0
2015-01-19,Quarter3,sewing,Monday,12,0.35,15.26,1111.0,6120,23,0.0,0,0,34.0,0.35021836,1,0.00021836000000002853,1,1111.0,7.013915474810528,180.0,0.6764705882352942,0.4488235294117647,5.340999999999999,0.4488235294117647,60.0,0,0,0,0.0,Monday,19,1,4,0
2015-01-20,Quarter3,finishing,Tuesday,5,0.7,4.15,,1440,0,0.0,0,0,8.0,1.033570076,1,0.333570076,0,0.0,0.0,180.0,0.0,0.51875,2.9050000000000002,0.51875,60.0,0,0,0,0.0,Tuesday,20,1,4,0
2015-01-20,Quarter3,sewing,Tuesday,6,0.8,11.41,1047.0,5580,63,0.0,0,0,31.0,0.800261486,1,0.00026148599999997746,1,1047.0,6.954638864880987,180.0,2.032258064516129,0.36806451612903224,9.128,0.36806451612903224,60.0,0,0,0,0.0,Tuesday,20,1,4,0
2015-01-20,Quarter3,sewing,Tuesday,8,0.8,25.9,1434.0,10170,50,0.0,0,0,56.5,0.800128721,1,0.0001287209999999428,1,1434.0,7.268920128193722,180.0,0.8849557522123894,0.4584070796460177,20.72,0.4584070796460177,60.0,0,0,0,0.0,Tuesday,20,1,4,0
2015-01-20,Quarter3,sewing,Tuesday,9,0.8,26.16,399.0,10620,63,0.0,0,0,59.0,0.800117103,1,0.00011710300000000728,1,399.0,5.991464547107982,180.0,1.0677966101694916,0.4433898305084746,20.928,0.4433898305084746,60.0,0,0,0,0.0,Tuesday,20,1,4,0
2015-01-20,Quarter3,sewing,Tuesday,4,0.7,22.52,983.0,10260,63,0.0,0,0,57.0,0.750068049,1,0.05006804900000006,1,983.0,6.891625897052253,180.0,1.105263157894737,0.3950877192982456,15.764,0.3950877192982456,60.0,0,0,0,0.0,Tuesday,20,1,4,0
2015-01-20,Quarter3,sewing,Tuesday,10,0.7,22.52,1108.0,10080,63,0.0,0,0,56.0,0.750057359,1,0.05005735900000008,1,1108.0,7.011213987350367,180.0,1.125,0.40214285714285714,15.764,0.40214285714285714,60.0,0,0,0,0.0,Tuesday,20,1,4,0
2015-01-20,Quarter3,sewing,Tuesday,3,0.7,22.52,1134.0,8460,50,0.0,0,0,57.0,0.750037968,1,0.050037968000000044,1,1134.0,7.034387929915503,148.42105263157896,0.8771929824561403,0.3950877192982456,15.764,0.3950877192982456,28.42105263157896,0,0,0,0.0,Tuesday,20,1,4,0
2015-01-20,Quarter3,sewing,Tuesday,2,0.7,22.94,1363.0,10260,50,0.0,0,0,57.0,0.750031898,1,0.050031898000000075,1,1363.0,7.218176838403408,180.0,0.8771929824561403,0.40245614035087723,16.058,0.40245614035087723,60.0,0,0,0,0.0,Tuesday,20,1,4,0
2015-01-20,Quarter3,finishing,Tuesday,9,0.8,3.94,,1800,0,0.0,0,0,10.0,0.72830303,0,-0.07169697000000008,0,0.0,0.0,180.0,0.0,0.394,3.152,0.394,60.0,0,0,0,0.0,Tuesday,20,1,4,0
2015-01-20,Quarter3,sewing,Tuesday,11,0.7,14.89,1501.0,10260,50,0.0,0,0,57.0,0.700170388,1,0.0001703880000000213,1,1501.0,7.31455283232408,180.0,0.8771929824561403,0.2612280701754386,10.423,0.2612280701754386,60.0,0,0,0,0.0,Tuesday,20,1,4,0
2015-01-20,Quarter3,sewing,Tuesday,5,0.7,20.4,1352.0,10260,50,0.0,0,0,57.0,0.700063796,1,6.379600000006036e-05,1,1352.0,7.210079628170788,180.0,0.8771929824561403,0.35789473684210527,14.279999999999998,0.35789473684210527,60.0,0,0,0,0.0,Tuesday,20,1,4,0
2015-01-20,Quarter3,finishing,Tuesday,8,0.8,2.9,,1440,0,0.0,0,0,8.0,0.639867424,0,-0.16013257600000008,0,0.0,0.0,180.0,0.0,0.3625,2.32,0.3625,60.0,0,0,0,0.0,Tuesday,20,1,4,0
2015-01-20,Quarter3,sewing,Tuesday,12,0.5,15.26,1352.0,3720,23,0.0,0,0,34.0,0.500290419,1,0.00029041900000004173,1,1352.0,7.210079628170788,109.41176470588235,0.6764705882352942,0.4488235294117647,7.63,0.4488235294117647,0.0,0,0,0,0.0,Tuesday,20,1,4,0
2015-01-20,Quarter3,sewing,Tuesday,7,0.35,22.94,1450.0,10080,30,0.0,0,0,56.0,0.400332792,1,0.050332792000000015,1,1450.0,7.280008252884188,180.0,0.5357142857142857,0.40964285714285714,8.029,0.40964285714285714,60.0,0,0,0,0.0,Tuesday,20,1,4,0
2015-01-20,Quarter3,finishing,Tuesday,11,0.7,4.15,,2700,0,0.0,0,0,15.0,0.362666667,0,-0.33733333299999996,0,0.0,0.0,180.0,0.0,0.27666666666666667,2.9050000000000002,0.27666666666666667,60.0,0,0,0,0.0,Tuesday,20,1,4,0
2015-01-21,Quarter3,finishing,Wednesday,4,0.75,4.3,,6000,0,0.0,0,0,20.0,0.978525641,1,0.22852564099999995,0,0.0,0.0,300.0,0.0,0.215,3.2249999999999996,0.215,180.0,0,0,0,0.0,Wednesday,21,1,4,0
2015-01-21,Quarter3,finishing,Wednesday,2,0.7,3.94,,5100,0,0.0,0,0,17.0,0.912202112,1,0.21220211200000005,0,0.0,0.0,300.0,0.0,0.23176470588235293,2.758,0.23176470588235293,180.0,0,0,0,0.0,Wednesday,21,1,4,0
2015-01-21,Quarter3,sewing,Wednesday,4,0.75,22.52,825.0,10080,94,0.0,0,0,56.0,0.900556277,1,0.15055627699999996,1,825.0,6.716594773520978,180.0,1.6785714285714286,0.40214285714285714,16.89,0.40214285714285714,60.0,0,0,0,0.0,Wednesday,21,1,4,0
2015-01-21,Quarter3,sewing,Wednesday,6,0.8,11.61,916.0,5760,75,0.0,0,0,89.0,0.850410511,1,0.050410510999999936,1,916.0,6.821107472256465,64.71910112359551,0.8426966292134831,0.1304494382022472,9.288,0.1304494382022472,0.0,0,0,0,0.0,Wednesday,21,1,4,0
2015-01-21,Quarter3,finishing,Wednesday,9,0.8,3.94,,2400,0,0.0,0,0,8.0,0.827147436,1,0.027147435999999914,0,0.0,0.0,300.0,0.0,0.4925,3.152,0.4925,180.0,0,0,0,0.0,Wednesday,21,1,4,0
2015-01-21,Quarter3,sewing,Wednesday,8,0.8,25.9,562.0,7470,38,0.0,0,0,56.5,0.800436542,1,0.0004365419999999842,1,562.0,6.333279628139691,132.21238938053096,0.672566371681416,0.4584070796460177,20.72,0.4584070796460177,12.212389380530965,0,0,0,0.0,Wednesday,21,1,4,0
2015-01-21,Quarter3,sewing,Wednesday,2,0.7,22.94,1422.0,10500,60,0.0,0,0,57.0,0.800415742,1,0.10041574200000003,1,1422.0,7.260522598089852,184.21052631578948,1.0526315789473684,0.40245614035087723,16.058,0.40245614035087723,64.21052631578948,0,0,0,0.0,Wednesday,21,1,4,0
2015-01-21,Quarter3,sewing,Wednesday,10,0.7,22.52,1206.0,10080,75,0.0,0,0,56.0,0.800020563,1,0.10002056300000006,1,1206.0,7.095893221097532,180.0,1.3392857142857142,0.40214285714285714,15.764,0.40214285714285714,60.0,0,0,0,0.0,Wednesday,21,1,4,0
2015-01-21,Quarter3,finishing,Wednesday,5,0.7,4.15,,2400,0,0.0,0,0,8.0,0.758173077,1,0.05817307700000007,0,0.0,0.0,300.0,0.0,0.51875,2.9050000000000002,0.51875,180.0,0,0,0,0.0,Wednesday,21,1,4,0
2015-01-21,Quarter3,sewing,Wednesday,5,0.7,20.4,1404.0,10440,50,0.0,0,0,58.0,0.750344828,1,0.050344828000000064,1,1404.0,7.247792581767846,180.0,0.8620689655172413,0.35172413793103446,14.279999999999998,0.35172413793103446,60.0,0,0,0,0.0,Wednesday,21,1,4,0
2015-01-21,Quarter3,sewing,Wednesday,3,0.7,22.52,1139.0,10260,63,0.0,0,0,57.0,0.750068049,1,0.05006804900000006,1,1139.0,7.038783541388542,180.0,1.105263157894737,0.3950877192982456,15.764,0.3950877192982456,60.0,0,0,0,0.0,Wednesday,21,1,4,0
2015-01-21,Quarter3,sewing,Wednesday,11,0.7,14.89,1735.0,10260,50,0.0,0,0,57.0,0.700170388,1,0.0001703880000000213,1,1735.0,7.459338895220296,180.0,0.8771929824561403,0.2612280701754386,10.423,0.2612280701754386,60.0,0,0,0,0.0,Wednesday,21,1,4,0
2015-01-21,Quarter3,sewing,Wednesday,1,0.65,22.94,1595.0,10260,34,0.0,0,0,57.0,0.700029771,1,0.050029770999999945,1,1595.0,7.3752557780097545,180.0,0.5964912280701754,0.40245614035087723,14.911000000000001,0.40245614035087723,60.0,0,0,0,0.0,Wednesday,21,1,4,0
2015-01-21,Quarter3,sewing,Wednesday,12,0.6,15.26,1245.0,6360,23,0.0,0,0,34.0,0.60017284,1,0.00017284000000006294,1,1245.0,7.1276936993473985,187.05882352941177,0.6764705882352942,0.4488235294117647,9.155999999999999,0.4488235294117647,67.05882352941177,0,0,0,0.0,Wednesday,21,1,4,0
2015-01-21,Quarter3,finishing,Wednesday,8,0.8,2.9,,2400,0,0.0,0,0,8.0,0.594871795,0,-0.20512820500000006,0,0.0,0.0,300.0,0.0,0.3625,2.32,0.3625,180.0,0,0,0,0.0,Wednesday,21,1,4,0
2015-01-21,Quarter3,sewing,Wednesday,9,0.8,54.56,757.0,4140,29,0.0,0,0,58.0,0.520237649,0,-0.279762351,1,757.0,6.630683385642372,71.37931034482759,0.5,0.9406896551724139,43.648,0.9406896551724139,0.0,0,0,0,0.0,Wednesday,21,1,4,0
2015-01-21,Quarter3,finishing,Wednesday,1,0.65,3.94,,2400,0,0.0,0,0,8.0,0.505128205,0,-0.14487179500000003,0,0.0,0.0,300.0,0.0,0.4925,2.561,0.4925,180.0,0,0,0,0.0,Wednesday,21,1,4,0
2015-01-21,Quarter3,sewing,Wednesday,7,0.5,22.52,1720.0,10080,23,0.0,0,0,56.0,0.500241342,1,0.00024134200000003325,1,1720.0,7.450660796211539,180.0,0.4107142857142857,0.40214285714285714,11.26,0.40214285714285714,60.0,0,0,0,0.0,Wednesday,21,1,4,0
2015-01-21,Quarter3,finishing,Wednesday,11,0.7,4.15,,2700,0,0.0,0,0,9.0,0.470769231,0,-0.22923076899999995,0,0.0,0.0,300.0,0.0,0.46111111111111114,2.9050000000000002,0.46111111111111114,180.0,0,0,0,0.0,Wednesday,21,1,4,0
2015-01-22,Quarter4,finishing,Thursday,7,0.6,3.94,,6000,0,0.0,0,0,10.0,0.957638889,1,0.35763888900000007,0,0.0,0.0,600.0,0.0,0.394,2.364,0.394,480.0,0,0,0,0.0,Thursday,22,1,4,1
2015-01-22,Quarter4,finishing,Thursday,10,0.75,3.94,,8400,0,0.0,0,0,14.0,0.940701058,1,0.19070105800000003,0,0.0,0.0,600.0,0.0,0.2814285714285714,2.955,0.2814285714285714,480.0,0,0,0,0.0,Thursday,22,1,4,1
2015-01-22,Quarter4,sewing,Thursday,4,0.75,22.52,759.0,10080,81,0.0,0,0,56.0,0.849983766,1,0.09998376600000003,1,759.0,6.633318433280377,180.0,1.4464285714285714,0.40214285714285714,16.89,0.40214285714285714,60.0,0,0,0,0.0,Thursday,22,1,4,1
2015-01-22,Quarter4,sewing,Thursday,2,0.7,22.94,1510.0,10620,60,0.0,0,0,57.0,0.800302791,1,0.10030279100000006,1,1510.0,7.32052696227274,186.31578947368422,1.0526315789473684,0.40245614035087723,16.058,0.40245614035087723,66.31578947368422,0,0,0,0.0,Thursday,22,1,4,1
2015-01-22,Quarter4,sewing,Thursday,6,0.8,11.61,955.0,6360,63,0.0,0,0,32.0,0.800191989,1,0.000191988999999948,1,955.0,6.862757913051401,198.75,1.96875,0.3628125,9.288,0.3628125,78.75,0,0,0,0.0,Thursday,22,1,4,1
2015-01-22,Quarter4,sewing,Thursday,10,0.75,22.52,1328.0,10080,55,0.0,0,0,56.0,0.800020563,1,0.05002056300000002,1,1328.0,7.192182058713246,180.0,0.9821428571428571,0.40214285714285714,16.89,0.40214285714285714,60.0,0,0,0,0.0,Thursday,22,1,4,1
2015-01-22,Quarter4,sewing,Thursday,1,0.7,22.94,1384.0,12180,63,0.0,0,0,57.0,0.750162367,1,0.050162367000000097,1,1384.0,7.233455418621439,213.68421052631578,1.105263157894737,0.40245614035087723,16.058,0.40245614035087723,93.68421052631578,0,0,0,0.0,Thursday,22,1,4,1
2015-01-22,Quarter4,sewing,Thursday,3,0.7,22.52,1244.0,10260,63,0.0,0,0,57.0,0.750068049,1,0.05006804900000006,1,1244.0,7.126890808898808,180.0,1.105263157894737,0.3950877192982456,15.764,0.3950877192982456,60.0,0,0,0,0.0,Thursday,22,1,4,1
2015-01-22,Quarter4,finishing,Thursday,5,0.7,4.15,,9000,0,0.0,0,0,15.0,0.742901235,1,0.04290123500000009,0,0.0,0.0,600.0,0.0,0.27666666666666667,2.9050000000000002,0.27666666666666667,480.0,0,0,0,0.0,Thursday,22,1,4,1
2015-01-22,Quarter4,sewing,Thursday,5,0.7,20.4,1480.0,10440,40,0.0,0,0,58.0,0.700250784,1,0.0002507840000000039,1,1480.0,7.300472814267799,180.0,0.6896551724137931,0.35172413793103446,14.279999999999998,0.35172413793103446,60.0,0,0,0,0.0,Thursday,22,1,4,1
2015-01-22,Quarter4,sewing,Thursday,11,0.7,14.89,1863.0,10260,50,0.0,0,0,57.0,0.700170388,1,0.0001703880000000213,1,1863.0,7.530479995245536,180.0,0.8771929824561403,0.2612280701754386,10.423,0.2612280701754386,60.0,0,0,0,0.0,Thursday,22,1,4,1
2015-01-22,Quarter4,finishing,Thursday,4,0.75,4.3,,9000,0,0.0,0,0,15.0,0.670216049,0,-0.07978395100000002,0,0.0,0.0,600.0,0.0,0.2866666666666667,3.2249999999999996,0.2866666666666667,480.0,0,0,0,0.0,Thursday,22,1,4,1
2015-01-22,Quarter4,finishing,Thursday,1,0.7,3.94,,15000,0,0.0,0,0,25.0,0.649662222,0,-0.050337777999999944,0,0.0,0.0,600.0,0.0,0.1576,2.758,0.1576,480.0,0,0,0,0.0,Thursday,22,1,4,1
2015-01-22,Quarter4,finishing,Thursday,2,0.7,3.94,,15000,0,0.0,0,0,25.0,0.649662222,0,-0.050337777999999944,0,0.0,0.0,600.0,0.0,0.1576,2.758,0.1576,480.0,0,0,0,0.0,Thursday,22,1,4,1
2015-01-22,Quarter4,finishing,Thursday,6,0.8,2.9,,4800,0,0.0,0,0,8.0,0.626822917,0,-0.173177083,0,0.0,0.0,600.0,0.0,0.3625,2.32,0.3625,480.0,0,0,0,0.0,Thursday,22,1,4,1
2015-01-22,Quarter4,sewing,Thursday,12,0.6,15.26,1492.0,6960,23,0.0,0,0,34.0,0.600436426,1,0.0004364260000000453,1,1492.0,7.30854279753919,204.7058823529412,0.6764705882352942,0.4488235294117647,9.155999999999999,0.4488235294117647,84.70588235294119,0,0,0,0.0,Thursday,22,1,4,1
2015-01-22,Quarter4,sewing,Thursday,7,0.6,22.52,1859.0,10260,23,0.0,0,0,57.0,0.60041361,1,0.0004136100000000642,1,1859.0,7.528331766707247,180.0,0.40350877192982454,0.3950877192982456,13.511999999999999,0.3950877192982456,60.0,0,0,0,0.0,Thursday,22,1,4,1
2015-01-22,Quarter4,sewing,Thursday,8,0.8,40.99,980.0,10770,30,0.0,0,0,56.5,0.555500132,0,-0.244499868,1,980.0,6.8885724595653635,190.61946902654867,0.5309734513274337,0.7254867256637169,32.792,0.7254867256637169,70.61946902654867,0,0,0,0.0,Thursday,22,1,4,1
2015-01-22,Quarter4,sewing,Thursday,9,0.5,29.12,970.0,10440,30,0.0,0,0,58.0,0.500547544,1,0.0005475440000000109,1,970.0,6.878326468291325,180.0,0.5172413793103449,0.5020689655172415,14.56,0.5020689655172415,60.0,0,0,0,0.0,Thursday,22,1,4,1
2015-01-22,Quarter4,finishing,Thursday,3,0.7,3.94,,12000,0,0.0,0,0,20.0,0.460578704,0,-0.23942129599999995,0,0.0,0.0,600.0,0.0,0.197,2.758,0.197,480.0,0,0,0,0.0,Thursday,22,1,4,1
2015-01-22,Quarter4,finishing,Thursday,8,0.8,2.9,,4800,0,0.0,0,0,8.0,0.397743056,0,-0.40225694400000006,0,0.0,0.0,600.0,0.0,0.3625,2.32,0.3625,480.0,0,0,0,0.0,Thursday,22,1,4,1
2015-01-22,Quarter4,finishing,Thursday,12,0.6,4.08,,5400,0,0.0,0,0,9.0,0.327407407,0,-0.272592593,0,0.0,0.0,600.0,0.0,0.45333333333333337,2.448,0.45333333333333337,480.0,0,0,0,0.0,Thursday,22,1,4,1
2015-01-24,Quarter4,finishing,Saturday,5,0.7,4.15,,2700,0,0.0,0,0,15.0,0.966666667,1,0.2666666670000001,0,0.0,0.0,180.0,0.0,0.27666666666666667,2.9050000000000002,0.27666666666666667,60.0,0,0,0,0.0,Saturday,24,1,4,1
2015-01-24,Quarter4,finishing,Saturday,10,0.75,3.94,,1800,0,0.0,0,0,10.0,0.937242424,1,0.18724242400000002,0,0.0,0.0,180.0,0.0,0.394,2.955,0.394,60.0,0,0,0,0.0,Saturday,24,1,4,1
2015-01-24,Quarter4,finishing,Saturday,8,0.8,2.9,,1620,0,0.0,0,0,9.0,0.910521886,1,0.1105218859999999,0,0.0,0.0,180.0,0.0,0.3222222222222222,2.32,0.3222222222222222,60.0,0,0,0,0.0,Saturday,24,1,4,1
2015-01-24,Quarter4,sewing,Saturday,2,0.75,22.94,1606.0,10260,94,0.0,0,0,57.0,0.90064806,1,0.15064805999999997,1,1606.0,7.382124365737512,180.0,1.6491228070175439,0.40245614035087723,17.205000000000002,0.40245614035087723,60.0,0,0,0,0.0,Saturday,24,1,4,1
2015-01-24,Quarter4,sewing,Saturday,4,0.75,22.52,727.0,10260,94,0.0,0,0,57.0,0.900321106,1,0.15032110600000004,1,727.0,6.590301048196686,180.0,1.6491228070175439,0.3950877192982456,16.89,0.3950877192982456,60.0,0,0,0,0.0,Saturday,24,1,4,1
2015-01-24,Quarter4,finishing,Saturday,11,0.75,4.15,,1800,0,0.0,0,0,10.0,0.896022727,1,0.14602272699999996,0,0.0,0.0,180.0,0.0,0.41500000000000004,3.1125000000000003,0.41500000000000004,60.0,0,0,0,0.0,Saturday,24,1,4,1
2015-01-24,Quarter4,finishing,Saturday,3,0.75,3.94,,1440,0,0.0,0,0,8.0,0.895454545,1,0.145454545,0,0.0,0.0,180.0,0.0,0.4925,2.955,0.4925,60.0,0,0,0,0.0,Saturday,24,1,4,1
2015-01-24,Quarter4,finishing,Saturday,7,0.65,3.94,,2160,0,0.0,0,0,12.0,0.870580808,1,0.22058080800000002,0,0.0,0.0,180.0,0.0,0.3283333333333333,2.561,0.3283333333333333,60.0,0,0,0,0.0,Saturday,24,1,4,1
2015-01-24,Quarter4,finishing,Saturday,12,0.7,4.08,,1620,0,0.0,0,0,9.0,0.858585859,1,0.158585859,0,0.0,0.0,180.0,0.0,0.45333333333333337,2.856,0.45333333333333337,60.0,0,0,0,0.0,Saturday,24,1,4,1
2015-01-24,Quarter4,sewing,Saturday,1,0.7,22.94,1472.0,10260,75,0.0,0,0,57.0,0.800643806,1,0.100643806,1,1472.0,7.29505641646263,180.0,1.3157894736842106,0.40245614035087723,16.058,0.40245614035087723,60.0,0,0,0,0.0,Saturday,24,1,4,1
2015-01-24,Quarter4,sewing,Saturday,10,0.75,22.52,1332.0,10080,69,0.0,0,0,56.0,0.80062987,1,0.050629869999999966,1,1332.0,7.195187320178709,180.0,1.2321428571428572,0.40214285714285714,16.89,0.40214285714285714,60.0,0,0,0,0.0,Saturday,24,1,4,1
2015-01-24,Quarter4,sewing,Saturday,6,0.8,11.61,1009.0,5640,63,0.0,0,0,32.0,0.800537143,1,0.0005371429999999622,1,1009.0,6.917705609835305,176.25,1.96875,0.3628125,9.288,0.3628125,56.25,0,0,0,0.0,Saturday,24,1,4,1
2015-01-24,Quarter4,sewing,Saturday,3,0.75,22.52,1266.0,10260,69,0.0,0,0,57.0,0.80035194,1,0.050351939999999984,1,1266.0,7.144407180321139,180.0,1.2105263157894737,0.3950877192982456,16.89,0.3950877192982456,60.0,0,0,0,0.0,Saturday,24,1,4,1
2015-01-24,Quarter4,sewing,Saturday,12,0.75,15.26,1316.0,6120,40,0.0,0,0,34.0,0.750079323,1,7.932300000002002e-05,1,1316.0,7.183111701743281,180.0,1.1764705882352942,0.4488235294117647,11.445,0.4488235294117647,60.0,0,0,0,0.0,Saturday,24,1,4,1
2015-01-24,Quarter4,sewing,Saturday,11,0.75,42.97,1282.0,10260,56,0.0,0,0,57.0,0.750041201,1,4.120100000004623e-05,1,1282.0,7.1569563646156364,180.0,0.9824561403508771,0.753859649122807,32.2275,0.753859649122807,60.0,0,0,0,0.0,Saturday,24,1,4,1
2015-01-24,Quarter4,sewing,Saturday,5,0.7,20.4,1382.0,10440,50,0.0,0,0,58.0,0.700250784,1,0.0002507840000000039,1,1382.0,7.232010331664759,180.0,0.8620689655172413,0.35172413793103446,14.279999999999998,0.35172413793103446,60.0,0,0,0,0.0,Saturday,24,1,4,1
2015-01-24,Quarter4,finishing,Saturday,4,0.75,4.3,,2160,0,0.0,0,0,12.0,0.651515152,0,-0.09848484800000001,0,0.0,0.0,180.0,0.0,0.35833333333333334,3.2249999999999996,0.35833333333333334,60.0,0,0,0,0.0,Saturday,24,1,4,1
2015-01-24,Quarter4,sewing,Saturday,7,0.65,22.52,1295.0,10170,26,0.0,0,0,56.5,0.650416734,1,0.0004167339999999742,1,1295.0,7.16703787691222,180.0,0.46017699115044247,0.3985840707964602,14.638,0.3985840707964602,60.0,0,0,0,0.0,Saturday,24,1,4,1
2015-01-24,Quarter4,sewing,Saturday,9,0.6,29.12,925.0,6660,23,0.0,0,0,58.0,0.600125217,1,0.0001252170000000108,1,925.0,6.8308742346461795,114.82758620689656,0.39655172413793105,0.5020689655172415,17.472,0.5020689655172415,0.0,0,0,0,0.0,Saturday,24,1,4,1
2015-01-24,Quarter4,finishing,Saturday,2,0.75,3.94,,1440,0,0.0,0,0,8.0,0.578314394,0,-0.17168560600000005,0,0.0,0.0,180.0,0.0,0.4925,2.955,0.4925,60.0,0,0,0,0.0,Saturday,24,1,4,1
2015-01-24,Quarter4,finishing,Saturday,1,0.7,3.94,,1440,0,0.0,0,0,8.0,0.578314394,0,-0.121685606,0,0.0,0.0,180.0,0.0,0.4925,2.758,0.4925,60.0,0,0,0,0.0,Saturday,24,1,4,1
2015-01-24,Quarter4,sewing,Saturday,8,0.35,15.09,1448.0,9360,23,0.0,0,0,52.0,0.34998951,0,-1.0489999999974131e-05,1,1448.0,7.278628942320682,180.0,0.4423076923076923,0.2901923076923077,5.281499999999999,0.2901923076923077,60.0,0,0,0,0.0,Saturday,24,1,4,1
2015-01-24,Quarter4,finishing,Saturday,9,0.6,3.94,,1440,0,0.0,0,0,8.0,0.261174242,0,-0.338825758,0,0.0,0.0,180.0,0.0,0.4925,2.364,0.4925,60.0,0,0,0,0.0,Saturday,24,1,4,1
2015-01-25,Quarter4,finishing,Sunday,5,0.7,4.15,,3060,0,0.0,0,0,17.0,0.973796791,1,0.2737967910000001,0,0.0,0.0,180.0,0.0,0.24411764705882355,2.9050000000000002,0.24411764705882355,60.0,0,0,0,0.0,Sunday,25,1,4,0
2015-01-25,Quarter4,finishing,Sunday,2,0.75,3.94,,1440,0,0.0,0,0,8.0,0.970075758,1,0.220075758,0,0.0,0.0,180.0,0.0,0.4925,2.955,0.4925,60.0,0,0,0,0.0,Sunday,25,1,4,0
2015-01-25,Quarter4,finishing,Sunday,1,0.7,3.94,,1440,0,0.0,0,0,8.0,0.970075758,1,0.27007575800000005,0,0.0,0.0,180.0,0.0,0.4925,2.758,0.4925,60.0,0,0,0,0.0,Sunday,25,1,4,0
2015-01-25,Quarter4,finishing,Sunday,3,0.75,3.94,,1620,0,0.0,0,0,9.0,0.961784512,1,0.21178451200000004,0,0.0,0.0,180.0,0.0,0.43777777777777777,2.955,0.43777777777777777,60.0,0,0,0,0.0,Sunday,25,1,4,0
2015-01-25,Quarter4,finishing,Sunday,10,0.75,3.94,,3420,0,0.0,0,0,19.0,0.955151515,1,0.20515151499999995,0,0.0,0.0,180.0,0.0,0.20736842105263156,2.955,0.20736842105263156,60.0,0,0,0,0.0,Sunday,25,1,4,0
2015-01-25,Quarter4,finishing,Sunday,4,0.75,4.3,,2160,0,0.0,0,0,12.0,0.952020202,1,0.20202020200000004,0,0.0,0.0,180.0,0.0,0.35833333333333334,3.2249999999999996,0.35833333333333334,60.0,0,0,0,0.0,Sunday,25,1,4,0
2015-01-25,Quarter4,sewing,Sunday,4,0.75,22.52,867.0,10260,94,0.0,0,0,57.0,0.900321106,1,0.15032110600000004,1,867.0,6.7661917146603505,180.0,1.6491228070175439,0.3950877192982456,16.89,0.3950877192982456,60.0,0,0,0,0.0,Sunday,25,1,4,0
2015-01-25,Quarter4,sewing,Sunday,2,0.75,22.94,1636.0,10530,81,0.0,0,0,58.5,0.850223776,1,0.10022377599999999,1,1636.0,7.400620577371135,180.0,1.3846153846153846,0.39213675213675214,17.205000000000002,0.39213675213675214,60.0,0,0,0,0.0,Sunday,25,1,4,0
2015-01-25,Quarter4,sewing,Sunday,1,0.7,22.94,1682.0,10530,75,0.0,0,0,58.5,0.800909609,1,0.10090960900000001,1,1682.0,7.428333194190806,180.0,1.2820512820512822,0.39213675213675214,16.058,0.39213675213675214,60.0,0,0,0,0.0,Sunday,25,1,4,0
2015-01-25,Quarter4,sewing,Sunday,3,0.75,22.52,1495.0,10350,55,0.0,0,0,57.5,0.800513307,1,0.05051330700000001,1,1495.0,7.310550158534422,180.0,0.9565217391304348,0.39165217391304347,16.89,0.39165217391304347,60.0,0,0,0,0.0,Sunday,25,1,4,0
2015-01-25,Quarter4,sewing,Sunday,6,0.8,11.61,1181.0,5760,63,0.0,0,0,32.0,0.800386364,1,0.0003863639999999169,1,1181.0,7.074963197966044,180.0,1.96875,0.3628125,9.288,0.3628125,60.0,0,0,0,0.0,Sunday,25,1,4,0
2015-01-25,Quarter4,sewing,Sunday,10,0.75,22.52,1413.0,10080,69,0.0,0,0,56.0,0.800020563,1,0.05002056300000002,1,1413.0,7.254177846456518,180.0,1.2321428571428572,0.40214285714285714,16.89,0.40214285714285714,60.0,0,0,0,0.0,Sunday,25,1,4,0
2015-01-25,Quarter4,finishing,Sunday,7,0.65,3.94,,2520,0,0.0,0,0,14.0,0.749188312,1,0.099188312,0,0.0,0.0,180.0,0.0,0.2814285714285714,2.561,0.2814285714285714,60.0,0,0,0,0.0,Sunday,25,1,4,0
2015-01-25,Quarter4,sewing,Sunday,7,0.7,22.52,360.0,10170,40,0.0,0,0,56.5,0.7005417,1,0.0005417000000000893,1,360.0,5.8888779583328805,180.0,0.7079646017699115,0.3985840707964602,15.764,0.3985840707964602,60.0,0,0,0,0.0,Sunday,25,1,4,0
2015-01-25,Quarter4,sewing,Sunday,12,0.7,15.26,1296.0,6120,40,0.0,0,0,34.0,0.70043672,1,0.00043672000000005706,1,1296.0,7.167809184316444,180.0,1.1764705882352942,0.4488235294117647,10.681999999999999,0.4488235294117647,60.0,0,0,0,0.0,Sunday,25,1,4,0
2015-01-25,Quarter4,sewing,Sunday,5,0.7,20.4,1217.0,10440,50,0.0,0,0,58.0,0.700250784,1,0.0002507840000000039,1,1217.0,7.1049654482698426,180.0,0.8620689655172413,0.35172413793103446,14.279999999999998,0.35172413793103446,60.0,0,0,0,0.0,Sunday,25,1,4,0
2015-01-25,Quarter4,sewing,Sunday,9,0.65,29.12,1086.0,10440,26,0.0,0,0,58.0,0.650407524,1,0.00040752399999999245,1,1086.0,6.99117688712121,180.0,0.4482758620689655,0.5020689655172415,18.928,0.5020689655172415,60.0,0,0,0,0.0,Sunday,25,1,4,0
2015-01-25,Quarter4,finishing,Sunday,12,0.7,4.08,,1620,0,0.0,0,0,9.0,0.618181818,0,-0.0818181819999999,0,0.0,0.0,180.0,0.0,0.45333333333333337,2.856,0.45333333333333337,60.0,0,0,0,0.0,Sunday,25,1,4,0
2015-01-25,Quarter4,sewing,Sunday,11,0.75,42.97,532.0,10260,40,0.0,0,0,57.0,0.59114168,0,-0.15885832,1,532.0,6.278521424165844,180.0,0.7017543859649122,0.753859649122807,32.2275,0.753859649122807,60.0,0,0,0,0.0,Sunday,25,1,4,0
2015-01-25,Quarter4,sewing,Sunday,8,0.5,15.09,1557.0,720,23,0.0,0,0,52.0,0.500061916,1,6.191600000005071e-05,1,1557.0,7.351158226430694,13.846153846153847,0.4423076923076923,0.2901923076923077,7.545,0.2901923076923077,0.0,0,0,0,0.0,Sunday,25,1,4,0
2015-01-25,Quarter4,finishing,Sunday,8,0.8,2.9,,720,0,0.0,0,0,4.0,0.329545455,0,-0.47045454500000006,0,0.0,0.0,180.0,0.0,0.725,2.32,0.725,60.0,0,0,0,0.0,Sunday,25,1,4,0
2015-01-26,Quarter4,finishing,Monday,3,0.75,3.94,,1800,0,0.0,0,0,10.0,1.059621212,1,0.3096212119999999,0,0.0,0.0,180.0,0.0,0.394,2.955,0.394,60.0,0,0,0,0.0,Monday,26,1,5,0
2015-01-26,Quarter4,finishing,Monday,10,0.75,3.94,,3780,0,0.0,0,0,21.0,0.997792208,1,0.247792208,0,0.0,0.0,180.0,0.0,0.18761904761904763,2.955,0.18761904761904763,60.0,0,0,0,0.0,Monday,26,1,5,0
2015-01-26,Quarter4,finishing,Monday,4,0.75,4.3,,2160,0,0.0,0,0,12.0,0.963699495,1,0.21369949499999996,0,0.0,0.0,180.0,0.0,0.35833333333333334,3.2249999999999996,0.35833333333333334,60.0,0,0,0,0.0,Monday,26,1,5,0
2015-01-26,Quarter4,finishing,Monday,5,0.7,4.15,,2700,0,0.0,0,0,15.0,0.959191919,1,0.25919191900000005,0,0.0,0.0,180.0,0.0,0.27666666666666667,2.9050000000000002,0.27666666666666667,60.0,0,0,0,0.0,Monday,26,1,5,0
2015-01-26,Quarter4,finishing,Monday,2,0.75,3.94,,1800,0,0.0,0,0,10.0,0.910378788,1,0.16037878800000005,0,0.0,0.0,180.0,0.0,0.394,2.955,0.394,60.0,0,0,0,0.0,Monday,26,1,5,0
2015-01-26,Quarter4,finishing,Monday,1,0.7,3.94,,1800,0,0.0,0,0,10.0,0.910378788,1,0.2103787880000001,0,0.0,0.0,180.0,0.0,0.394,2.758,0.394,60.0,0,0,0,0.0,Monday,26,1,5,0
2015-01-26,Quarter4,sewing,Monday,4,0.8,22.52,1016.0,10170,60,0.0,0,0,56.5,0.850312684,1,0.050312683999999996,1,1016.0,6.92461239604856,180.0,1.0619469026548674,0.3985840707964602,18.016000000000002,0.3985840707964602,60.0,0,0,0,0.0,Monday,26,1,5,0
2015-01-26,Quarter4,sewing,Monday,6,0.8,11.61,1072.0,5760,50,0.0,0,0,32.0,0.800386364,1,0.0003863639999999169,1,1072.0,6.9782137426306985,180.0,1.5625,0.3628125,9.288,0.3628125,60.0,0,0,0,0.0,Monday,26,1,5,0
2015-01-26,Quarter4,sewing,Monday,3,0.75,22.52,1584.0,10260,69,0.0,0,0,57.0,0.80035194,1,0.050351939999999984,1,1584.0,7.368339686311381,180.0,1.2105263157894737,0.3950877192982456,16.89,0.3950877192982456,60.0,0,0,0,0.0,Monday,26,1,5,0
2015-01-26,Quarter4,sewing,Monday,2,0.75,22.94,1764.0,10260,55,0.0,0,0,57.0,0.800034024,1,0.05003402400000001,1,1764.0,7.475905969367397,180.0,0.9649122807017544,0.40245614035087723,17.205000000000002,0.40245614035087723,60.0,0,0,0,0.0,Monday,26,1,5,0
2015-01-26,Quarter4,sewing,Monday,1,0.7,22.94,1745.0,10440,60,0.0,0,0,58.0,0.800023511,1,0.10002351100000006,1,1745.0,7.465082736399547,180.0,1.0344827586206897,0.3955172413793104,16.058,0.3955172413793104,60.0,0,0,0,0.0,Monday,26,1,5,0
2015-01-26,Quarter4,sewing,Monday,10,0.75,22.52,1250.0,10080,55,0.0,0,0,56.0,0.800020563,1,0.05002056300000002,1,1250.0,7.1316985104669115,180.0,0.9821428571428571,0.40214285714285714,16.89,0.40214285714285714,60.0,0,0,0,0.0,Monday,26,1,5,0
2015-01-26,Quarter4,finishing,Monday,12,0.7,4.08,,1620,0,0.0,0,0,9.0,0.769292929,1,0.06929292900000006,0,0.0,0.0,180.0,0.0,0.45333333333333337,2.856,0.45333333333333337,60.0,0,0,0,0.0,Monday,26,1,5,0
2015-01-26,Quarter4,sewing,Monday,5,0.75,20.4,1118.0,10320,56,0.0,0,0,58.0,0.750031447,1,3.1447000000017766e-05,1,1118.0,7.020190708311925,177.93103448275863,0.9655172413793104,0.35172413793103446,15.299999999999999,0.35172413793103446,57.93103448275863,0,0,0,0.0,Monday,26,1,5,0
2015-01-26,Quarter4,sewing,Monday,9,0.7,29.12,1143.0,10440,40,0.0,0,0,58.0,0.70061442,1,0.0006144200000000044,1,1143.0,7.042286171939743,180.0,0.6896551724137931,0.5020689655172415,20.384,0.5020689655172415,60.0,0,0,0,0.0,Monday,26,1,5,0
2015-01-26,Quarter4,sewing,Monday,12,0.7,15.26,1337.0,6120,40,0.0,0,0,34.0,0.70043672,1,0.00043672000000005706,1,1337.0,7.198931240688173,180.0,1.1764705882352942,0.4488235294117647,10.681999999999999,0.4488235294117647,60.0,0,0,0,0.0,Monday,26,1,5,0
2015-01-26,Quarter4,finishing,Monday,7,0.65,3.94,,1440,0,0.0,0,0,8.0,0.646306818,0,-0.003693182000000017,0,0.0,0.0,180.0,0.0,0.4925,2.561,0.4925,60.0,0,0,0,0.0,Monday,26,1,5,0
2015-01-26,Quarter4,sewing,Monday,8,0.6,15.09,1519.0,360,23,0.0,0,0,52.0,0.600143365,1,0.0001433650000000064,1,1519.0,7.326465613840322,6.923076923076923,0.4423076923076923,0.2901923076923077,9.054,0.2901923076923077,0.0,0,0,0,0.0,Monday,26,1,5,0
2015-01-26,Quarter4,sewing,Monday,11,0.35,28.08,749.0,10260,23,0.0,0,0,57.0,0.350066986,1,6.698600000004662e-05,1,749.0,6.620073206530356,180.0,0.40350877192982454,0.49263157894736836,9.828,0.49263157894736836,60.0,0,0,0,0.0,Monday,26,1,5,0
2015-01-27,Quarter4,sewing,Tuesday,2,0.75,22.52,1635.0,6840,119,0.0,0,0,57.0,1.000230409,1,0.25023040900000004,1,1635.0,7.400009517162692,120.0,2.087719298245614,0.3950877192982456,16.89,0.3950877192982456,0.0,0,0,0,0.0,Tuesday,27,1,5,0
2015-01-27,Quarter4,sewing,Tuesday,3,0.75,22.52,1299.0,6840,119,0.0,0,0,57.0,1.000230409,1,0.25023040900000004,1,1299.0,7.170119543449628,120.0,2.087719298245614,0.3950877192982456,16.89,0.3950877192982456,0.0,0,0,0,0.0,Tuesday,27,1,5,0
2015-01-27,Quarter4,finishing,Tuesday,10,0.8,3.94,,1440,0,0.0,0,0,12.0,0.979527778,1,0.17952777799999997,0,0.0,0.0,120.0,0.0,0.3283333333333333,3.152,0.3283333333333333,0.0,0,0,0,0.0,Tuesday,27,1,5,0
2015-01-27,Quarter4,finishing,Tuesday,4,0.8,4.3,,1440,0,0.0,0,0,12.0,0.940625,1,0.140625,0,0.0,0.0,120.0,0.0,0.35833333333333334,3.44,0.35833333333333334,0.0,0,0,0,0.0,Tuesday,27,1,5,0
2015-01-27,Quarter4,finishing,Tuesday,5,0.5,4.15,,1440,0,0.0,0,0,12.0,0.926388889,1,0.42638888900000005,0,0.0,0.0,120.0,0.0,0.3458333333333334,2.075,0.3458333333333334,0.0,0,0,0,0.0,Tuesday,27,1,5,0
2015-01-27,Quarter4,sewing,Tuesday,10,0.8,22.52,1134.0,6720,70,0.0,0,0,56.0,0.900129762,1,0.10012976200000001,1,1134.0,7.034387929915503,120.0,1.25,0.40214285714285714,18.016000000000002,0.40214285714285714,0.0,0,0,0,0.0,Tuesday,27,1,5,0
2015-01-27,Quarter4,finishing,Tuesday,3,0.75,3.94,,1440,0,0.0,0,0,12.0,0.861875,1,0.11187499999999995,0,0.0,0.0,120.0,0.0,0.3283333333333333,2.955,0.3283333333333333,0.0,0,0,0,0.0,Tuesday,27,1,5,0
2015-01-27,Quarter4,sewing,Tuesday,4,0.8,22.52,1106.0,6780,60,0.0,0,0,56.5,0.850312684,1,0.050312683999999996,1,1106.0,7.009408932708637,120.0,1.0619469026548674,0.3985840707964602,18.016000000000002,0.3985840707964602,0.0,0,0,0,0.0,Tuesday,27,1,5,0
2015-01-27,Quarter4,finishing,Tuesday,8,0.65,3.94,,960,0,0.0,0,0,8.0,0.845458333,1,0.19545833299999993,0,0.0,0.0,120.0,0.0,0.4925,2.561,0.4925,0.0,0,0,0,0.0,Tuesday,27,1,5,0
2015-01-27,Quarter4,finishing,Tuesday,12,0.7,4.15,,1080,0,0.0,0,0,9.0,0.823555556,1,0.12355555600000001,0,0.0,0.0,120.0,0.0,0.46111111111111114,2.9050000000000002,0.46111111111111114,0.0,0,0,0,0.0,Tuesday,27,1,5,0
2015-01-27,Quarter4,finishing,Tuesday,7,0.5,4.15,,960,0,0.0,0,0,8.0,0.803541667,1,0.30354166699999996,0,0.0,0.0,120.0,0.0,0.51875,2.075,0.51875,0.0,0,0,0,0.0,Tuesday,27,1,5,0
2015-01-27,Quarter4,sewing,Tuesday,1,0.75,22.94,1871.0,6960,55,0.0,0,0,58.0,0.800263218,1,0.050263218,1,1871.0,7.534762657037537,120.0,0.9482758620689655,0.3955172413793104,17.205000000000002,0.3955172413793104,0.0,0,0,0,0.0,Tuesday,27,1,5,0
2015-01-27,Quarter4,finishing,Tuesday,2,0.75,3.94,,1200,0,0.0,0,0,10.0,0.788,1,0.038000000000000034,0,0.0,0.0,120.0,0.0,0.394,2.955,0.394,0.0,0,0,0,0.0,Tuesday,27,1,5,0
2015-01-27,Quarter4,finishing,Tuesday,1,0.75,3.94,,1200,0,0.0,0,0,10.0,0.77815,1,0.02815000000000001,0,0.0,0.0,120.0,0.0,0.394,2.955,0.394,0.0,0,0,0,0.0,Tuesday,27,1,5,0
2015-01-27,Quarter4,sewing,Tuesday,9,0.7,29.12,1294.0,6960,50,0.0,0,0,58.0,0.700386207,1,0.0003862070000000273,1,1294.0,7.166265974133638,120.0,0.8620689655172413,0.5020689655172415,20.384,0.5020689655172415,0.0,0,0,0,0.0,Tuesday,27,1,5,0
2015-01-27,Quarter4,sewing,Tuesday,12,0.7,15.26,1462.0,4080,40,0.0,0,0,34.0,0.700164706,1,0.00016470600000006996,1,1462.0,7.288244401020124,120.0,1.1764705882352942,0.4488235294117647,10.681999999999999,0.4488235294117647,0.0,0,0,0,0.0,Tuesday,27,1,5,0
2015-01-27,Quarter4,sewing,Tuesday,8,0.65,15.09,976.0,240,23,0.0,0,0,52.0,0.650307143,1,0.0003071430000000097,1,976.0,6.884486652042782,4.615384615384615,0.4423076923076923,0.2901923076923077,9.8085,0.2901923076923077,0.0,0,0,0,0.0,Tuesday,27,1,5,0
2015-01-27,Quarter4,sewing,Tuesday,6,0.8,30.4,338.0,3840,34,0.0,0,0,32.0,0.622828125,0,-0.1771718750000001,1,338.0,5.82600010738045,120.0,1.0625,0.95,24.32,0.95,0.0,0,0,0,0.0,Tuesday,27,1,5,0
2015-01-27,Quarter4,finishing,Tuesday,6,0.8,2.9,,960,0,0.0,0,0,8.0,0.6225,0,-0.1775,0,0.0,0.0,120.0,0.0,0.3625,2.32,0.3625,0.0,0,0,0,0.0,Tuesday,27,1,5,0
2015-01-27,Quarter4,sewing,Tuesday,5,0.5,20.79,1455.0,6960,30,0.0,0,0,58.0,0.500035345,1,3.5345000000019944e-05,1,1455.0,7.283448228756631,120.0,0.5172413793103449,0.35844827586206895,10.395,0.35844827586206895,0.0,0,0,0,0.0,Tuesday,27,1,5,0
2015-01-27,Quarter4,sewing,Tuesday,11,0.5,48.18,1282.0,6480,23,0.0,0,0,54.0,0.37046657,0,-0.12953343,1,1282.0,7.1569563646156364,120.0,0.42592592592592593,0.8922222222222222,24.09,0.8922222222222222,0.0,0,0,0,0.0,Tuesday,27,1,5,0
2015-01-28,Quarter4,sewing,Wednesday,2,0.8,22.52,1559.0,6840,90,0.0,0,0,57.0,1.000230409,1,0.200230409,1,1559.0,7.352441100243583,120.0,1.5789473684210527,0.3950877192982456,18.016000000000002,0.3950877192982456,0.0,0,0,0,0.0,Wednesday,28,1,5,0
2015-01-28,Quarter4,sewing,Wednesday,3,0.8,22.52,1350.0,6840,113,0.0,0,0,57.0,1.000230409,1,0.200230409,1,1350.0,7.208600337960199,120.0,1.9824561403508771,0.3950877192982456,18.016000000000002,0.3950877192982456,0.0,0,0,0,0.0,Wednesday,28,1,5,0
2015-01-28,Quarter4,finishing,Wednesday,6,0.35,2.9,,1800,0,0.0,0,0,15.0,0.977555556,1,0.627555556,0,0.0,0.0,120.0,0.0,0.19333333333333333,1.015,0.19333333333333333,0.0,0,0,0,0.0,Wednesday,28,1,5,0
2015-01-28,Quarter4,finishing,Wednesday,1,0.75,3.94,,1200,0,0.0,0,0,10.0,0.9456,1,0.1956,0,0.0,0.0,120.0,0.0,0.394,2.955,0.394,0.0,0,0,0,0.0,Wednesday,28,1,5,0
2015-01-28,Quarter4,finishing,Wednesday,2,0.8,3.94,,1800,0,0.0,0,0,15.0,0.902222222,1,0.10222222199999997,0,0.0,0.0,120.0,0.0,0.26266666666666666,3.152,0.26266666666666666,0.0,0,0,0,0.0,Wednesday,28,1,5,0
2015-01-28,Quarter4,sewing,Wednesday,10,0.8,22.52,1175.0,6720,60,0.0,0,0,56.0,0.850532143,1,0.050532142999999974,1,1175.0,7.069874128458572,120.0,1.0714285714285714,0.40214285714285714,18.016000000000002,0.40214285714285714,0.0,0,0,0,0.0,Wednesday,28,1,5,0
2015-01-28,Quarter4,sewing,Wednesday,1,0.75,22.94,1868.0,6960,81,0.0,0,0,58.0,0.850362069,1,0.100362069,1,1868.0,7.533158807455563,120.0,1.396551724137931,0.3955172413793104,17.205000000000002,0.3955172413793104,0.0,0,0,0,0.0,Wednesday,28,1,5,0
2015-01-28,Quarter4,finishing,Wednesday,10,0.8,3.94,,1200,0,0.0,0,0,10.0,0.840533333,1,0.04053333299999995,0,0.0,0.0,120.0,0.0,0.394,3.152,0.394,0.0,0,0,0,0.0,Wednesday,28,1,5,0
2015-01-28,Quarter4,sewing,Wednesday,5,0.6,20.79,1045.0,6960,88,0.0,0,0,58.0,0.800534483,1,0.20053448299999999,1,1045.0,6.952728644624869,120.0,1.5172413793103448,0.35844827586206895,12.473999999999998,0.35844827586206895,0.0,0,0,0,0.0,Wednesday,28,1,5,0
2015-01-28,Quarter4,sewing,Wednesday,4,0.8,22.52,1342.0,6780,50,0.0,0,0,56.5,0.800489676,1,0.0004896759999999389,1,1342.0,7.202661196523238,120.0,0.8849557522123894,0.3985840707964602,18.016000000000002,0.3985840707964602,0.0,0,0,0,0.0,Wednesday,28,1,5,0
2015-01-28,Quarter4,finishing,Wednesday,12,0.75,4.08,,1080,0,0.0,0,0,9.0,0.755555556,1,0.005555556000000017,0,0.0,0.0,120.0,0.0,0.45333333333333337,3.06,0.45333333333333337,0.0,0,0,0,0.0,Wednesday,28,1,5,0
2015-01-28,Quarter4,sewing,Wednesday,9,0.7,29.12,1340.0,6960,63,0.0,0,0,58.0,0.750593103,1,0.050593103000000084,1,1340.0,7.201170883281678,120.0,1.0862068965517242,0.5020689655172415,20.384,0.5020689655172415,0.0,0,0,0,0.0,Wednesday,28,1,5,0
2015-01-28,Quarter4,sewing,Wednesday,12,0.75,15.26,1429.0,3600,45,0.0,0,0,35.0,0.750283333,1,0.00028333300000005224,1,1429.0,7.265429723253953,102.85714285714286,1.2857142857142858,0.436,11.445,0.436,0.0,0,0,0,0.0,Wednesday,28,1,5,0
2015-01-28,Quarter4,finishing,Wednesday,4,0.8,4.3,,1440,0,0.0,0,0,12.0,0.722638889,0,-0.0773611110000001,0,0.0,0.0,120.0,0.0,0.35833333333333334,3.44,0.35833333333333334,0.0,0,0,0,0.0,Wednesday,28,1,5,0
2015-01-28,Quarter4,finishing,Wednesday,8,0.65,4.15,,960,0,0.0,0,0,8.0,0.553333333,0,-0.09666666700000004,0,0.0,0.0,120.0,0.0,0.51875,2.6975000000000002,0.51875,0.0,0,0,0,0.0,Wednesday,28,1,5,0
2015-01-28,Quarter4,sewing,Wednesday,11,0.5,20.1,1413.0,5880,46,0.0,0,0,54.0,0.500567308,1,0.0005673080000000441,1,1413.0,7.254177846456518,108.88888888888889,0.8518518518518519,0.37222222222222223,10.05,0.37222222222222223,0.0,0,0,0,0.0,Wednesday,28,1,5,0
2015-01-28,Quarter4,sewing,Wednesday,8,0.7,38.09,336.0,6240,0,0.0,0,0,52.0,0.467693269,0,-0.23230673099999993,1,336.0,5.820082930352362,120.0,0.0,0.7325,26.663,0.7325,0.0,0,0,0,0.0,Wednesday,28,1,5,0
2015-01-28,Quarter4,sewing,Wednesday,6,0.35,18.79,511.0,1800,23,0.0,0,0,32.0,0.437995338,1,0.08799533800000003,1,511.0,6.238324625039508,56.25,0.71875,0.5871875,6.576499999999999,0.5871875,0.0,0,0,0,0.0,Wednesday,28,1,5,0
2015-01-28,Quarter4,finishing,Wednesday,7,0.6,3.94,,960,0,0.0,0,0,8.0,0.406354167,0,-0.193645833,0,0.0,0.0,120.0,0.0,0.4925,2.364,0.4925,0.0,0,0,0,0.0,Wednesday,28,1,5,0
2015-01-28,Quarter4,sewing,Wednesday,7,0.6,23.54,958.0,6600,0,0.0,0,0,55.0,0.285333333,0,-0.31466666699999996,1,958.0,6.8658910748834385,120.0,0.0,0.428,14.123999999999999,0.428,0.0,0,0,0,0.0,Wednesday,28,1,5,0
2015-01-28,Quarter4,finishing,Wednesday,11,0.5,2.9,,960,0,0.0,0,0,8.0,0.259375,0,-0.24062499999999998,0,0.0,0.0,120.0,0.0,0.3625,1.45,0.3625,0.0,0,0,0,0.0,Wednesday,28,1,5,0
2015-01-29,Quarter5,sewing,Thursday,2,0.8,22.52,1416.0,6840,113,0.0,0,0,57.0,1.000230409,1,0.200230409,1,1416.0,7.256297239690681,120.0,1.9824561403508771,0.3950877192982456,18.016000000000002,0.3950877192982456,0.0,0,0,0,0.0,Thursday,29,1,5,1
2015-01-29,Quarter5,finishing,Thursday,4,0.8,4.3,,1200,0,0.0,0,0,10.0,0.989,1,0.18899999999999995,0,0.0,0.0,120.0,0.0,0.43,3.44,0.43,0.0,0,0,0,0.0,Thursday,29,1,5,1
2015-01-29,Quarter5,sewing,Thursday,3,0.8,22.52,1287.0,6840,100,0.0,0,0,57.0,0.950185965,1,0.15018596499999992,1,1287.0,7.160845906664299,120.0,1.7543859649122806,0.3950877192982456,18.016000000000002,0.3950877192982456,0.0,0,0,0,0.0,Thursday,29,1,5,1
2015-01-29,Quarter5,sewing,Thursday,4,0.8,22.52,1444.0,6900,88,0.0,0,0,57.5,0.9008,1,0.1008,1,1444.0,7.275864600546533,120.0,1.5304347826086957,0.39165217391304347,18.016000000000002,0.39165217391304347,0.0,0,0,0,0.0,Thursday,29,1,5,1
2015-01-29,Quarter5,sewing,Thursday,10,0.8,22.52,1088.0,6720,88,0.0,0,0,56.0,0.900129762,1,0.10012976200000001,1,1088.0,6.9930151229329605,120.0,1.5714285714285714,0.40214285714285714,18.016000000000002,0.40214285714285714,0.0,0,0,0,0.0,Thursday,29,1,5,1
2015-01-29,Quarter5,finishing,Thursday,6,0.5,2.9,,1200,0,0.0,0,0,10.0,0.899,1,0.399,0,0.0,0.0,120.0,0.0,0.29,1.45,0.29,0.0,0,0,0,0.0,Thursday,29,1,5,1
2015-01-29,Quarter5,finishing,Thursday,8,0.65,4.15,,960,0,0.0,0,0,8.0,0.877552083,1,0.22755208299999996,0,0.0,0.0,120.0,0.0,0.51875,2.6975000000000002,0.51875,0.0,0,0,0,0.0,Thursday,29,1,5,1
2015-01-29,Quarter5,finishing,Thursday,11,0.6,2.9,,960,0,0.0,0,0,8.0,0.864583333,1,0.26458333300000003,0,0.0,0.0,120.0,0.0,0.3625,1.74,0.3625,0.0,0,0,0,0.0,Thursday,29,1,5,1
2015-01-29,Quarter5,finishing,Thursday,10,0.8,3.94,,1200,0,0.0,0,0,10.0,0.85695,1,0.056949999999999945,0,0.0,0.0,120.0,0.0,0.394,3.152,0.394,0.0,0,0,0,0.0,Thursday,29,1,5,1
2015-01-29,Quarter5,finishing,Thursday,1,0.75,3.94,,1200,0,0.0,0,0,10.0,0.853666667,1,0.10366666700000005,0,0.0,0.0,120.0,0.0,0.394,2.955,0.394,0.0,0,0,0,0.0,Thursday,29,1,5,1
2015-01-29,Quarter5,sewing,Thursday,1,0.75,22.94,1579.0,6960,81,0.0,0,0,58.0,0.850362069,1,0.100362069,1,1579.0,7.365180126021013,120.0,1.396551724137931,0.3955172413793104,17.205000000000002,0.3955172413793104,0.0,0,0,0,0.0,Thursday,29,1,5,1
2015-01-29,Quarter5,sewing,Thursday,9,0.7,29.12,1170.0,6960,53,0.0,0,0,58.0,0.850170115,1,0.150170115,1,1170.0,7.065613363597717,120.0,0.9137931034482759,0.5020689655172415,20.384,0.5020689655172415,0.0,0,0,0,0.0,Thursday,29,1,5,1
2015-01-29,Quarter5,sewing,Thursday,5,0.65,20.79,1015.0,7080,81,0.0,0,0,59.0,0.800473729,1,0.150473729,1,1015.0,6.923628628138427,120.0,1.3728813559322033,0.3523728813559322,13.5135,0.3523728813559322,0.0,0,0,0,0.0,Thursday,29,1,5,1
2015-01-29,Quarter5,finishing,Thursday,2,0.8,3.94,,1200,0,0.0,0,0,10.0,0.773333333,0,-0.02666666700000009,0,0.0,0.0,120.0,0.0,0.394,3.152,0.394,0.0,0,0,0,0.0,Thursday,29,1,5,1
2015-01-29,Quarter5,sewing,Thursday,12,0.75,15.26,1436.0,4200,45,0.0,0,0,35.0,0.750646667,1,0.0006466670000000452,1,1436.0,7.270312886079025,120.0,1.2857142857142858,0.436,11.445,0.436,0.0,0,0,0,0.0,Thursday,29,1,5,1
2015-01-29,Quarter5,finishing,Thursday,12,0.75,4.08,,1080,0,0.0,0,0,9.0,0.634666667,0,-0.11533333300000004,0,0.0,0.0,120.0,0.0,0.45333333333333337,3.06,0.45333333333333337,0.0,0,0,0,0.0,Thursday,29,1,5,1
2015-01-29,Quarter5,sewing,Thursday,11,0.6,20.1,1601.0,4320,46,0.0,0,0,51.0,0.60059761,1,0.0005976100000000262,1,1601.0,7.379008127628304,84.70588235294117,0.9019607843137255,0.3941176470588236,12.06,0.3941176470588236,0.0,0,0,0,0.0,Thursday,29,1,5,1
2015-01-29,Quarter5,sewing,Thursday,6,0.5,18.79,717.0,3960,23,0.0,0,0,33.0,0.500117677,1,0.00011767699999998271,1,717.0,6.576469569048224,120.0,0.696969696969697,0.5693939393939393,9.395,0.5693939393939393,0.0,0,0,0,0.0,Thursday,29,1,5,1
2015-01-29,Quarter5,finishing,Thursday,3,0.8,3.94,,960,0,0.0,0,0,8.0,0.4925,0,-0.30750000000000005,0,0.0,0.0,120.0,0.0,0.4925,3.152,0.4925,0.0,0,0,0,0.0,Thursday,29,1,5,1
2015-01-29,Quarter5,sewing,Thursday,7,0.65,23.54,830.0,6600,0,0.0,0,0,55.0,0.48792,0,-0.16208,1,830.0,6.7226297948554485,120.0,0.0,0.428,15.301,0.428,0.0,0,0,0,0.0,Thursday,29,1,5,1
2015-01-31,Quarter5,sewing,Saturday,3,0.8,22.52,1136.0,6960,113,0.0,0,0,58.0,1.000457471,1,0.200457471,1,1136.0,7.036148493750536,120.0,1.9482758620689655,0.3882758620689655,18.016000000000002,0.3882758620689655,0.0,0,0,0,0.0,Saturday,31,1,5,1
2015-01-31,Quarter5,sewing,Saturday,2,0.8,22.52,1397.0,6840,113,0.0,0,0,57.0,1.000230409,1,0.200230409,1,1397.0,7.242797922793756,120.0,1.9824561403508771,0.3950877192982456,18.016000000000002,0.3950877192982456,0.0,0,0,0,0.0,Saturday,31,1,5,1
2015-01-31,Quarter5,finishing,Saturday,2,0.8,3.94,,1200,0,0.0,0,0,10.0,0.971866667,1,0.17186666699999997,0,0.0,0.0,120.0,0.0,0.394,3.152,0.394,0.0,0,0,0,0.0,Saturday,31,1,5,1
2015-01-31,Quarter5,finishing,Saturday,3,0.8,3.94,,960,0,0.0,0,0,8.0,0.971866667,1,0.17186666699999997,0,0.0,0.0,120.0,0.0,0.4925,3.152,0.4925,0.0,0,0,0,0.0,Saturday,31,1,5,1
2015-01-31,Quarter5,finishing,Saturday,4,0.8,3.94,,1200,0,0.0,0,0,10.0,0.971866667,1,0.17186666699999997,0,0.0,0.0,120.0,0.0,0.394,3.152,0.394,0.0,0,0,0,0.0,Saturday,31,1,5,1
2015-01-31,Quarter5,finishing,Saturday,10,0.8,3.94,,1200,0,0.0,0,0,10.0,0.971866667,1,0.17186666699999997,0,0.0,0.0,120.0,0.0,0.394,3.152,0.394,0.0,0,0,0,0.0,Saturday,31,1,5,1
2015-01-31,Quarter5,finishing,Saturday,1,0.75,3.94,,1800,0,0.0,0,0,15.0,0.971866667,1,0.22186666700000002,0,0.0,0.0,120.0,0.0,0.26266666666666666,2.955,0.26266666666666666,0.0,0,0,0,0.0,Saturday,31,1,5,1
2015-01-31,Quarter5,finishing,Saturday,9,0.75,3.94,,240,0,0.0,0,0,2.0,0.971866667,1,0.22186666700000002,0,0.0,0.0,120.0,0.0,1.97,2.955,1.97,0.0,0,0,0,0.0,Saturday,31,1,5,1
2015-01-31,Quarter5,finishing,Saturday,12,0.75,4.08,,1080,0,0.0,0,0,9.0,0.971866667,1,0.22186666700000002,0,0.0,0.0,120.0,0.0,0.45333333333333337,3.06,0.45333333333333337,0.0,0,0,0,0.0,Saturday,31,1,5,1
2015-01-31,Quarter5,finishing,Saturday,5,0.7,3.94,,240,0,0.0,0,0,2.0,0.971866667,1,0.27186666700000006,0,0.0,0.0,120.0,0.0,1.97,2.758,1.97,0.0,0,0,0,0.0,Saturday,31,1,5,1
2015-01-31,Quarter5,finishing,Saturday,7,0.7,3.94,,1200,0,0.0,0,0,10.0,0.971866667,1,0.27186666700000006,0,0.0,0.0,120.0,0.0,0.394,2.758,0.394,0.0,0,0,0,0.0,Saturday,31,1,5,1
2015-01-31,Quarter5,finishing,Saturday,8,0.65,3.94,,960,0,0.0,0,0,8.0,0.971866667,1,0.321866667,0,0.0,0.0,120.0,0.0,0.4925,2.561,0.4925,0.0,0,0,0,0.0,Saturday,31,1,5,1
2015-01-31,Quarter5,finishing,Saturday,11,0.65,3.94,,600,0,0.0,0,0,5.0,0.971866667,1,0.321866667,0,0.0,0.0,120.0,0.0,0.788,2.561,0.788,0.0,0,0,0,0.0,Saturday,31,1,5,1
2015-01-31,Quarter5,finishing,Saturday,6,0.6,3.94,,1200,0,0.0,0,0,10.0,0.971866667,1,0.37186666700000004,0,0.0,0.0,120.0,0.0,0.394,2.364,0.394,0.0,0,0,0,0.0,Saturday,31,1,5,1
2015-01-31,Quarter5,sewing,Saturday,10,0.8,22.52,1116.0,6720,93,0.0,0,0,56.0,0.920236905,1,0.12023690499999995,1,1116.0,7.018401799069201,120.0,1.6607142857142858,0.40214285714285714,18.016000000000002,0.40214285714285714,0.0,0,0,0,0.0,Saturday,31,1,5,1
2015-01-31,Quarter5,sewing,Saturday,4,0.8,22.52,1432.0,6660,88,0.0,0,0,57.5,0.900537069,1,0.10053706899999992,1,1432.0,7.267525427828172,115.82608695652173,1.5304347826086957,0.39165217391304347,18.016000000000002,0.39165217391304347,0.0,0,0,0,0.0,Saturday,31,1,5,1
2015-01-31,Quarter5,sewing,Saturday,9,0.75,29.12,1082.0,6840,81,0.0,0,0,57.0,0.850610526,1,0.10061052599999998,1,1082.0,6.9874902470009905,120.0,1.4210526315789473,0.5108771929824562,21.84,0.5108771929824562,0.0,0,0,0,0.0,Saturday,31,1,5,1
2015-01-31,Quarter5,sewing,Saturday,1,0.75,22.94,1502.0,6960,81,0.0,0,0,58.0,0.850362069,1,0.100362069,1,1502.0,7.315218389752975,120.0,1.396551724137931,0.3955172413793104,17.205000000000002,0.3955172413793104,0.0,0,0,0,0.0,Saturday,31,1,5,1
2015-01-31,Quarter5,sewing,Saturday,12,0.75,15.26,1209.0,4200,45,0.0,0,0,35.0,0.750646667,1,0.0006466670000000452,1,1209.0,7.098375638590786,120.0,1.2857142857142858,0.436,11.445,0.436,0.0,0,0,0,0.0,Saturday,31,1,5,1
2015-01-31,Quarter5,sewing,Saturday,5,0.7,50.89,282.0,5880,56,0.0,0,0,59.0,0.656763743,0,-0.043236257,1,282.0,5.645446897643238,99.66101694915254,0.9491525423728814,0.8625423728813559,35.623,0.8625423728813559,0.0,0,0,0,0.0,Saturday,31,1,5,1
2015-01-31,Quarter5,sewing,Saturday,11,0.65,20.1,1417.0,6480,49,0.0,0,0,54.0,0.650148148,1,0.0001481479999999591,1,1417.0,7.257002707092073,120.0,0.9074074074074074,0.37222222222222223,13.065000000000001,0.37222222222222223,0.0,0,0,0,0.0,Saturday,31,1,5,1
2015-01-31,Quarter5,sewing,Saturday,6,0.6,18.79,799.0,3960,23,0.0,0,0,33.0,0.600710606,1,0.000710606000000058,1,799.0,6.684611727667927,120.0,0.696969696969697,0.5693939393939393,11.274,0.5693939393939393,0.0,0,0,0,0.0,Saturday,31,1,5,1
2015-01-31,Quarter5,sewing,Saturday,7,0.7,23.54,1109.0,6720,0,0.0,0,0,56.0,0.388830357,0,-0.31116964299999994,1,1109.0,7.01211529430638,120.0,0.0,0.4203571428571428,16.477999999999998,0.4203571428571428,0.0,0,0,0,0.0,Saturday,31,1,5,1
2015-01-31,Quarter5,sewing,Saturday,8,0.5,23.54,1144.0,6480,0,0.0,0,0,54.0,0.286984568,0,-0.213015432,1,1144.0,7.0431599159883405,120.0,0.0,0.4359259259259259,11.77,0.4359259259259259,0.0,0,0,0,0.0,Saturday,31,1,5,1
2015-02-01,Quarter1,finishing,Sunday,8,0.65,4.15,,960,0,0.0,0,0,8.0,1.0115625,1,0.3615624999999999,0,0.0,0.0,120.0,0.0,0.51875,2.6975000000000002,0.51875,0.0,0,0,0,0.0,Sunday,1,2,5,0
2015-02-01,Quarter1,sewing,Sunday,2,0.8,22.52,1396.0,6900,113,0.0,0,0,57.5,1.000671304,1,0.20067130399999988,1,1396.0,7.242082359256962,120.0,1.9652173913043478,0.39165217391304347,18.016000000000002,0.39165217391304347,0.0,0,0,0,0.0,Sunday,1,2,5,0
2015-02-01,Quarter1,sewing,Sunday,1,0.8,22.94,1582.0,3060,113,0.0,0,0,58.5,1.000402055,1,0.20040205499999986,1,1582.0,7.367077059881012,52.30769230769231,1.9316239316239316,0.39213675213675214,18.352,0.39213675213675214,0.0,0,0,0,0.0,Sunday,1,2,5,0
2015-02-01,Quarter1,finishing,Sunday,1,0.75,3.94,,2280,0,0.0,0,0,19.0,0.950438596,1,0.20043859600000002,0,0.0,0.0,120.0,0.0,0.20736842105263156,2.955,0.20736842105263156,0.0,0,0,0,0.0,Sunday,1,2,5,0
2015-02-01,Quarter1,sewing,Sunday,3,0.8,22.52,1124.0,6840,100,0.0,0,0,57.0,0.950185965,1,0.15018596499999992,1,1124.0,7.025538314638521,120.0,1.7543859649122806,0.3950877192982456,18.016000000000002,0.3950877192982456,0.0,0,0,0,0.0,Sunday,1,2,5,0
2015-02-01,Quarter1,finishing,Sunday,2,0.8,3.94,,1200,0,0.0,0,0,10.0,0.912766667,1,0.11276666699999993,0,0.0,0.0,120.0,0.0,0.394,3.152,0.394,0.0,0,0,0,0.0,Sunday,1,2,5,0
2015-02-01,Quarter1,finishing,Sunday,7,0.7,3.94,,2160,0,0.0,0,0,18.0,0.892194444,1,0.19219444400000008,0,0.0,0.0,120.0,0.0,0.21888888888888888,2.758,0.21888888888888888,0.0,0,0,0,0.0,Sunday,1,2,5,0
2015-02-01,Quarter1,finishing,Sunday,10,0.8,3.94,,1200,0,0.0,0,0,10.0,0.8865,1,0.08649999999999991,0,0.0,0.0,120.0,0.0,0.394,3.152,0.394,0.0,0,0,0,0.0,Sunday,1,2,5,0
2015-02-01,Quarter1,sewing,Sunday,10,0.8,22.52,1282.0,6720,75,0.0,0,0,56.0,0.850532143,1,0.050532142999999974,1,1282.0,7.1569563646156364,120.0,1.3392857142857142,0.40214285714285714,18.016000000000002,0.40214285714285714,0.0,0,0,0,0.0,Sunday,1,2,5,0
2015-02-01,Quarter1,sewing,Sunday,4,0.8,22.52,1472.0,7020,60,0.0,0,0,58.5,0.85011396,1,0.0501139599999999,1,1472.0,7.29505641646263,120.0,1.0256410256410255,0.38495726495726496,18.016000000000002,0.38495726495726496,0.0,0,0,0,0.0,Sunday,1,2,5,0
2015-02-01,Quarter1,finishing,Sunday,4,0.8,4.3,,1440,0,0.0,0,0,12.0,0.845069444,1,0.0450694439999999,0,0.0,0.0,120.0,0.0,0.35833333333333334,3.44,0.35833333333333334,0.0,0,0,0,0.0,Sunday,1,2,5,0
2015-02-01,Quarter1,sewing,Sunday,9,0.75,29.12,1282.0,6960,45,0.0,0,0,58.0,0.750593103,1,0.0005931030000000392,1,1282.0,7.1569563646156364,120.0,0.7758620689655172,0.5020689655172415,21.84,0.5020689655172415,0.0,0,0,0,0.0,Sunday,1,2,5,0
2015-02-01,Quarter1,sewing,Sunday,12,0.75,15.26,1276.0,1440,45,0.0,0,0,35.0,0.750450658,1,0.0004506579999999927,1,1276.0,7.152268856032539,41.142857142857146,1.2857142857142858,0.436,11.445,0.436,0.0,0,0,0,0.0,Sunday,1,2,5,0
2015-02-01,Quarter1,finishing,Sunday,12,0.75,4.08,,1080,0,0.0,0,0,9.0,0.702666667,0,-0.04733333299999998,0,0.0,0.0,120.0,0.0,0.45333333333333337,3.06,0.45333333333333337,0.0,0,0,0,0.0,Sunday,1,2,5,0
2015-02-01,Quarter1,sewing,Sunday,11,0.7,20.1,1192.0,6120,75,0.0,0,0,54.0,0.700508929,1,0.0005089289999999913,1,1192.0,7.084226422097916,113.33333333333333,1.3888888888888888,0.37222222222222223,14.07,0.37222222222222223,0.0,0,0,0,0.0,Sunday,1,2,5,0
2015-02-01,Quarter1,sewing,Sunday,6,0.65,18.79,881.0,3960,26,0.0,0,0,33.0,0.651007071,1,0.0010070709999999705,1,881.0,6.782192056006791,120.0,0.7878787878787878,0.5693939393939393,12.2135,0.5693939393939393,0.0,0,0,0,0.0,Sunday,1,2,5,0
2015-02-01,Quarter1,sewing,Sunday,8,0.6,24.26,1196.0,6600,0,0.0,0,0,55.0,0.466821212,0,-0.133178788,1,1196.0,7.087573705557973,120.0,0.0,0.44109090909090914,14.556000000000001,0.44109090909090914,0.0,0,0,0,0.0,Sunday,1,2,5,0
2015-02-01,Quarter1,sewing,Sunday,7,0.7,24.26,1400.0,6720,0,0.0,0,0,56.0,0.411553571,0,-0.28844642899999995,1,1400.0,7.244941546337007,120.0,0.0,0.4332142857142857,16.982,0.4332142857142857,0.0,0,0,0,0.0,Sunday,1,2,5,0
2015-02-01,Quarter1,finishing,Sunday,6,0.6,2.9,,1200,0,0.0,0,0,10.0,0.314166667,0,-0.28583333299999997,0,0.0,0.0,120.0,0.0,0.29,1.74,0.29,0.0,0,0,0,0.0,Sunday,1,2,5,0
2015-02-02,Quarter1,sewing,Monday,1,0.8,22.94,16882.0,7020,113,0.0,0,0,58.5,1.000602279,1,0.20060227899999994,1,16882.0,9.734062477477194,120.0,1.9316239316239316,0.39213675213675214,18.352,0.39213675213675214,0.0,0,0,0,0.0,Monday,2,2,6,0
2015-02-02,Quarter1,finishing,Monday,9,0.75,3.94,,960,0,0.0,0,0,8.0,0.994270833,1,0.24427083299999997,0,0.0,0.0,120.0,0.0,0.4925,2.955,0.4925,0.0,0,0,0,0.0,Monday,2,2,6,0
2015-02-02,Quarter1,sewing,Monday,2,0.8,22.52,21385.0,7020,88,0.0,0,0,58.5,0.900158405,1,0.10015840499999995,1,21385.0,9.970491781316602,120.0,1.5042735042735043,0.38495726495726496,18.016000000000002,0.38495726495726496,0.0,0,0,0,0.0,Monday,2,2,6,0
2015-02-02,Quarter1,sewing,Monday,3,0.8,22.52,21266.0,6840,70,0.0,0,0,57.0,0.90014152,1,0.10014151999999998,1,21266.0,9.964911854523127,120.0,1.2280701754385965,0.3950877192982456,18.016000000000002,0.3950877192982456,0.0,0,0,0,0.0,Monday,2,2,6,0
2015-02-02,Quarter1,sewing,Monday,10,0.8,22.52,21540.0,6720,88,0.0,0,0,56.0,0.900129762,1,0.10012976200000001,1,21540.0,9.977713374888099,120.0,1.5714285714285714,0.40214285714285714,18.016000000000002,0.40214285714285714,0.0,0,0,0,0.0,Monday,2,2,6,0
2015-02-02,Quarter1,finishing,Monday,10,0.8,3.94,,1200,0,0.0,0,0,10.0,0.85695,1,0.056949999999999945,0,0.0,0.0,120.0,0.0,0.394,3.152,0.394,0.0,0,0,0,0.0,Monday,2,2,6,0
2015-02-02,Quarter1,finishing,Monday,4,0.8,4.3,,1440,0,0.0,0,0,12.0,0.809236111,1,0.009236110999999991,0,0.0,0.0,120.0,0.0,0.35833333333333334,3.44,0.35833333333333334,0.0,0,0,0,0.0,Monday,2,2,6,0
2015-02-02,Quarter1,sewing,Monday,12,0.8,15.26,12261.0,3600,63,0.0,0,0,35.0,0.800401961,1,0.00040196100000000623,1,12261.0,9.414260328322634,102.85714285714286,1.8,0.436,12.208,0.436,0.0,0,0,0,0.0,Monday,2,2,6,0
2015-02-02,Quarter1,sewing,Monday,4,0.8,22.52,23122.0,5940,50,0.0,0,0,56.5,0.800393224,1,0.0003932239999999698,1,23122.0,10.048583072153967,105.13274336283186,0.8849557522123894,0.3985840707964602,18.016000000000002,0.3985840707964602,0.0,0,0,0,0.0,Monday,2,2,6,0
2015-02-02,Quarter1,sewing,Monday,9,0.75,29.12,8992.0,6960,55,0.0,0,0,58.0,0.799963218,1,0.04996321800000003,1,8992.0,9.104201775914515,120.0,0.9482758620689655,0.5020689655172415,21.84,0.5020689655172415,0.0,0,0,0,0.0,Monday,2,2,6,0
2015-02-02,Quarter1,finishing,Monday,12,0.75,4.08,,1080,0,0.0,0,0,9.0,0.740444444,0,-0.00955555600000002,0,0.0,0.0,120.0,0.0,0.45333333333333337,3.06,0.45333333333333337,0.0,0,0,0,0.0,Monday,2,2,6,0
2015-02-02,Quarter1,sewing,Monday,11,0.7,20.55,9792.0,6480,60,0.0,0,0,54.0,0.700398148,1,0.0003981480000000426,1,9792.0,9.189423123720795,120.0,1.1111111111111112,0.3805555555555556,14.385,0.3805555555555556,0.0,0,0,0,0.0,Monday,2,2,6,0
2015-02-02,Quarter1,sewing,Monday,6,0.7,18.79,2984.0,3960,30,0.0,0,0,33.0,0.700354545,1,0.0003545450000000949,1,2984.0,8.001355025826703,120.0,0.9090909090909091,0.5693939393939393,13.152999999999999,0.5693939393939393,0.0,0,0,0,0.0,Monday,2,2,6,0
2015-02-02,Quarter1,finishing,Monday,8,0.65,4.15,,960,0,0.0,0,0,8.0,0.561979167,0,-0.08802083300000008,0,0.0,0.0,120.0,0.0,0.51875,2.6975000000000002,0.51875,0.0,0,0,0,0.0,Monday,2,2,6,0
2015-02-02,Quarter1,finishing,Monday,1,0.75,3.94,,2280,0,0.0,0,0,19.0,0.504596491,0,-0.24540350899999996,0,0.0,0.0,120.0,0.0,0.20736842105263156,2.955,0.20736842105263156,0.0,0,0,0,0.0,Monday,2,2,6,0
2015-02-02,Quarter1,sewing,Monday,5,0.5,30.1,839.0,6960,0,0.0,0,0,58.0,0.500801724,1,0.0008017240000000037,1,839.0,6.733401891837359,120.0,0.0,0.5189655172413793,15.05,0.5189655172413793,0.0,0,0,0,0.0,Monday,2,2,6,0
2015-02-02,Quarter1,sewing,Monday,7,0.7,24.26,2698.0,6720,0,0.0,0,0,56.0,0.295307738,0,-0.40469226199999997,1,2698.0,7.900636613018005,120.0,0.0,0.4332142857142857,16.982,0.4332142857142857,0.0,0,0,0,0.0,Monday,2,2,6,0
2015-02-02,Quarter1,finishing,Monday,6,0.6,2.9,,1200,0,0.0,0,0,10.0,0.280333333,0,-0.31966666699999996,0,0.0,0.0,120.0,0.0,0.29,1.74,0.29,0.0,0,0,0,0.0,Monday,2,2,6,0
2015-02-02,Quarter1,sewing,Monday,8,0.65,24.26,1435.0,6600,0,0.0,0,0,55.0,0.260978788,0,-0.389021212,1,1435.0,7.269616749608169,120.0,0.0,0.44109090909090914,15.769000000000002,0.44109090909090914,0.0,0,0,0,0.0,Monday,2,2,6,0
2015-02-03,Quarter1,finishing,Tuesday,2,0.8,3.94,,2400,0,0.0,0,0,20.0,1.001416667,1,0.20141666699999994,0,0.0,0.0,120.0,0.0,0.197,3.152,0.197,0.0,0,0,0,0.0,Tuesday,3,2,6,0
2015-02-03,Quarter1,sewing,Tuesday,1,0.8,22.52,1500.0,6900,113,0.0,0,0,57.5,1.000018551,1,0.20001855099999988,1,1500.0,7.313886831633462,120.0,1.9652173913043478,0.39165217391304347,18.016000000000002,0.39165217391304347,0.0,0,0,0,0.0,Tuesday,3,2,6,0
2015-02-03,Quarter1,sewing,Tuesday,10,0.8,22.52,1188.0,6720,90,0.0,0,0,56.0,0.999995238,1,0.19999523799999996,1,1188.0,7.080867896690782,120.0,1.6071428571428572,0.40214285714285714,18.016000000000002,0.40214285714285714,0.0,0,0,0,0.0,Tuesday,3,2,6,0
2015-02-03,Quarter1,finishing,Tuesday,1,0.8,3.94,,1200,0,0.0,0,0,10.0,0.99485,1,0.19484999999999997,0,0.0,0.0,120.0,0.0,0.394,3.152,0.394,0.0,0,0,0,0.0,Tuesday,3,2,6,0
2015-02-03,Quarter1,finishing,Tuesday,8,0.7,4.15,,960,0,0.0,0,0,8.0,0.976979167,1,0.276979167,0,0.0,0.0,120.0,0.0,0.51875,2.9050000000000002,0.51875,0.0,0,0,0,0.0,Tuesday,3,2,6,0
2015-02-03,Quarter1,sewing,Tuesday,3,0.8,22.52,1112.0,6840,100,0.0,0,0,57.0,0.950185965,1,0.15018596499999992,1,1112.0,7.014814351275545,120.0,1.7543859649122806,0.3950877192982456,18.016000000000002,0.3950877192982456,0.0,0,0,0,0.0,Tuesday,3,2,6,0
2015-02-03,Quarter1,sewing,Tuesday,2,0.8,22.52,1452.0,6960,100,0.0,0,0,58.0,0.949981609,1,0.1499816089999999,1,1452.0,7.2813856635702825,120.0,1.7241379310344827,0.3882758620689655,18.016000000000002,0.3882758620689655,0.0,0,0,0,0.0,Tuesday,3,2,6,0
2015-02-03,Quarter1,finishing,Tuesday,9,0.75,3.94,,1320,0,0.0,0,0,11.0,0.919954545,1,0.16995454499999996,0,0.0,0.0,120.0,0.0,0.35818181818181816,2.955,0.35818181818181816,0.0,0,0,0,0.0,Tuesday,3,2,6,0
2015-02-03,Quarter1,sewing,Tuesday,4,0.8,22.52,340.0,5460,63,0.0,0,0,56.5,0.800434622,1,0.0004346219999999956,1,340.0,5.831882477283517,96.63716814159292,1.1150442477876106,0.3985840707964602,18.016000000000002,0.3985840707964602,0.0,0,0,0,0.0,Tuesday,3,2,6,0
2015-02-03,Quarter1,sewing,Tuesday,12,0.8,15.26,1029.0,2040,50,0.0,0,0,35.0,0.800259023,1,0.00025902299999991385,1,1029.0,6.937314081223682,58.285714285714285,1.4285714285714286,0.436,12.208,0.436,0.0,0,0,0,0.0,Tuesday,3,2,6,0
2015-02-03,Quarter1,finishing,Tuesday,12,0.8,4.08,,1080,0,0.0,0,0,9.0,0.778222222,0,-0.021777778000000025,0,0.0,0.0,120.0,0.0,0.45333333333333337,3.2640000000000002,0.45333333333333337,0.0,0,0,0,0.0,Tuesday,3,2,6,0
2015-02-03,Quarter1,sewing,Tuesday,9,0.75,29.12,1070.0,6960,34,0.0,0,0,58.0,0.750593103,1,0.0005931030000000392,1,1070.0,6.976348070447749,120.0,0.5862068965517241,0.5020689655172415,21.84,0.5020689655172415,0.0,0,0,0,0.0,Tuesday,3,2,6,0
2015-02-03,Quarter1,sewing,Tuesday,11,0.7,25.31,946.0,5760,60,0.0,0,0,54.0,0.700513566,1,0.0005135660000000764,1,946.0,6.853299093186078,106.66666666666667,1.1111111111111112,0.4687037037037037,17.717,0.4687037037037037,0.0,0,0,0,0.0,Tuesday,3,2,6,0
2015-02-03,Quarter1,sewing,Tuesday,6,0.7,18.79,913.0,4020,30,0.0,0,0,33.5,0.700184577,1,0.0001845770000000746,1,913.0,6.81783057145415,120.0,0.8955223880597015,0.5608955223880597,13.152999999999999,0.5608955223880597,0.0,0,0,0,0.0,Tuesday,3,2,6,0
2015-02-03,Quarter1,sewing,Tuesday,8,0.7,24.26,1363.0,6660,0,0.0,0,0,55.5,0.586465465,0,-0.11353453499999999,1,1363.0,7.218176838403408,120.0,0.0,0.43711711711711715,16.982,0.43711711711711715,0.0,0,0,0,0.0,Tuesday,3,2,6,0
2015-02-03,Quarter1,sewing,Tuesday,7,0.7,24.26,1639.0,6720,0,0.0,0,0,56.0,0.541517857,0,-0.15848214299999996,1,1639.0,7.402451520818244,120.0,0.0,0.4332142857142857,16.982,0.4332142857142857,0.0,0,0,0,0.0,Tuesday,3,2,6,0
2015-02-03,Quarter1,finishing,Tuesday,4,0.8,4.3,,1440,0,0.0,0,0,12.0,0.5375,0,-0.26250000000000007,0,0.0,0.0,120.0,0.0,0.35833333333333334,3.44,0.35833333333333334,0.0,0,0,0,0.0,Tuesday,3,2,6,0
2015-02-03,Quarter1,finishing,Tuesday,6,0.7,2.9,,960,0,0.0,0,0,8.0,0.495416667,0,-0.20458333299999998,0,0.0,0.0,120.0,0.0,0.3625,2.03,0.3625,0.0,0,0,0,0.0,Tuesday,3,2,6,0
2015-02-03,Quarter1,sewing,Tuesday,5,0.6,30.1,415.0,6960,0,0.0,0,0,58.0,0.415172414,0,-0.184827586,1,415.0,6.030685260261263,120.0,0.0,0.5189655172413793,18.06,0.5189655172413793,0.0,0,0,0,0.0,Tuesday,3,2,6,0
2015-02-04,Quarter1,sewing,Wednesday,2,0.8,22.52,1263.0,6900,100,0.0,0,0,57.5,1.05028058,1,0.25028057999999986,1,1263.0,7.142036574706803,120.0,1.7391304347826086,0.39165217391304347,18.016000000000002,0.39165217391304347,0.0,0,0,0,0.0,Wednesday,4,2,6,0
2015-02-04,Quarter1,sewing,Wednesday,3,0.8,22.52,968.0,6840,113,0.0,0,0,57.0,1.000230409,1,0.200230409,1,968.0,6.876264611890766,120.0,1.9824561403508771,0.3950877192982456,18.016000000000002,0.3950877192982456,0.0,0,0,0,0.0,Wednesday,4,2,6,0
2015-02-04,Quarter1,sewing,Wednesday,10,0.8,22.52,1108.0,6720,113,0.0,0,0,56.0,0.999995238,1,0.19999523799999996,1,1108.0,7.011213987350367,120.0,2.017857142857143,0.40214285714285714,18.016000000000002,0.40214285714285714,0.0,0,0,0,0.0,Wednesday,4,2,6,0
2015-02-04,Quarter1,finishing,Wednesday,2,0.8,3.94,,2160,0,0.0,0,0,18.0,0.966759259,1,0.166759259,0,0.0,0.0,120.0,0.0,0.21888888888888888,3.152,0.21888888888888888,0.0,0,0,0,0.0,Wednesday,4,2,6,0
2015-02-04,Quarter1,finishing,Wednesday,1,0.8,3.94,,1200,0,0.0,0,0,10.0,0.929183333,1,0.12918333299999996,0,0.0,0.0,120.0,0.0,0.394,3.152,0.394,0.0,0,0,0,0.0,Wednesday,4,2,6,0
2015-02-04,Quarter1,finishing,Wednesday,8,0.7,4.15,,3000,0,0.0,0,0,25.0,0.915766667,1,0.21576666700000002,0,0.0,0.0,120.0,0.0,0.166,2.9050000000000002,0.166,0.0,0,0,0,0.0,Wednesday,4,2,6,0
2015-02-04,Quarter1,sewing,Wednesday,1,0.8,22.52,1532.0,6900,88,0.0,0,0,57.5,0.900147246,1,0.10014724599999991,1,1532.0,7.334981878871814,120.0,1.5304347826086957,0.39165217391304347,18.016000000000002,0.39165217391304347,0.0,0,0,0,0.0,Wednesday,4,2,6,0
2015-02-04,Quarter1,sewing,Wednesday,12,0.8,15.26,1094.0,4080,38,0.0,0,0,34.0,0.800401961,1,0.00040196100000000623,1,1094.0,6.9985096422506015,120.0,1.1176470588235294,0.4488235294117647,12.208,0.4488235294117647,0.0,0,0,0,0.0,Wednesday,4,2,6,0
2015-02-04,Quarter1,sewing,Wednesday,9,0.8,22.52,1086.0,6960,50,0.0,0,0,58.0,0.799963218,0,-3.678200000001297e-05,1,1086.0,6.99117688712121,120.0,0.8620689655172413,0.3882758620689655,18.016000000000002,0.3882758620689655,0.0,0,0,0,0.0,Wednesday,4,2,6,0
2015-02-04,Quarter1,finishing,Wednesday,7,0.7,3.94,,960,0,0.0,0,0,8.0,0.779791667,1,0.07979166700000007,0,0.0,0.0,120.0,0.0,0.4925,2.758,0.4925,0.0,0,0,0,0.0,Wednesday,4,2,6,0
2015-02-04,Quarter1,finishing,Wednesday,9,0.75,3.94,,960,0,0.0,0,0,8.0,0.755166667,1,0.005166667000000014,0,0.0,0.0,120.0,0.0,0.4925,2.955,0.4925,0.0,0,0,0,0.0,Wednesday,4,2,6,0
2015-02-04,Quarter1,sewing,Wednesday,6,0.7,18.79,941.0,3360,30,0.0,0,0,33.0,0.700710417,1,0.0007104170000000742,1,941.0,6.848005274576363,101.81818181818181,0.9090909090909091,0.5693939393939393,13.152999999999999,0.5693939393939393,0.0,0,0,0,0.0,Wednesday,4,2,6,0
2015-02-04,Quarter1,sewing,Wednesday,7,0.7,24.26,1471.0,6960,0,0.0,0,0,58.0,0.700612069,1,0.0006120689999999929,1,1471.0,7.294377299288821,120.0,0.0,0.41827586206896555,16.982,0.41827586206896555,0.0,0,0,0,0.0,Wednesday,4,2,6,0
2015-02-04,Quarter1,sewing,Wednesday,11,0.7,10.05,1042.0,6120,60,0.0,0,0,53.0,0.700278846,1,0.00027884600000005477,1,1042.0,6.949856455000773,115.47169811320755,1.1320754716981132,0.18962264150943398,7.035,0.18962264150943398,0.0,0,0,0,0.0,Wednesday,4,2,6,0
2015-02-04,Quarter1,sewing,Wednesday,8,0.7,29.12,1248.0,6840,0,0.0,0,0,57.0,0.700135088,1,0.00013508800000006094,1,1248.0,7.130098510125578,120.0,0.0,0.5108771929824562,20.384,0.5108771929824562,0.0,0,0,0,0.0,Wednesday,4,2,6,0
2015-02-04,Quarter1,finishing,Wednesday,12,0.8,4.08,,1080,0,0.0,0,0,9.0,0.687555556,0,-0.11244444400000009,0,0.0,0.0,120.0,0.0,0.45333333333333337,3.2640000000000002,0.45333333333333337,0.0,0,0,0,0.0,Wednesday,4,2,6,0
2015-02-04,Quarter1,sewing,Wednesday,5,0.65,30.1,326.0,5820,0,90.0,10,0,58.5,0.650834808,1,0.0008348080000000202,1,326.0,5.7899601708972535,99.48717948717949,0.0,0.5145299145299146,19.565,0.5145299145299146,0.0,1,1,0,900.0,Wednesday,4,2,6,0
2015-02-04,Quarter1,finishing,Wednesday,6,0.7,2.9,,960,0,0.0,0,0,8.0,0.531666667,0,-0.16833333299999997,0,0.0,0.0,120.0,0.0,0.3625,2.03,0.3625,0.0,0,0,0,0.0,Wednesday,4,2,6,0
2015-02-04,Quarter1,sewing,Wednesday,4,0.35,30.1,287.0,6060,23,150.0,15,0,55.5,0.350706422,1,0.0007064220000000399,1,287.0,5.662960480135946,109.1891891891892,0.4144144144144144,0.5423423423423424,10.535,0.5423423423423424,0.0,1,1,0,2250.0,Wednesday,4,2,6,0
2015-02-05,Quarter1,sewing,Thursday,2,0.8,22.52,1300.0,6780,113,0.0,0,0,56.5,1.000446018,1,0.20044601800000006,1,1300.0,7.170888478512505,120.0,2.0,0.3985840707964602,18.016000000000002,0.3985840707964602,0.0,0,0,0,0.0,Thursday,5,2,6,1
2015-02-05,Quarter1,sewing,Thursday,1,0.8,22.52,1485.0,6900,113,0.0,0,0,57.5,1.000018551,1,0.20001855099999988,1,1485.0,7.303843225277705,120.0,1.9652173913043478,0.39165217391304347,18.016000000000002,0.39165217391304347,0.0,0,0,0,0.0,Thursday,5,2,6,1
2015-02-05,Quarter1,sewing,Thursday,10,0.8,22.52,1039.0,6720,113,0.0,0,0,56.0,0.999995238,1,0.19999523799999996,1,1039.0,6.946975992135418,120.0,2.017857142857143,0.40214285714285714,18.016000000000002,0.40214285714285714,0.0,0,0,0,0.0,Thursday,5,2,6,1
2015-02-05,Quarter1,finishing,Thursday,2,0.8,3.94,,2640,0,0.0,0,0,22.0,0.999924242,1,0.19992424199999992,0,0.0,0.0,120.0,0.0,0.17909090909090908,3.152,0.17909090909090908,0.0,0,0,0,0.0,Thursday,5,2,6,1
2015-02-05,Quarter1,sewing,Thursday,3,0.8,22.52,1063.0,6840,100,0.0,0,0,57.0,0.950185965,1,0.15018596499999992,1,1063.0,6.96979066990159,120.0,1.7543859649122806,0.3950877192982456,18.016000000000002,0.3950877192982456,0.0,0,0,0,0.0,Thursday,5,2,6,1
2015-02-05,Quarter1,finishing,Thursday,6,0.7,2.9,,960,0,0.0,0,0,8.0,0.9425,1,0.24250000000000005,0,0.0,0.0,120.0,0.0,0.3625,2.03,0.3625,0.0,0,0,0,0.0,Thursday,5,2,6,1
2015-02-05,Quarter1,finishing,Thursday,12,0.8,4.08,,1080,0,0.0,0,0,9.0,0.906666667,1,0.10666666699999994,0,0.0,0.0,120.0,0.0,0.45333333333333337,3.2640000000000002,0.45333333333333337,0.0,0,0,0,0.0,Thursday,5,2,6,1
2015-02-05,Quarter1,finishing,Thursday,7,0.7,3.94,,1200,0,0.0,0,0,10.0,0.8471,1,0.1471,0,0.0,0.0,120.0,0.0,0.394,2.758,0.394,0.0,0,0,0,0.0,Thursday,5,2,6,1
2015-02-05,Quarter1,finishing,Thursday,1,0.8,3.94,,1440,0,0.0,0,0,12.0,0.845458333,1,0.045458332999999906,0,0.0,0.0,120.0,0.0,0.3283333333333333,3.152,0.3283333333333333,0.0,0,0,0,0.0,Thursday,5,2,6,1
2015-02-05,Quarter1,sewing,Thursday,12,0.8,15.26,1083.0,720,38,0.0,0,0,34.0,0.800612676,1,0.0006126759999999232,1,1083.0,6.988413181999592,21.176470588235293,1.1176470588235294,0.4488235294117647,12.208,0.4488235294117647,0.0,0,0,0,0.0,Thursday,5,2,6,1
2015-02-05,Quarter1,sewing,Thursday,9,0.8,29.12,1069.0,6960,50,0.0,0,0,58.0,0.799963218,0,-3.678200000001297e-05,1,1069.0,6.975413927455952,120.0,0.8620689655172413,0.5020689655172415,23.296000000000003,0.5020689655172415,0.0,0,0,0,0.0,Thursday,5,2,6,1
2015-02-05,Quarter1,finishing,Thursday,10,0.8,3.94,,960,0,0.0,0,0,8.0,0.771583333,0,-0.028416667000000007,0,0.0,0.0,120.0,0.0,0.4925,3.152,0.4925,0.0,0,0,0,0.0,Thursday,5,2,6,1
2015-02-05,Quarter1,sewing,Thursday,11,0.75,10.05,668.0,2520,34,0.0,0,0,26.0,0.7504,1,0.00039999999999995595,1,668.0,6.505784060128229,96.92307692307692,1.3076923076923077,0.38653846153846155,7.5375000000000005,0.38653846153846155,0.0,0,0,0,0.0,Thursday,5,2,6,1
2015-02-05,Quarter1,sewing,Thursday,6,0.7,18.79,766.0,2760,30,0.0,0,0,33.0,0.700079032,1,7.903200000003441e-05,1,766.0,6.642486801367256,83.63636363636364,0.9090909090909091,0.5693939393939393,13.152999999999999,0.5693939393939393,0.0,0,0,0,0.0,Thursday,5,2,6,1
2015-02-05,Quarter1,sewing,Thursday,5,0.7,30.1,557.0,6960,0,0.0,0,0,58.0,0.562212644,0,-0.13778735599999992,1,557.0,6.324358962381311,120.0,0.0,0.5189655172413793,21.07,0.5189655172413793,0.0,0,0,0,0.0,Thursday,5,2,6,1
2015-02-05,Quarter1,sewing,Thursday,7,0.07,24.26,1608.0,6960,0,0.0,0,0,58.0,0.522844828,1,0.452844828,1,1608.0,7.3833681469923835,120.0,0.0,0.41827586206896555,1.6982000000000004,0.41827586206896555,0.0,0,0,0,0.0,Thursday,5,2,6,1
2015-02-05,Quarter1,sewing,Thursday,4,0.5,30.1,417.0,6360,23,0.0,0,1,53.0,0.500720126,1,0.0007201260000000431,1,417.0,6.035481432524756,120.0,0.4339622641509434,0.5679245283018868,15.05,0.5679245283018868,0.0,0,0,1,0.0,Thursday,5,2,6,1
2015-02-05,Quarter1,sewing,Thursday,8,0.7,24.26,1167.0,6840,0,0.0,0,0,57.0,0.496549708,0,-0.20345029199999998,1,1167.0,7.0630481633881725,120.0,0.0,0.42561403508771933,16.982,0.42561403508771933,0.0,0,0,0,0.0,Thursday,5,2,6,1
2015-02-07,Quarter1,finishing,Saturday,2,0.8,3.94,,3000,0,0.0,0,0,25.0,1.050666667,1,0.25066666699999995,0,0.0,0.0,120.0,0.0,0.1576,3.152,0.1576,0.0,0,0,0,0.0,Saturday,7,2,6,1
2015-02-07,Quarter1,sewing,Saturday,2,0.8,22.52,1186.0,6900,113,0.0,0,0,58.0,1.000018551,1,0.20001855099999988,1,1186.0,7.079184394609668,118.96551724137932,1.9482758620689655,0.3882758620689655,18.016000000000002,0.3882758620689655,0.0,0,0,0,0.0,Saturday,7,2,6,1
2015-02-07,Quarter1,sewing,Saturday,3,0.8,22.52,1060.0,6840,100,0.0,0,0,57.0,0.950185965,1,0.15018596499999992,1,1060.0,6.966967138613983,120.0,1.7543859649122806,0.3950877192982456,18.016000000000002,0.3950877192982456,0.0,0,0,0,0.0,Saturday,7,2,6,1
2015-02-07,Quarter1,sewing,Saturday,1,0.8,22.52,1534.0,6780,88,0.0,0,0,57.0,0.900135693,1,0.10013569299999991,1,1534.0,7.336285660021297,118.94736842105263,1.543859649122807,0.3950877192982456,18.016000000000002,0.3950877192982456,0.0,0,0,0,0.0,Saturday,7,2,6,1
2015-02-07,Quarter1,sewing,Saturday,10,0.8,22.52,1142.0,6720,88,0.0,0,0,56.0,0.900129762,1,0.10012976200000001,1,1142.0,7.04141166379481,120.0,1.5714285714285714,0.40214285714285714,18.016000000000002,0.40214285714285714,0.0,0,0,0,0.0,Saturday,7,2,6,1
2015-02-07,Quarter1,finishing,Saturday,12,0.8,4.08,,1080,0,0.0,0,0,9.0,0.899111111,1,0.09911111099999992,0,0.0,0.0,120.0,0.0,0.45333333333333337,3.2640000000000002,0.45333333333333337,0.0,0,0,0,0.0,Saturday,7,2,6,1
2015-02-07,Quarter1,finishing,Saturday,1,0.8,3.94,,1200,0,0.0,0,0,10.0,0.870083333,1,0.07008333299999991,0,0.0,0.0,120.0,0.0,0.394,3.152,0.394,0.0,0,0,0,0.0,Saturday,7,2,6,1
2015-02-07,Quarter1,finishing,Saturday,6,0.75,2.9,,960,0,0.0,0,0,8.0,0.845833333,1,0.09583333299999997,0,0.0,0.0,120.0,0.0,0.3625,2.175,0.3625,0.0,0,0,0,0.0,Saturday,7,2,6,1
2015-02-07,Quarter1,sewing,Saturday,12,0.8,15.26,1021.0,4080,63,0.0,0,0,34.0,0.800401961,1,0.00040196100000000623,1,1021.0,6.92951677076365,120.0,1.8529411764705883,0.4488235294117647,12.208,0.4488235294117647,0.0,0,0,0,0.0,Saturday,7,2,6,1
2015-02-07,Quarter1,sewing,Saturday,9,0.8,29.12,829.0,6960,50,0.0,0,0,58.0,0.799963218,0,-3.678200000001297e-05,1,829.0,6.721425700790643,120.0,0.8620689655172413,0.5020689655172415,23.296000000000003,0.5020689655172415,0.0,0,0,0,0.0,Saturday,7,2,6,1
2015-02-07,Quarter1,finishing,Saturday,9,0.8,3.94,,960,0,0.0,0,0,8.0,0.771583333,0,-0.028416667000000007,0,0.0,0.0,120.0,0.0,0.4925,3.152,0.4925,0.0,0,0,0,0.0,Saturday,7,2,6,1
2015-02-07,Quarter1,sewing,Saturday,6,0.75,18.79,813.0,1560,34,0.0,0,0,33.0,0.750520115,1,0.0005201150000000432,1,813.0,6.70196036600254,47.27272727272727,1.0303030303030303,0.5693939393939393,14.0925,0.5693939393939393,0.0,0,0,0,0.0,Saturday,7,2,6,1
2015-02-07,Quarter1,sewing,Saturday,11,0.75,10.05,677.0,3240,45,0.0,0,0,27.0,0.750027778,1,2.777799999997832e-05,1,677.0,6.519147287940395,120.0,1.6666666666666667,0.37222222222222223,7.5375000000000005,0.37222222222222223,0.0,0,0,0,0.0,Saturday,7,2,6,1
2015-02-07,Quarter1,finishing,Saturday,7,0.7,3.94,,1200,0,0.0,0,0,10.0,0.715766667,1,0.015766667000000067,0,0.0,0.0,120.0,0.0,0.394,2.758,0.394,0.0,0,0,0,0.0,Saturday,7,2,6,1
2015-02-07,Quarter1,sewing,Saturday,7,0.7,24.26,658.0,6960,0,270.0,45,0,58.0,0.662270115,0,-0.03772988499999996,1,658.0,6.490723534502507,120.0,0.0,0.41827586206896555,16.982,0.41827586206896555,0.0,1,1,0,12150.0,Saturday,7,2,6,1
2015-02-07,Quarter1,sewing,Saturday,4,0.6,30.1,486.0,6780,30,0.0,0,1,57.0,0.600224189,1,0.00022418899999998576,1,486.0,6.18826412308259,118.94736842105263,0.5263157894736842,0.5280701754385965,18.06,0.5280701754385965,0.0,0,0,1,0.0,Saturday,7,2,6,1
2015-02-07,Quarter1,sewing,Saturday,5,0.7,30.1,687.0,7500,0,0.0,0,0,59.0,0.545657673,0,-0.15434232699999995,1,687.0,6.5337888379333435,127.11864406779661,0.0,0.5101694915254238,21.07,0.5101694915254238,7.118644067796609,0,0,0,0.0,Saturday,7,2,6,1
2015-02-07,Quarter1,finishing,Saturday,4,0.8,4.3,,960,0,0.0,0,0,8.0,0.447916667,0,-0.35208333300000005,0,0.0,0.0,120.0,0.0,0.5375,3.44,0.5375,0.0,0,0,0,0.0,Saturday,7,2,6,1
2015-02-07,Quarter1,sewing,Saturday,8,0.7,24.26,652.0,6840,0,300.0,37,0,57.0,0.365318713,0,-0.33468128699999994,1,652.0,6.481577129276431,120.0,0.0,0.42561403508771933,16.982,0.42561403508771933,0.0,1,1,0,11100.0,Saturday,7,2,6,1
2015-02-08,Quarter2,sewing,Sunday,2,0.8,22.52,1233.0,6900,113,0.0,0,0,57.5,1.000018551,1,0.20001855099999988,1,1233.0,7.1180162044653335,120.0,1.9652173913043478,0.39165217391304347,18.016000000000002,0.39165217391304347,0.0,0,0,0,0.0,Sunday,8,2,6,0
2015-02-08,Quarter2,finishing,Sunday,7,0.7,4.15,,1440,0,0.0,0,0,12.0,0.928680556,1,0.22868055600000003,0,0.0,0.0,120.0,0.0,0.3458333333333334,2.9050000000000002,0.3458333333333334,0.0,0,0,0,0.0,Sunday,8,2,6,0
2015-02-08,Quarter2,sewing,Sunday,10,0.8,22.52,1388.0,6720,88,0.0,0,0,56.0,0.9008,1,0.1008,1,1388.0,7.236339342754344,120.0,1.5714285714285714,0.40214285714285714,18.016000000000002,0.40214285714285714,0.0,0,0,0,0.0,Sunday,8,2,6,0
2015-02-08,Quarter2,sewing,Sunday,1,0.8,22.52,1615.0,6780,88,0.0,0,0,56.5,0.900135693,1,0.10013569299999991,1,1615.0,7.38770923908104,120.0,1.5575221238938053,0.3985840707964602,18.016000000000002,0.3985840707964602,0.0,0,0,0,0.0,Sunday,8,2,6,0
2015-02-08,Quarter2,sewing,Sunday,3,0.8,22.52,1283.0,6720,88,0.0,0,0,56.0,0.900129762,1,0.10012976200000001,1,1283.0,7.157735484249907,120.0,1.5714285714285714,0.40214285714285714,18.016000000000002,0.40214285714285714,0.0,0,0,0,0.0,Sunday,8,2,6,0
2015-02-08,Quarter2,finishing,Sunday,1,0.8,3.94,,1200,0,0.0,0,0,10.0,0.893066667,1,0.09306666699999999,0,0.0,0.0,120.0,0.0,0.394,3.152,0.394,0.0,0,0,0,0.0,Sunday,8,2,6,0
2015-02-08,Quarter2,finishing,Sunday,12,0.8,4.08,,1080,0,0.0,0,0,9.0,0.891555556,1,0.09155555599999998,0,0.0,0.0,120.0,0.0,0.45333333333333337,3.2640000000000002,0.45333333333333337,0.0,0,0,0,0.0,Sunday,8,2,6,0
2015-02-08,Quarter2,finishing,Sunday,2,0.8,3.94,,2160,0,0.0,0,0,18.0,0.875555556,1,0.07555555599999997,0,0.0,0.0,120.0,0.0,0.21888888888888888,3.152,0.21888888888888888,0.0,0,0,0,0.0,Sunday,8,2,6,0
2015-02-08,Quarter2,finishing,Sunday,8,0.7,4.15,,1800,0,0.0,0,0,15.0,0.840888889,1,0.14088888900000007,0,0.0,0.0,120.0,0.0,0.27666666666666667,2.9050000000000002,0.27666666666666667,0.0,0,0,0,0.0,Sunday,8,2,6,0
2015-02-08,Quarter2,sewing,Sunday,12,0.8,15.26,1026.0,2880,63,0.0,0,0,34.0,0.800355208,1,0.00035520799999999575,1,1026.0,6.934397209928558,84.70588235294117,1.8529411764705883,0.4488235294117647,12.208,0.4488235294117647,0.0,0,0,0,0.0,Sunday,8,2,6,0
2015-02-08,Quarter2,sewing,Sunday,9,0.8,29.12,909.0,6960,50,0.0,0,0,58.0,0.799963218,0,-3.678200000001297e-05,1,909.0,6.813444599510896,120.0,0.8620689655172413,0.5020689655172415,23.296000000000003,0.5020689655172415,0.0,0,0,0,0.0,Sunday,8,2,6,0
2015-02-08,Quarter2,sewing,Sunday,6,0.75,18.79,670.0,3960,34,0.0,0,0,33.0,0.75065101,1,0.0006510100000000074,1,670.0,6.508769136971682,120.0,1.0303030303030303,0.5693939393939393,14.0925,0.5693939393939393,0.0,0,0,0,0.0,Sunday,8,2,6,0
2015-02-08,Quarter2,sewing,Sunday,11,0.75,10.05,629.0,3240,45,0.0,0,0,27.0,0.750027778,1,2.777799999997832e-05,1,629.0,6.4457198193855785,120.0,1.6666666666666667,0.37222222222222223,7.5375000000000005,0.37222222222222223,0.0,0,0,0,0.0,Sunday,8,2,6,0
2015-02-08,Quarter2,sewing,Sunday,5,0.7,30.1,754.0,7020,0,0.0,0,0,58.5,0.700618234,1,0.0006182340000000508,1,754.0,6.626717749249025,120.0,0.0,0.5145299145299146,21.07,0.5145299145299146,0.0,0,0,0,0.0,Sunday,8,2,6,0
2015-02-08,Quarter2,finishing,Sunday,6,0.75,2.9,,960,0,0.0,0,0,8.0,0.610208333,0,-0.139791667,0,0.0,0.0,120.0,0.0,0.3625,2.175,0.3625,0.0,0,0,0,0.0,Sunday,8,2,6,0
2015-02-08,Quarter2,finishing,Sunday,9,0.8,3.94,,960,0,0.0,0,0,8.0,0.607416667,0,-0.19258333300000008,0,0.0,0.0,120.0,0.0,0.4925,3.152,0.4925,0.0,0,0,0,0.0,Sunday,8,2,6,0
2015-02-08,Quarter2,sewing,Sunday,4,0.65,30.1,712.0,6780,44,0.0,0,1,56.5,0.568259587,0,-0.08174041300000001,1,712.0,6.569481420414296,120.0,0.7787610619469026,0.5327433628318584,19.565,0.5327433628318584,0.0,0,0,1,0.0,Sunday,8,2,6,0
2015-02-08,Quarter2,sewing,Sunday,7,0.7,24.26,148.0,6960,0,0.0,0,0,58.0,0.355534483,0,-0.34446551699999994,1,148.0,5.003946305945459,120.0,0.0,0.41827586206896555,16.982,0.41827586206896555,0.0,0,0,0,0.0,Sunday,8,2,6,0
2015-02-08,Quarter2,sewing,Sunday,8,0.7,24.26,154.0,6840,0,0.0,0,0,57.0,0.353259649,0,-0.34674035099999995,1,154.0,5.043425116919247,120.0,0.0,0.42561403508771933,16.982,0.42561403508771933,0.0,0,0,0,0.0,Sunday,8,2,6,0
2015-02-09,Quarter2,finishing,Monday,2,0.8,3.94,,2160,0,0.0,0,0,18.0,1.057962963,1,0.257962963,0,0.0,0.0,120.0,0.0,0.21888888888888888,3.152,0.21888888888888888,0.0,0,0,0,0.0,Monday,9,2,7,0
2015-02-09,Quarter2,finishing,Monday,1,0.8,3.94,,1200,0,0.0,0,0,10.0,0.962016667,1,0.16201666699999995,0,0.0,0.0,120.0,0.0,0.394,3.152,0.394,0.0,0,0,0,0.0,Monday,9,2,7,0
2015-02-09,Quarter2,sewing,Monday,10,0.8,22.52,1127.0,120,88,0.0,0,0,56.0,0.9008,1,0.1008,1,1127.0,7.028201432058005,2.142857142857143,1.5714285714285714,0.40214285714285714,18.016000000000002,0.40214285714285714,0.0,0,0,0,0.0,Monday,9,2,7,0
2015-02-09,Quarter2,sewing,Monday,1,0.8,22.52,1506.0,3600,70,0.0,0,0,57.0,0.900509044,1,0.10050904399999994,1,1506.0,7.317876198626496,63.1578947368421,1.2280701754385965,0.3950877192982456,18.016000000000002,0.3950877192982456,0.0,0,0,0,0.0,Monday,9,2,7,0
2015-02-09,Quarter2,sewing,Monday,2,0.8,22.52,1413.0,360,70,0.0,0,0,57.0,0.900477825,1,0.10047782499999991,1,1413.0,7.254177846456518,6.315789473684211,1.2280701754385965,0.3950877192982456,18.016000000000002,0.3950877192982456,0.0,0,0,0,0.0,Monday,9,2,7,0
2015-02-09,Quarter2,finishing,Monday,6,0.75,2.9,,960,0,0.0,0,0,8.0,0.888125,1,0.13812500000000005,0,0.0,0.0,120.0,0.0,0.3625,2.175,0.3625,0.0,0,0,0,0.0,Monday,9,2,7,0
2015-02-09,Quarter2,sewing,Monday,12,0.8,15.26,970.0,4080,63,0.0,0,0,34.0,0.800401961,1,0.00040196100000000623,1,970.0,6.878326468291325,120.0,1.8529411764705883,0.4488235294117647,12.208,0.4488235294117647,0.0,0,0,0,0.0,Monday,9,2,7,0
2015-02-09,Quarter2,sewing,Monday,3,0.8,22.52,1271.0,5400,50,0.0,0,0,57.0,0.800161172,1,0.00016117199999998721,1,1271.0,7.148345743900068,94.73684210526316,0.8771929824561403,0.3950877192982456,18.016000000000002,0.3950877192982456,0.0,0,0,0,0.0,Monday,9,2,7,0
2015-02-09,Quarter2,sewing,Monday,9,0.8,29.12,1073.0,6960,50,0.0,0,0,58.0,0.799963218,0,-3.678200000001297e-05,1,1073.0,6.97914527506881,120.0,0.8620689655172413,0.5020689655172415,23.296000000000003,0.5020689655172415,0.0,0,0,0,0.0,Monday,9,2,7,0
2015-02-09,Quarter2,sewing,Monday,4,0.7,30.1,767.0,3300,50,0.0,0,1,57.0,0.790003236,1,0.09000323600000004,1,767.0,6.643789733147672,57.89473684210526,0.8771929824561403,0.5280701754385965,21.07,0.5280701754385965,0.0,0,0,1,0.0,Monday,9,2,7,0
2015-02-09,Quarter2,sewing,Monday,11,0.75,10.05,103.0,0,45,0.0,0,0,54.0,0.750648148,1,0.000648148000000015,1,103.0,4.6443908991413725,0.0,0.8333333333333334,0.18611111111111112,7.5375000000000005,0.18611111111111112,0.0,0,0,0,0.0,Monday,9,2,7,0
2015-02-09,Quarter2,finishing,Monday,8,0.35,4.15,,1800,0,0.0,0,0,15.0,0.707111111,1,0.35711111100000004,0,0.0,0.0,120.0,0.0,0.27666666666666667,1.4525000000000001,0.27666666666666667,0.0,0,0,0,0.0,Monday,9,2,7,0
2015-02-09,Quarter2,sewing,Monday,5,0.7,30.1,773.0,7020,40,0.0,0,0,58.0,0.700618234,1,0.0006182340000000508,1,773.0,6.651571873589727,121.03448275862068,0.6896551724137931,0.5189655172413793,21.07,0.5189655172413793,1.0344827586206833,0,0,0,0.0,Monday,9,2,7,0
2015-02-09,Quarter2,finishing,Monday,9,0.8,3.94,,960,0,0.0,0,0,8.0,0.697708333,0,-0.10229166700000003,0,0.0,0.0,120.0,0.0,0.4925,3.152,0.4925,0.0,0,0,0,0.0,Monday,9,2,7,0
2015-02-09,Quarter2,sewing,Monday,6,0.75,18.79,708.0,4080,0,0.0,0,0,34.0,0.612517157,0,-0.13748284300000002,1,708.0,6.5638555265321274,120.0,0.0,0.5526470588235294,14.0925,0.5526470588235294,0.0,0,0,0,0.0,Monday,9,2,7,0
2015-02-09,Quarter2,sewing,Monday,7,0.35,30.1,842.0,6960,0,0.0,0,1,58.0,0.350301724,1,0.0003017240000000032,1,842.0,6.736966958001855,120.0,0.0,0.5189655172413793,10.535,0.5189655172413793,0.0,0,0,1,0.0,Monday,9,2,7,0
2015-02-09,Quarter2,sewing,Monday,8,0.35,30.1,901.0,6960,0,0.0,0,1,58.0,0.350301724,1,0.0003017240000000032,1,901.0,6.804614520062624,120.0,0.0,0.5189655172413793,10.535,0.5189655172413793,0.0,0,0,1,0.0,Monday,9,2,7,0
2015-02-09,Quarter2,finishing,Monday,12,0.8,4.08,,1080,0,0.0,0,0,9.0,0.272,0,-0.528,0,0.0,0.0,120.0,0.0,0.45333333333333337,3.2640000000000002,0.45333333333333337,0.0,0,0,0,0.0,Monday,9,2,7,0
2015-02-10,Quarter2,finishing,Tuesday,12,0.8,4.08,,1080,0,0.0,0,0,9.0,1.004888889,1,0.20488888900000002,0,0.0,0.0,120.0,0.0,0.45333333333333337,3.2640000000000002,0.45333333333333337,0.0,0,0,0,0.0,Tuesday,10,2,7,0
2015-02-10,Quarter2,finishing,Tuesday,2,0.8,3.94,,2160,0,0.0,0,0,18.0,0.966759259,1,0.166759259,0,0.0,0.0,120.0,0.0,0.21888888888888888,3.152,0.21888888888888888,0.0,0,0,0,0.0,Tuesday,10,2,7,0
2015-02-10,Quarter2,sewing,Tuesday,10,0.8,22.52,1268.0,0,88,0.0,0,0,56.0,0.90063244,1,0.10063243999999993,1,1268.0,7.1459844677143876,0.0,1.5714285714285714,0.40214285714285714,18.016000000000002,0.40214285714285714,0.0,0,0,0,0.0,Tuesday,10,2,7,0
2015-02-10,Quarter2,sewing,Tuesday,1,0.8,22.52,1546.0,0,88,0.0,0,0,57.0,0.90047076,1,0.10047075999999999,1,1546.0,7.344072850573066,0.0,1.543859649122807,0.3950877192982456,18.016000000000002,0.3950877192982456,0.0,0,0,0,0.0,Tuesday,10,2,7,0
2015-02-10,Quarter2,sewing,Tuesday,3,0.8,22.52,813.0,0,88,0.0,0,0,57.0,0.90047076,1,0.10047075999999999,1,813.0,6.70196036600254,0.0,1.543859649122807,0.3950877192982456,18.016000000000002,0.3950877192982456,0.0,0,0,0,0.0,Tuesday,10,2,7,0
2015-02-10,Quarter2,sewing,Tuesday,2,0.8,22.52,1512.0,0,88,0.0,0,0,57.0,0.899984058,1,0.09998405799999999,1,1512.0,7.321849713788356,0.0,1.543859649122807,0.3950877192982456,18.016000000000002,0.3950877192982456,0.0,0,0,0,0.0,Tuesday,10,2,7,0
2015-02-10,Quarter2,finishing,Tuesday,1,0.8,3.94,,1440,0,0.0,0,0,12.0,0.853666667,1,0.053666667,0,0.0,0.0,120.0,0.0,0.3283333333333333,3.152,0.3283333333333333,0.0,0,0,0,0.0,Tuesday,10,2,7,0
2015-02-10,Quarter2,sewing,Tuesday,9,0.8,29.12,1263.0,2160,38,0.0,0,0,58.0,0.8008,1,0.0007999999999999119,1,1263.0,7.142036574706803,37.241379310344826,0.6551724137931034,0.5020689655172415,23.296000000000003,0.5020689655172415,0.0,0,0,0,0.0,Tuesday,10,2,7,0
2015-02-10,Quarter2,sewing,Tuesday,12,0.8,15.26,900.0,4080,50,0.0,0,0,34.0,0.800401961,1,0.00040196100000000623,1,900.0,6.803505257608338,120.0,1.4705882352941178,0.4488235294117647,12.208,0.4488235294117647,0.0,0,0,0,0.0,Tuesday,10,2,7,0
2015-02-10,Quarter2,finishing,Tuesday,4,0.7,4.15,,1800,0,0.0,0,0,15.0,0.796755556,1,0.09675555600000008,0,0.0,0.0,120.0,0.0,0.27666666666666667,2.9050000000000002,0.27666666666666667,0.0,0,0,0,0.0,Tuesday,10,2,7,0
2015-02-10,Quarter2,sewing,Tuesday,6,0.75,18.79,640.0,2400,0,0.0,0,0,34.0,0.750797009,1,0.0007970090000000152,1,640.0,6.46302945692067,70.58823529411765,0.0,0.5526470588235294,14.0925,0.5526470588235294,0.0,0,0,0,0.0,Tuesday,10,2,7,0
2015-02-10,Quarter2,sewing,Tuesday,11,0.8,10.05,13.0,3240,34,0.0,0,0,54.0,0.750648148,0,-0.04935185200000003,1,13.0,2.6390573296152584,60.0,0.6296296296296297,0.18611111111111112,8.040000000000001,0.18611111111111112,0.0,0,0,0,0.0,Tuesday,10,2,7,0
2015-02-10,Quarter2,sewing,Tuesday,5,0.75,30.1,855.0,7020,45,0.0,0,0,58.0,0.750356125,1,0.00035612500000004044,1,855.0,6.752270376141742,121.03448275862068,0.7758620689655172,0.5189655172413793,22.575000000000003,0.5189655172413793,1.0344827586206833,0,0,0,0.0,Tuesday,10,2,7,0
2015-02-10,Quarter2,finishing,Tuesday,8,0.35,4.15,,960,0,0.0,0,0,8.0,0.703770833,1,0.353770833,0,0.0,0.0,120.0,0.0,0.51875,1.4525000000000001,0.51875,0.0,0,0,0,0.0,Tuesday,10,2,7,0
2015-02-10,Quarter2,sewing,Tuesday,4,0.7,30.1,855.0,7020,40,0.0,0,1,58.0,0.700618234,1,0.0006182340000000508,1,855.0,6.752270376141742,121.03448275862068,0.6896551724137931,0.5189655172413793,21.07,0.5189655172413793,1.0344827586206833,0,0,1,0.0,Tuesday,10,2,7,0
2015-02-10,Quarter2,finishing,Tuesday,9,0.8,3.94,,960,0,0.0,0,0,8.0,0.6895,0,-0.11050000000000004,0,0.0,0.0,120.0,0.0,0.4925,3.152,0.4925,0.0,0,0,0,0.0,Tuesday,10,2,7,0
2015-02-10,Quarter2,finishing,Tuesday,6,0.75,2.9,,960,0,0.0,0,0,8.0,0.628333333,0,-0.12166666699999995,0,0.0,0.0,120.0,0.0,0.3625,2.175,0.3625,0.0,0,0,0,0.0,Tuesday,10,2,7,0
2015-02-10,Quarter2,sewing,Tuesday,7,0.5,30.1,1025.0,6960,23,0.0,0,1,58.0,0.500801724,1,0.0008017240000000037,1,1025.0,6.933423025730715,120.0,0.39655172413793105,0.5189655172413793,15.05,0.5189655172413793,0.0,0,0,1,0.0,Tuesday,10,2,7,0
2015-02-10,Quarter2,sewing,Tuesday,8,0.5,30.1,1061.0,6960,30,0.0,0,1,58.0,0.393548851,0,-0.10645114900000002,1,1061.0,6.967909201801884,120.0,0.5172413793103449,0.5189655172413793,15.05,0.5189655172413793,0.0,0,0,1,0.0,Tuesday,10,2,7,0
2015-02-11,Quarter2,finishing,Wednesday,4,0.7,4.15,,1800,0,0.0,0,0,15.0,1.033155556,1,0.33315555600000013,0,0.0,0.0,120.0,0.0,0.27666666666666667,2.9050000000000002,0.27666666666666667,0.0,0,0,0,0.0,Wednesday,11,2,7,0
2015-02-11,Quarter2,finishing,Wednesday,12,0.8,4.08,,1080,0,0.0,0,0,9.0,1.02,1,0.21999999999999997,0,0.0,0.0,120.0,0.0,0.45333333333333337,3.2640000000000002,0.45333333333333337,0.0,0,0,0,0.0,Wednesday,11,2,7,0
2015-02-11,Quarter2,sewing,Wednesday,2,0.8,22.52,1557.0,0,90,0.0,0,0,57.5,1.000344928,1,0.20034492800000003,1,1557.0,7.351158226430694,0.0,1.565217391304348,0.39165217391304347,18.016000000000002,0.39165217391304347,0.0,0,0,0,0.0,Wednesday,11,2,7,0
2015-02-11,Quarter2,sewing,Wednesday,1,0.8,22.52,1498.0,0,113,0.0,0,0,57.0,1.000065789,1,0.20006578899999994,1,1498.0,7.312553498102598,0.0,1.9824561403508771,0.3950877192982456,18.016000000000002,0.3950877192982456,0.0,0,0,0,0.0,Wednesday,11,2,7,0
2015-02-11,Quarter2,finishing,Wednesday,8,0.35,4.15,,1440,0,0.0,0,0,12.0,0.994375,1,0.644375,0,0.0,0.0,120.0,0.0,0.3458333333333334,1.4525000000000001,0.3458333333333334,0.0,0,0,0,0.0,Wednesday,11,2,7,0
2015-02-11,Quarter2,finishing,Wednesday,2,0.8,3.94,,2160,0,0.0,0,0,18.0,0.912037037,1,0.112037037,0,0.0,0.0,120.0,0.0,0.21888888888888888,3.152,0.21888888888888888,0.0,0,0,0,0.0,Wednesday,11,2,7,0
2015-02-11,Quarter2,finishing,Wednesday,5,0.7,4.15,,240,0,0.0,0,0,2.0,0.87,1,0.17000000000000004,0,0.0,0.0,120.0,0.0,2.075,2.9050000000000002,2.075,0.0,0,0,0,0.0,Wednesday,11,2,7,0
2015-02-11,Quarter2,sewing,Wednesday,10,0.8,22.52,598.0,0,75,0.0,0,0,56.0,0.850364583,1,0.05036458299999991,1,598.0,6.395261598115449,0.0,1.3392857142857142,0.40214285714285714,18.016000000000002,0.40214285714285714,0.0,0,0,0,0.0,Wednesday,11,2,7,0
2015-02-11,Quarter2,sewing,Wednesday,6,0.8,18.79,656.0,3480,38,0.0,0,0,34.0,0.800947475,1,0.0009474749999999199,1,656.0,6.48768401848461,102.3529411764706,1.1176470588235294,0.5526470588235294,15.032,0.5526470588235294,0.0,0,0,0,0.0,Wednesday,11,2,7,0
2015-02-11,Quarter2,sewing,Wednesday,12,0.8,15.26,854.0,4080,50,0.0,0,0,34.0,0.800401961,1,0.00040196100000000623,1,854.0,6.75110146893676,120.0,1.4705882352941178,0.4488235294117647,12.208,0.4488235294117647,0.0,0,0,0,0.0,Wednesday,11,2,7,0
2015-02-11,Quarter2,sewing,Wednesday,9,0.8,29.12,609.0,3240,50,0.0,0,0,58.0,0.800144144,1,0.0001441439999999572,1,609.0,6.413458957167357,55.86206896551724,0.8620689655172413,0.5020689655172415,23.296000000000003,0.5020689655172415,0.0,0,0,0,0.0,Wednesday,11,2,7,0
2015-02-11,Quarter2,sewing,Wednesday,5,0.75,30.1,788.0,7380,56,0.0,0,0,59.5,0.750406233,1,0.0004062329999999781,1,788.0,6.670766320845874,124.03361344537815,0.9411764705882353,0.5058823529411764,22.575000000000003,0.5058823529411764,4.033613445378151,0,0,0,0.0,Wednesday,11,2,7,0
2015-02-11,Quarter2,sewing,Wednesday,8,0.6,30.1,1069.0,4560,30,0.0,0,1,58.0,0.714410494,1,0.11441049400000003,1,1069.0,6.975413927455952,78.62068965517241,0.5172413793103449,0.5189655172413793,18.06,0.5189655172413793,0.0,0,0,1,0.0,Wednesday,11,2,7,0
2015-02-11,Quarter2,sewing,Wednesday,4,0.7,30.1,667.0,5940,40,0.0,0,1,59.5,0.700588406,1,0.0005884060000000968,1,667.0,6.504288173536645,99.83193277310924,0.6722689075630253,0.5058823529411764,21.07,0.5058823529411764,0.0,0,0,1,0.0,Wednesday,11,2,7,0
2015-02-11,Quarter2,finishing,Wednesday,1,0.8,3.94,,1440,0,0.0,0,0,12.0,0.618361111,0,-0.18163888900000003,0,0.0,0.0,120.0,0.0,0.3283333333333333,3.152,0.3283333333333333,0.0,0,0,0,0.0,Wednesday,11,2,7,0
2015-02-11,Quarter2,sewing,Wednesday,7,0.6,30.1,829.0,3360,23,0.0,0,1,58.0,0.600070513,1,7.051300000004979e-05,1,829.0,6.721425700790643,57.93103448275862,0.39655172413793105,0.5189655172413793,18.06,0.5189655172413793,0.0,0,0,1,0.0,Wednesday,11,2,7,0
2015-02-11,Quarter2,finishing,Wednesday,9,0.8,3.94,,960,0,0.0,0,0,8.0,0.54175,0,-0.2582500000000001,0,0.0,0.0,120.0,0.0,0.4925,3.152,0.4925,0.0,0,0,0,0.0,Wednesday,11,2,7,0
2015-02-11,Quarter2,sewing,Wednesday,3,0.8,22.52,11.0,6840,0,0.0,0,1,57.0,0.536901754,0,-0.2630982460000001,1,11.0,2.4849066497880004,120.0,0.0,0.3950877192982456,18.016000000000002,0.3950877192982456,0.0,0,0,1,0.0,Wednesday,11,2,7,0
2015-02-11,Quarter2,sewing,Wednesday,11,0.35,11.41,434.0,3240,0,0.0,0,1,52.0,0.507903226,1,0.15790322600000006,1,434.0,6.075346031088684,62.30769230769231,0.0,0.21942307692307692,3.9934999999999996,0.21942307692307692,0.0,0,0,1,0.0,Wednesday,11,2,7,0
2015-02-12,Quarter2,sewing,Thursday,1,0.8,22.52,1397.0,0,138,0.0,0,0,57.0,1.100483918,1,0.30048391799999985,1,1397.0,7.242797922793756,0.0,2.4210526315789473,0.3950877192982456,18.016000000000002,0.3950877192982456,0.0,0,0,0,0.0,Thursday,12,2,7,1
2015-02-12,Quarter2,finishing,Thursday,4,0.7,4.15,,1800,0,0.0,0,0,15.0,1.096633333,1,0.39663333300000003,0,0.0,0.0,120.0,0.0,0.27666666666666667,2.9050000000000002,0.27666666666666667,0.0,0,0,0,0.0,Thursday,12,2,7,1
2015-02-12,Quarter2,sewing,Thursday,2,0.8,22.52,1327.0,0,113,0.0,0,0,57.5,1.000344928,1,0.20034492800000003,1,1327.0,7.191429330036379,0.0,1.9652173913043478,0.39165217391304347,18.016000000000002,0.39165217391304347,0.0,0,0,0,0.0,Thursday,12,2,7,1
2015-02-12,Quarter2,finishing,Thursday,12,0.8,4.08,,1080,0,0.0,0,0,9.0,0.838666667,1,0.03866666699999999,0,0.0,0.0,120.0,0.0,0.45333333333333337,3.2640000000000002,0.45333333333333337,0.0,0,0,0,0.0,Thursday,12,2,7,1
2015-02-12,Quarter2,sewing,Thursday,12,0.8,15.26,894.0,4080,50,0.0,0,0,34.0,0.800401961,1,0.00040196100000000623,1,894.0,6.796823718274855,120.0,1.4705882352941178,0.4488235294117647,12.208,0.4488235294117647,0.0,0,0,0,0.0,Thursday,12,2,7,1
2015-02-12,Quarter2,finishing,Thursday,8,0.35,4.15,,1440,0,0.0,0,0,12.0,0.755486111,1,0.405486111,0,0.0,0.0,120.0,0.0,0.3458333333333334,1.4525000000000001,0.3458333333333334,0.0,0,0,0,0.0,Thursday,12,2,7,1
2015-02-12,Quarter2,sewing,Thursday,5,0.75,30.1,610.0,7080,56,0.0,0,0,59.0,0.750799435,1,0.000799435000000015,1,610.0,6.415096959171596,120.0,0.9491525423728814,0.5101694915254238,22.575000000000003,0.5101694915254238,0.0,0,0,0,0.0,Thursday,12,2,7,1
2015-02-12,Quarter2,sewing,Thursday,6,0.8,18.79,779.0,3960,0,0.0,0,0,33.0,0.688017677,0,-0.111982323,1,779.0,6.659293919683638,120.0,0.0,0.5693939393939393,15.032,0.5693939393939393,0.0,0,0,0,0.0,Thursday,12,2,7,1
2015-02-12,Quarter2,finishing,Thursday,1,0.8,3.94,,1440,0,0.0,0,0,12.0,0.664875,0,-0.13512500000000005,0,0.0,0.0,120.0,0.0,0.3283333333333333,3.152,0.3283333333333333,0.0,0,0,0,0.0,Thursday,12,2,7,1
2015-02-12,Quarter2,finishing,Thursday,9,0.8,3.94,,960,0,0.0,0,0,8.0,0.656666667,0,-0.14333333300000006,0,0.0,0.0,120.0,0.0,0.4925,3.152,0.4925,0.0,0,0,0,0.0,Thursday,12,2,7,1
2015-02-12,Quarter2,sewing,Thursday,4,0.7,30.1,419.0,7080,0,0.0,0,1,59.0,0.637711864,0,-0.06228813599999994,1,419.0,6.040254711277414,120.0,0.0,0.5101694915254238,21.07,0.5101694915254238,0.0,0,0,1,0.0,Thursday,12,2,7,1
2015-02-12,Quarter2,finishing,Thursday,2,0.8,3.94,,2160,0,0.0,0,0,18.0,0.601944444,0,-0.19805555600000002,0,0.0,0.0,120.0,0.0,0.21888888888888888,3.152,0.21888888888888888,0.0,0,0,0,0.0,Thursday,12,2,7,1
2015-02-12,Quarter2,finishing,Thursday,5,0.7,4.15,,240,0,0.0,0,0,2.0,0.58,0,-0.12,0,0.0,0.0,120.0,0.0,2.075,2.9050000000000002,2.075,0.0,0,0,0,0.0,Thursday,12,2,7,1
2015-02-12,Quarter2,sewing,Thursday,7,0.65,30.1,909.0,7080,0,0.0,0,1,59.0,0.535677966,0,-0.11432203400000007,1,909.0,6.813444599510896,120.0,0.0,0.5101694915254238,19.565,0.5101694915254238,0.0,0,0,1,0.0,Thursday,12,2,7,1
2015-02-12,Quarter2,sewing,Thursday,11,0.5,11.41,1039.0,2280,0,0.0,0,2,55.0,0.50012336,1,0.0001233600000000168,1,1039.0,6.946975992135418,41.45454545454545,0.0,0.20745454545454545,5.705,0.20745454545454545,0.0,0,0,1,0.0,Thursday,12,2,7,1
2015-02-12,Quarter2,sewing,Thursday,9,0.8,29.12,14.0,6960,0,0.0,0,0,58.0,0.497885057,0,-0.302114943,1,14.0,2.70805020110221,120.0,0.0,0.5020689655172415,23.296000000000003,0.5020689655172415,0.0,0,0,0,0.0,Thursday,12,2,7,1
2015-02-12,Quarter2,sewing,Thursday,8,0.65,30.1,1193.0,7080,0,0.0,0,1,59.0,0.463403955,0,-0.18659604500000004,1,1193.0,7.085064293952548,120.0,0.0,0.5101694915254238,19.565,0.5101694915254238,0.0,0,0,1,0.0,Thursday,12,2,7,1
2015-02-12,Quarter2,sewing,Thursday,10,0.8,22.52,10.0,6000,0,0.0,0,0,50.0,0.441392,0,-0.35860800000000004,1,10.0,2.3978952727983707,120.0,0.0,0.45039999999999997,18.016000000000002,0.45039999999999997,0.0,0,0,0,0.0,Thursday,12,2,7,1
2015-02-12,Quarter2,sewing,Thursday,3,0.35,30.1,770.0,6960,0,0.0,0,1,58.0,0.350301724,1,0.0003017240000000032,1,770.0,6.647688373563329,120.0,0.0,0.5189655172413793,10.535,0.5189655172413793,0.0,0,0,1,0.0,Thursday,12,2,7,1
2015-02-14,Quarter2,sewing,Saturday,1,0.8,22.52,1416.0,6840,113,0.0,0,0,57.0,1.000230409,1,0.200230409,1,1416.0,7.256297239690681,120.0,1.9824561403508771,0.3950877192982456,18.016000000000002,0.3950877192982456,0.0,0,0,0,0.0,Saturday,14,2,7,1
2015-02-14,Quarter2,finishing,Saturday,7,0.7,4.15,,1800,0,0.0,0,0,15.0,0.929277778,1,0.22927777800000004,0,0.0,0.0,120.0,0.0,0.27666666666666667,2.9050000000000002,0.27666666666666667,0.0,0,0,0,0.0,Saturday,14,2,7,1
2015-02-14,Quarter2,finishing,Saturday,4,0.75,4.15,,2400,0,0.0,0,0,20.0,0.902916667,1,0.15291666699999995,0,0.0,0.0,120.0,0.0,0.20750000000000002,3.1125000000000003,0.20750000000000002,0.0,0,0,0,0.0,Saturday,14,2,7,1
2015-02-14,Quarter2,finishing,Saturday,12,0.8,4.08,,1080,0,0.0,0,0,9.0,0.800888889,1,0.0008888889999999483,0,0.0,0.0,120.0,0.0,0.45333333333333337,3.2640000000000002,0.45333333333333337,0.0,0,0,0,0.0,Saturday,14,2,7,1
2015-02-14,Quarter2,sewing,Saturday,12,0.8,15.26,942.0,4080,63,0.0,0,0,34.0,0.800401961,1,0.00040196100000000623,1,942.0,6.849066282633458,120.0,1.8529411764705883,0.4488235294117647,12.208,0.4488235294117647,0.0,0,0,0,0.0,Saturday,14,2,7,1
2015-02-14,Quarter2,sewing,Saturday,2,0.8,22.52,674.0,3660,63,0.0,0,0,57.0,0.80037492,1,0.0003749199999999453,1,674.0,6.51471269087253,64.21052631578948,1.105263157894737,0.3950877192982456,18.016000000000002,0.3950877192982456,0.0,0,0,0,0.0,Saturday,14,2,7,1
2015-02-14,Quarter2,finishing,Saturday,1,0.8,3.94,,1440,0,0.0,0,0,12.0,0.796208333,0,-0.0037916669999999986,0,0.0,0.0,120.0,0.0,0.3283333333333333,3.152,0.3283333333333333,0.0,0,0,0,0.0,Saturday,14,2,7,1
2015-02-14,Quarter2,sewing,Saturday,4,0.75,30.1,481.0,7140,0,0.0,0,1,59.0,0.750392157,1,0.0003921569999999486,1,481.0,6.1779441140506,121.01694915254237,0.0,0.5101694915254238,22.575000000000003,0.5101694915254238,1.0169491525423666,0,0,1,0.0,Saturday,14,2,7,1
2015-02-14,Quarter2,sewing,Saturday,5,0.75,30.1,664.0,7140,56,0.0,0,0,59.0,0.750392157,1,0.0003921569999999486,1,664.0,6.499787040655854,121.01694915254237,0.9491525423728814,0.5101694915254238,22.575000000000003,0.5101694915254238,1.0169491525423666,0,0,0,0.0,Saturday,14,2,7,1
2015-02-14,Quarter2,finishing,Saturday,8,0.7,4.15,,960,0,0.0,0,0,8.0,0.725625,1,0.02562500000000001,0,0.0,0.0,120.0,0.0,0.51875,2.9050000000000002,0.51875,0.0,0,0,0,0.0,Saturday,14,2,7,1
2015-02-14,Quarter2,sewing,Saturday,8,0.7,30.1,824.0,5160,0,0.0,0,1,60.0,0.700206125,1,0.00020612500000005696,1,824.0,6.715383386334681,86.0,0.0,0.5016666666666667,21.07,0.5016666666666667,0.0,0,0,1,0.0,Saturday,14,2,7,1
2015-02-14,Quarter2,sewing,Saturday,7,0.7,30.1,957.0,7200,0,0.0,0,1,60.0,0.602,0,-0.09799999999999998,1,957.0,6.86484777797086,120.0,0.0,0.5016666666666667,21.07,0.5016666666666667,0.0,0,0,1,0.0,Saturday,14,2,7,1
2015-02-14,Quarter2,sewing,Saturday,11,0.6,11.41,1039.0,2280,23,0.0,0,2,55.0,0.600447507,1,0.00044750700000006916,1,1039.0,6.946975992135418,41.45454545454545,0.41818181818181815,0.20745454545454545,6.846,0.20745454545454545,0.0,0,0,1,0.0,Saturday,14,2,7,1
2015-02-14,Quarter2,sewing,Saturday,6,0.8,18.79,822.0,4080,0,0.0,0,0,34.0,0.557252451,0,-0.24274754900000006,1,822.0,6.71295620067707,120.0,0.0,0.5526470588235294,15.032,0.5526470588235294,0.0,0,0,0,0.0,Saturday,14,2,7,1
2015-02-14,Quarter2,sewing,Saturday,3,0.5,30.1,1261.0,6960,30,0.0,0,1,58.0,0.500801724,1,0.0008017240000000037,1,1261.0,7.140453043101158,120.0,0.5172413793103449,0.5189655172413793,15.05,0.5189655172413793,0.0,0,0,1,0.0,Saturday,14,2,7,1
2015-02-14,Quarter2,finishing,Saturday,6,0.8,2.9,,960,0,0.0,0,0,8.0,0.483333333,0,-0.31666666700000007,0,0.0,0.0,120.0,0.0,0.3625,2.32,0.3625,0.0,0,0,0,0.0,Saturday,14,2,7,1
2015-02-14,Quarter2,finishing,Saturday,9,0.8,3.94,,960,0,0.0,0,0,8.0,0.238041667,0,-0.561958333,0,0.0,0.0,120.0,0.0,0.4925,3.152,0.4925,0.0,0,0,0,0.0,Saturday,14,2,7,1
2015-02-15,Quarter3,finishing,Sunday,1,0.8,3.94,,960,0,0.0,0,0,8.0,1.1204375,1,0.32043749999999993,0,0.0,0.0,120.0,0.0,0.4925,3.152,0.4925,0.0,0,0,0,0.0,Sunday,15,2,7,0
2015-02-15,Quarter3,finishing,Sunday,2,0.8,3.94,,960,0,0.0,0,0,8.0,1.108125,1,0.308125,0,0.0,0.0,120.0,0.0,0.4925,3.152,0.4925,0.0,0,0,0,0.0,Sunday,15,2,7,0
2015-02-15,Quarter3,sewing,Sunday,1,0.8,22.52,1420.0,6840,113,0.0,0,0,57.0,1.000230409,1,0.200230409,1,1420.0,7.259116128097101,120.0,1.9824561403508771,0.3950877192982456,18.016000000000002,0.3950877192982456,0.0,0,0,0,0.0,Sunday,15,2,7,0
2015-02-15,Quarter3,finishing,Sunday,12,0.8,4.08,,1080,0,0.0,0,0,9.0,0.876444444,1,0.07644444399999994,0,0.0,0.0,120.0,0.0,0.45333333333333337,3.2640000000000002,0.45333333333333337,0.0,0,0,0,0.0,Sunday,15,2,7,0
2015-02-15,Quarter3,sewing,Sunday,12,0.8,15.26,1120.0,1440,50,0.0,0,0,34.0,0.800806306,1,0.0008063059999999789,1,1120.0,7.02197642307216,42.35294117647059,1.4705882352941178,0.4488235294117647,12.208,0.4488235294117647,0.0,0,0,0,0.0,Sunday,15,2,7,0
2015-02-15,Quarter3,finishing,Sunday,5,0.75,4.15,,240,0,0.0,0,0,2.0,0.760833333,1,0.010833333,0,0.0,0.0,120.0,0.0,2.075,3.1125000000000003,2.075,0.0,0,0,0,0.0,Sunday,15,2,7,0
2015-02-15,Quarter3,sewing,Sunday,5,0.8,30.1,679.0,7140,0,0.0,0,0,59.5,0.722568627,0,-0.07743137300000003,1,679.0,6.522092798170152,120.0,0.0,0.5058823529411764,24.080000000000002,0.5058823529411764,0.0,0,0,0,0.0,Sunday,15,2,7,0
2015-02-15,Quarter3,finishing,Sunday,11,0.6,2.9,,1200,0,0.0,0,0,10.0,0.715333333,1,0.11533333300000004,0,0.0,0.0,120.0,0.0,0.29,1.74,0.29,0.0,0,0,0,0.0,Sunday,15,2,7,0
2015-02-15,Quarter3,sewing,Sunday,7,0.7,30.1,881.0,7080,0,0.0,0,1,59.0,0.700632768,1,0.0006327680000000058,1,881.0,6.782192056006791,120.0,0.0,0.5101694915254238,21.07,0.5101694915254238,0.0,0,0,1,0.0,Sunday,15,2,7,0
2015-02-15,Quarter3,sewing,Sunday,8,0.7,30.1,507.0,5880,40,2.0,10,1,59.0,0.700573099,1,0.0005730990000000213,1,507.0,6.230481447578482,99.66101694915254,0.6779661016949152,0.5101694915254238,21.07,0.5101694915254238,0.0,1,1,1,20.0,Sunday,15,2,7,0
2015-02-15,Quarter3,sewing,Sunday,6,0.75,18.79,814.0,4080,0,0.0,0,0,34.0,0.681598039,0,-0.06840196099999996,1,814.0,6.703188113240863,120.0,0.0,0.5526470588235294,14.0925,0.5526470588235294,0.0,0,0,0,0.0,Sunday,15,2,7,0
2015-02-15,Quarter3,sewing,Sunday,11,0.65,11.41,700.0,2640,23,0.0,0,2,53.0,0.650223718,1,0.00022371799999998387,1,700.0,6.55250788703459,49.81132075471698,0.4339622641509434,0.21528301886792453,7.4165,0.21528301886792453,0.0,0,0,1,0.0,Sunday,15,2,7,0
2015-02-15,Quarter3,finishing,Sunday,8,0.7,4.15,,960,0,0.0,0,0,8.0,0.605208333,0,-0.09479166699999997,0,0.0,0.0,120.0,0.0,0.51875,2.9050000000000002,0.51875,0.0,0,0,0,0.0,Sunday,15,2,7,0
2015-02-15,Quarter3,finishing,Sunday,6,0.8,2.9,,960,0,0.0,0,0,8.0,0.604166667,0,-0.19583333300000005,0,0.0,0.0,120.0,0.0,0.3625,2.32,0.3625,0.0,0,0,0,0.0,Sunday,15,2,7,0
2015-02-15,Quarter3,sewing,Sunday,4,0.75,30.1,919.0,7140,0,0.0,0,1,59.5,0.598627451,0,-0.15137254899999997,1,919.0,6.824373670043086,120.0,0.0,0.5058823529411764,22.575000000000003,0.5058823529411764,0.0,0,0,1,0.0,Sunday,15,2,7,0
2015-02-15,Quarter3,sewing,Sunday,3,0.6,30.1,1361.0,6960,30,0.0,0,1,58.0,0.475718391,0,-0.12428160899999996,1,1361.0,7.216709486709457,120.0,0.5172413793103449,0.5189655172413793,18.06,0.5189655172413793,0.0,0,0,1,0.0,Sunday,15,2,7,0
2015-02-15,Quarter3,sewing,Sunday,2,0.8,22.52,12.0,6900,0,0.0,0,0,57.5,0.432122899,0,-0.36787710100000004,1,12.0,2.5649493574615367,120.0,0.0,0.39165217391304347,18.016000000000002,0.39165217391304347,0.0,0,0,0,0.0,Sunday,15,2,7,0
2015-02-15,Quarter3,finishing,Sunday,4,0.75,4.15,,2400,0,0.0,0,0,20.0,0.287041667,0,-0.462958333,0,0.0,0.0,120.0,0.0,0.20750000000000002,3.1125000000000003,0.20750000000000002,0.0,0,0,0,0.0,Sunday,15,2,7,0
2015-02-15,Quarter3,sewing,Sunday,9,0.5,18.79,1688.0,5280,0,0.0,0,1,54.0,0.283054487,0,-0.21694551299999998,1,1688.0,7.4318919168078,97.77777777777777,0.0,0.347962962962963,9.395,0.347962962962963,0.0,0,0,1,0.0,Sunday,15,2,7,0
2015-02-16,Quarter3,sewing,Monday,1,0.8,22.52,1422.0,6840,113,0.0,0,0,57.0,1.000230409,1,0.200230409,1,1422.0,7.260522598089852,120.0,1.9824561403508771,0.3950877192982456,18.016000000000002,0.3950877192982456,0.0,0,0,0,0.0,Monday,16,2,8,0
2015-02-16,Quarter3,finishing,Monday,9,0.8,3.94,,1200,0,0.0,0,0,10.0,0.960433333,1,0.16043333299999996,0,0.0,0.0,120.0,0.0,0.394,3.152,0.394,0.0,0,0,0,0.0,Monday,16,2,8,0
2015-02-16,Quarter3,finishing,Monday,12,0.8,4.08,,1080,0,0.0,0,0,9.0,0.891555556,1,0.09155555599999998,0,0.0,0.0,120.0,0.0,0.45333333333333337,3.2640000000000002,0.45333333333333337,0.0,0,0,0,0.0,Monday,16,2,8,0
2015-02-16,Quarter3,finishing,Monday,3,0.5,4.15,,960,0,0.0,0,0,8.0,0.864583333,1,0.364583333,0,0.0,0.0,120.0,0.0,0.51875,2.075,0.51875,0.0,0,0,0,0.0,Monday,16,2,8,0
2015-02-16,Quarter3,sewing,Monday,3,0.65,30.1,1263.0,600,63,0.0,0,1,58.0,0.802243319,1,0.152243319,1,1263.0,7.142036574706803,10.344827586206897,1.0862068965517242,0.5189655172413793,19.565,0.5189655172413793,0.0,0,0,1,0.0,Monday,16,2,8,0
2015-02-16,Quarter3,sewing,Monday,5,0.8,30.1,461.0,0,0,0.0,0,0,59.0,0.800980392,1,0.0009803919999999966,1,461.0,6.135564891081739,0.0,0.0,0.5101694915254238,24.080000000000002,0.5101694915254238,0.0,0,0,0,0.0,Monday,16,2,8,0
2015-02-16,Quarter3,sewing,Monday,12,0.8,15.26,1079.0,3720,38,0.0,0,0,34.0,0.800312375,1,0.00031237499999992036,1,1079.0,6.984716320118266,109.41176470588235,1.1176470588235294,0.4488235294117647,12.208,0.4488235294117647,0.0,0,0,0,0.0,Monday,16,2,8,0
2015-02-16,Quarter3,finishing,Monday,6,0.8,2.9,,960,0,0.0,0,0,8.0,0.773333333,0,-0.02666666700000009,0,0.0,0.0,120.0,0.0,0.3625,2.32,0.3625,0.0,0,0,0,0.0,Monday,16,2,8,0
2015-02-16,Quarter3,sewing,Monday,6,0.75,18.79,895.0,3960,0,0.0,0,0,33.0,0.75065101,1,0.0006510100000000074,1,895.0,6.79794041297493,120.0,0.0,0.5693939393939393,14.0925,0.5693939393939393,0.0,0,0,0,0.0,Monday,16,2,8,0
2015-02-16,Quarter3,sewing,Monday,4,0.75,30.1,912.0,7020,0,0.0,0,1,58.0,0.750356125,1,0.00035612500000004044,1,912.0,6.816735880594968,121.03448275862068,0.0,0.5189655172413793,22.575000000000003,0.5189655172413793,1.0344827586206833,0,0,1,0.0,Monday,16,2,8,0
2015-02-16,Quarter3,finishing,Monday,4,0.75,4.15,,1800,0,0.0,0,0,15.0,0.722333333,0,-0.027666666999999978,0,0.0,0.0,120.0,0.0,0.27666666666666667,3.1125000000000003,0.27666666666666667,0.0,0,0,0,0.0,Monday,16,2,8,0
2015-02-16,Quarter3,sewing,Monday,7,0.7,30.1,784.0,600,30,0.0,0,1,59.0,0.700459889,1,0.0004598890000000466,1,784.0,6.665683717782408,10.169491525423728,0.5084745762711864,0.5101694915254238,21.07,0.5101694915254238,0.0,0,0,1,0.0,Monday,16,2,8,0
2015-02-16,Quarter3,finishing,Monday,5,0.75,4.15,,1200,0,0.0,0,0,10.0,0.629416667,0,-0.12058333300000001,0,0.0,0.0,120.0,0.0,0.41500000000000004,3.1125000000000003,0.41500000000000004,0.0,0,0,0,0.0,Monday,16,2,8,0
2015-02-16,Quarter3,sewing,Monday,8,0.7,30.1,7.0,7080,27,2.0,10,2,59.0,0.621971751,0,-0.07802824899999994,1,7.0,2.0794415416798357,120.0,0.4576271186440678,0.5101694915254238,21.07,0.5101694915254238,0.0,1,1,1,20.0,Monday,16,2,8,0
2015-02-16,Quarter3,sewing,Monday,11,0.7,11.41,680.0,2160,30,0.0,0,2,54.0,0.565972222,0,-0.134027778,1,680.0,6.523562306149512,40.0,0.5555555555555556,0.2112962962962963,7.986999999999999,0.2112962962962963,0.0,0,0,1,0.0,Monday,16,2,8,0
2015-02-16,Quarter3,sewing,Monday,10,0.6,18.22,1131.0,5280,0,0.0,0,1,44.0,0.35542803,0,-0.24457196999999997,1,1131.0,7.0317412587631285,120.0,0.0,0.41409090909090907,10.931999999999999,0.41409090909090907,0.0,0,0,1,0.0,Monday,16,2,8,0
2015-02-16,Quarter3,sewing,Monday,9,0.6,18.79,2103.0,5400,0,0.0,0,1,54.0,0.329964879,0,-0.270035121,1,2103.0,7.651595573857601,100.0,0.0,0.347962962962963,11.274,0.347962962962963,0.0,0,0,1,0.0,Monday,16,2,8,0
2015-02-16,Quarter3,finishing,Monday,7,0.7,4.15,,1800,0,0.0,0,0,15.0,0.258,0,-0.44199999999999995,0,0.0,0.0,120.0,0.0,0.27666666666666667,2.9050000000000002,0.27666666666666667,0.0,0,0,0,0.0,Monday,16,2,8,0
2015-02-17,Quarter3,sewing,Tuesday,1,0.8,22.52,1445.0,6840,113,0.0,0,0,57.0,1.000230409,1,0.200230409,1,1445.0,7.27655640271871,120.0,1.9824561403508771,0.3950877192982456,18.016000000000002,0.3950877192982456,0.0,0,0,0,0.0,Tuesday,17,2,8,0
2015-02-17,Quarter3,finishing,Tuesday,10,0.8,3.94,,960,0,0.0,0,0,8.0,0.927541667,1,0.12754166699999991,0,0.0,0.0,120.0,0.0,0.4925,3.152,0.4925,0.0,0,0,0,0.0,Tuesday,17,2,8,0
2015-02-17,Quarter3,finishing,Tuesday,7,0.7,5.13,,1200,0,0.0,0,0,10.0,0.91375,1,0.21375,0,0.0,0.0,120.0,0.0,0.513,3.5909999999999997,0.513,0.0,0,0,0,0.0,Tuesday,17,2,8,0
2015-02-17,Quarter3,finishing,Tuesday,12,0.8,5.13,,1080,0,0.0,0,0,9.0,0.9025,1,0.10249999999999992,0,0.0,0.0,120.0,0.0,0.57,4.104,0.57,0.0,0,0,0,0.0,Tuesday,17,2,8,0
2015-02-17,Quarter3,sewing,Tuesday,12,0.8,15.26,1133.0,4080,38,0.0,0,0,34.0,0.800401961,1,0.00040196100000000623,1,1133.0,7.033506484287697,120.0,1.1176470588235294,0.4488235294117647,12.208,0.4488235294117647,0.0,0,0,0,0.0,Tuesday,17,2,8,0
2015-02-17,Quarter3,finishing,Tuesday,3,0.5,5.13,,1800,0,0.0,0,0,15.0,0.7866,1,0.28659999999999997,0,0.0,0.0,120.0,0.0,0.34199999999999997,2.565,0.34199999999999997,0.0,0,0,0,0.0,Tuesday,17,2,8,0
2015-02-17,Quarter3,sewing,Tuesday,6,0.75,18.79,726.0,3360,0,0.0,0,0,33.0,0.750621354,1,0.0006213539999999629,1,726.0,6.588926477533519,101.81818181818181,0.0,0.5693939393939393,14.0925,0.5693939393939393,0.0,0,0,0,0.0,Tuesday,17,2,8,0
2015-02-17,Quarter3,sewing,Tuesday,4,0.75,30.1,849.0,7020,45,0.0,0,1,58.0,0.750356125,1,0.00035612500000004044,1,849.0,6.745236349484363,121.03448275862068,0.7758620689655172,0.5189655172413793,22.575000000000003,0.5189655172413793,1.0344827586206833,0,0,1,0.0,Tuesday,17,2,8,0
2015-02-17,Quarter3,finishing,Tuesday,6,0.8,2.9,,960,0,0.0,0,0,8.0,0.749166667,0,-0.050833333000000036,0,0.0,0.0,120.0,0.0,0.3625,2.32,0.3625,0.0,0,0,0,0.0,Tuesday,17,2,8,0
2015-02-17,Quarter3,sewing,Tuesday,7,0.7,30.1,562.0,840,30,0.0,0,1,59.0,0.700888203,1,0.0008882030000000318,1,562.0,6.333279628139691,14.23728813559322,0.5084745762711864,0.5101694915254238,21.07,0.5101694915254238,0.0,0,0,1,0.0,Tuesday,17,2,8,0
2015-02-17,Quarter3,sewing,Tuesday,11,0.7,11.41,1054.0,3420,30,0.0,0,2,56.0,0.700614035,1,0.0006140350000000128,1,1054.0,6.961296045910167,61.07142857142857,0.5357142857142857,0.20375000000000001,7.986999999999999,0.20375000000000001,0.0,0,0,1,0.0,Tuesday,17,2,8,0
2015-02-17,Quarter3,sewing,Tuesday,3,0.7,30.1,1422.0,6960,50,0.0,0,1,58.0,0.700603448,1,0.0006034480000000064,1,1422.0,7.260522598089852,120.0,0.8620689655172413,0.5189655172413793,21.07,0.5189655172413793,0.0,0,0,1,0.0,Tuesday,17,2,8,0
2015-02-17,Quarter3,finishing,Tuesday,4,0.75,5.13,,960,0,0.0,0,0,8.0,0.656666667,0,-0.09333333300000002,0,0.0,0.0,120.0,0.0,0.64125,3.8475,0.64125,0.0,0,0,0,0.0,Tuesday,17,2,8,0
2015-02-17,Quarter3,sewing,Tuesday,5,0.8,30.1,680.0,7140,0,0.0,0,0,59.0,0.653431373,0,-0.14656862700000006,1,680.0,6.523562306149512,121.01694915254237,0.0,0.5101694915254238,24.080000000000002,0.5101694915254238,1.0169491525423666,0,0,0,0.0,Tuesday,17,2,8,0
2015-02-17,Quarter3,sewing,Tuesday,9,0.65,18.79,2120.0,5520,0,0.0,0,1,51.0,0.650134,1,0.00013399999999996748,1,2120.0,7.659642954564682,108.23529411764706,0.0,0.3684313725490196,12.2135,0.3684313725490196,0.0,0,0,1,0.0,Tuesday,17,2,8,0
2015-02-17,Quarter3,sewing,Tuesday,8,0.6,29.4,179.0,0,23,5.0,30,2,58.0,0.600982906,1,0.0009829060000000611,1,179.0,5.19295685089021,0.0,0.39655172413793105,0.506896551724138,17.639999999999997,0.506896551724138,0.0,1,1,1,150.0,Tuesday,17,2,8,0
2015-02-17,Quarter3,finishing,Tuesday,9,0.8,3.94,,960,0,0.0,0,0,8.0,0.586041667,0,-0.213958333,0,0.0,0.0,120.0,0.0,0.4925,3.152,0.4925,0.0,0,0,0,0.0,Tuesday,17,2,8,0
2015-02-17,Quarter3,finishing,Tuesday,2,0.8,5.13,,1800,0,0.0,0,0,15.0,0.5814,0,-0.21860000000000002,0,0.0,0.0,120.0,0.0,0.34199999999999997,4.104,0.34199999999999997,0.0,0,0,0,0.0,Tuesday,17,2,8,0
2015-02-17,Quarter3,sewing,Tuesday,2,0.5,30.33,838.0,6720,0,0.0,0,1,56.0,0.361071429,0,-0.138928571,1,838.0,6.732210706467206,120.0,0.0,0.5416071428571428,15.165,0.5416071428571428,0.0,0,0,1,0.0,Tuesday,17,2,8,0
2015-02-17,Quarter3,sewing,Tuesday,10,0.65,18.22,741.0,0,0,8.0,35,1,49.0,0.302117347,0,-0.34788265300000004,1,741.0,6.60934924316738,0.0,0.0,0.3718367346938775,11.843,0.3718367346938775,0.0,1,1,1,280.0,Tuesday,17,2,8,0
2015-02-18,Quarter3,finishing,Wednesday,12,0.8,5.13,,1200,0,0.0,0,0,10.0,0.9918,1,0.19179999999999997,0,0.0,0.0,120.0,0.0,0.513,4.104,0.513,0.0,0,0,0,0.0,Wednesday,18,2,8,0
2015-02-18,Quarter3,finishing,Wednesday,6,0.8,2.9,,1440,0,0.0,0,0,12.0,0.936861111,1,0.13686111099999998,0,0.0,0.0,120.0,0.0,0.24166666666666667,2.32,0.24166666666666667,0.0,0,0,0,0.0,Wednesday,18,2,8,0
2015-02-18,Quarter3,finishing,Wednesday,2,0.8,5.13,,1440,0,0.0,0,0,12.0,0.919125,1,0.11912499999999993,0,0.0,0.0,120.0,0.0,0.4275,4.104,0.4275,0.0,0,0,0,0.0,Wednesday,18,2,8,0
2015-02-18,Quarter3,sewing,Wednesday,11,0.7,11.41,685.0,3360,30,0.0,0,2,56.0,0.8211125,1,0.12111250000000007,1,685.0,6.530877627725885,60.0,0.5357142857142857,0.20375000000000001,7.986999999999999,0.20375000000000001,0.0,0,0,1,0.0,Wednesday,18,2,8,0
2015-02-18,Quarter3,sewing,Wednesday,4,0.8,30.1,864.0,480,50,0.0,0,1,58.0,0.800980392,1,0.0009803919999999966,1,864.0,6.762729506931879,8.275862068965518,0.8620689655172413,0.5189655172413793,24.080000000000002,0.5189655172413793,0.0,0,0,1,0.0,Wednesday,18,2,8,0
2015-02-18,Quarter3,sewing,Wednesday,5,0.8,30.1,511.0,0,0,0.0,0,0,59.0,0.800980392,1,0.0009803919999999966,1,511.0,6.238324625039508,0.0,0.0,0.5101694915254238,24.080000000000002,0.5101694915254238,0.0,0,0,0,0.0,Wednesday,18,2,8,0
2015-02-18,Quarter3,sewing,Wednesday,12,0.8,15.26,1095.0,4080,63,0.0,0,0,34.0,0.800401961,1,0.00040196100000000623,1,1095.0,6.999422467507961,120.0,1.8529411764705883,0.4488235294117647,12.208,0.4488235294117647,0.0,0,0,0,0.0,Wednesday,18,2,8,0
2015-02-18,Quarter3,sewing,Wednesday,1,0.8,22.52,1374.0,3960,63,0.0,0,0,57.0,0.800279693,1,0.00027969299999996977,1,1374.0,7.226209010100671,69.47368421052632,1.105263157894737,0.3950877192982456,18.016000000000002,0.3950877192982456,0.0,0,0,0,0.0,Wednesday,18,2,8,0
2015-02-18,Quarter3,sewing,Wednesday,6,0.75,18.79,759.0,3960,34,0.0,0,0,33.0,0.75065101,1,0.0006510100000000074,1,759.0,6.633318433280377,120.0,1.0303030303030303,0.5693939393939393,14.0925,0.5693939393939393,0.0,0,0,0,0.0,Wednesday,18,2,8,0
2015-02-18,Quarter3,sewing,Wednesday,7,0.75,30.1,553.0,2280,45,0.0,0,1,59.0,0.75053268,1,0.0005326799999999521,1,553.0,6.317164686747284,38.644067796610166,0.7627118644067796,0.5101694915254238,22.575000000000003,0.5101694915254238,0.0,0,0,1,0.0,Wednesday,18,2,8,0
2015-02-18,Quarter3,finishing,Wednesday,4,0.75,5.13,,960,0,0.0,0,0,8.0,0.734645833,0,-0.01535416700000003,0,0.0,0.0,120.0,0.0,0.64125,3.8475,0.64125,0.0,0,0,0,0.0,Wednesday,18,2,8,0
2015-02-18,Quarter3,sewing,Wednesday,3,0.7,30.1,1057.0,0,40,0.0,0,1,58.0,0.700603448,1,0.0006034480000000064,1,1057.0,6.964135612418245,0.0,0.6896551724137931,0.5189655172413793,21.07,0.5189655172413793,0.0,0,0,1,0.0,Wednesday,18,2,8,0
2015-02-18,Quarter3,sewing,Wednesday,9,0.7,18.79,1587.0,4560,30,0.0,0,1,51.0,0.70009573,1,9.573000000007159e-05,1,1587.0,7.370230641807081,89.41176470588235,0.5882352941176471,0.3684313725490196,13.152999999999999,0.3684313725490196,0.0,0,0,1,0.0,Wednesday,18,2,8,0
2015-02-18,Quarter3,finishing,Wednesday,7,0.7,5.13,,960,0,0.0,0,0,8.0,0.671875,0,-0.028124999999999956,0,0.0,0.0,120.0,0.0,0.64125,3.5909999999999997,0.64125,0.0,0,0,0,0.0,Wednesday,18,2,8,0
2015-02-18,Quarter3,finishing,Wednesday,10,0.8,3.94,,960,0,0.0,0,0,8.0,0.64025,0,-0.15975000000000006,0,0.0,0.0,120.0,0.0,0.4925,3.152,0.4925,0.0,0,0,0,0.0,Wednesday,18,2,8,0
2015-02-18,Quarter3,finishing,Wednesday,8,0.7,5.13,,960,0,0.0,0,0,8.0,0.58,0,-0.12,0,0.0,0.0,120.0,0.0,0.64125,3.5909999999999997,0.64125,0.0,0,0,0,0.0,Wednesday,18,2,8,0
2015-02-18,Quarter3,finishing,Wednesday,9,0.8,3.94,,960,0,0.0,0,0,8.0,0.549791667,0,-0.250208333,0,0.0,0.0,120.0,0.0,0.4925,3.152,0.4925,0.0,0,0,0,0.0,Wednesday,18,2,8,0
2015-02-18,Quarter3,sewing,Wednesday,2,0.6,30.33,868.0,6840,0,0.0,0,1,57.0,0.328131579,0,-0.27186842099999997,1,868.0,6.767343125265392,120.0,0.0,0.5321052631578947,18.197999999999997,0.5321052631578947,0.0,0,0,1,0.0,Wednesday,18,2,8,0
2015-02-18,Quarter3,sewing,Wednesday,10,0.7,19.68,1119.0,5640,0,8.0,35,1,47.0,0.303574468,0,-0.39642553199999997,1,1119.0,7.02108396428914,120.0,0.0,0.4187234042553191,13.776,0.4187234042553191,0.0,1,1,1,280.0,Wednesday,18,2,8,0
2015-02-18,Quarter3,finishing,Wednesday,3,0.5,5.13,,960,0,0.0,0,0,8.0,0.2565,0,-0.2435,0,0.0,0.0,120.0,0.0,0.64125,2.565,0.64125,0.0,0,0,0,0.0,Wednesday,18,2,8,0
2015-02-18,Quarter3,sewing,Wednesday,8,0.65,29.4,962.0,4560,0,4.5,30,2,57.0,0.251399254,0,-0.398600746,1,962.0,6.870053411798126,80.0,0.0,0.5157894736842105,19.11,0.5157894736842105,0.0,1,1,1,135.0,Wednesday,18,2,8,0
2015-02-19,Quarter3,finishing,Thursday,3,0.5,5.13,,2880,0,0.0,0,0,12.0,0.81640625,1,0.31640625,0,0.0,0.0,240.0,0.0,0.4275,2.565,0.4275,120.0,0,0,0,0.0,Thursday,19,2,8,1
2015-02-19,Quarter3,sewing,Thursday,12,0.8,15.26,1126.0,1080,38,0.0,0,0,34.0,0.800711494,1,0.0007114939999999237,1,1126.0,7.027314514039777,31.764705882352942,1.1176470588235294,0.4488235294117647,12.208,0.4488235294117647,0.0,0,0,0,0.0,Thursday,19,2,8,1
2015-02-19,Quarter3,sewing,Thursday,1,0.8,22.52,265.0,3840,63,0.0,0,0,57.0,0.800470513,1,0.00047051300000000573,1,265.0,5.583496308781699,67.36842105263158,1.105263157894737,0.3950877192982456,18.016000000000002,0.3950877192982456,0.0,0,0,0,0.0,Thursday,19,2,8,1
2015-02-19,Quarter3,sewing,Thursday,4,0.8,30.1,859.0,7020,63,0.0,0,1,58.5,0.800094017,1,9.40170000000018e-05,1,859.0,6.756932389247553,120.0,1.0769230769230769,0.5145299145299146,24.080000000000002,0.5145299145299146,0.0,0,0,1,0.0,Thursday,19,2,8,1
2015-02-19,Quarter3,sewing,Thursday,5,0.8,30.1,276.0,600,63,3.5,15,0,59.5,0.799982853,0,-1.714699999999514e-05,1,276.0,5.6240175061873385,10.084033613445378,1.0588235294117647,0.5058823529411764,24.080000000000002,0.5058823529411764,0.0,1,1,0,52.5,Thursday,19,2,8,1
2015-02-19,Quarter3,finishing,Thursday,6,0.8,2.9,,4320,0,0.0,0,0,18.0,0.785864198,0,-0.014135802000000086,0,0.0,0.0,240.0,0.0,0.1611111111111111,2.32,0.1611111111111111,120.0,0,0,0,0.0,Thursday,19,2,8,1
2015-02-19,Quarter3,sewing,Thursday,6,0.75,18.79,899.0,3960,56,0.0,0,0,33.0,0.75065101,1,0.0006510100000000074,1,899.0,6.802394763324311,120.0,1.696969696969697,0.5693939393939393,14.0925,0.5693939393939393,0.0,0,0,0,0.0,Thursday,19,2,8,1
2015-02-19,Quarter3,finishing,Thursday,10,0.8,3.94,,2400,0,0.0,0,0,10.0,0.733277778,0,-0.066722222,0,0.0,0.0,240.0,0.0,0.394,3.152,0.394,120.0,0,0,0,0.0,Thursday,19,2,8,1
2015-02-19,Quarter3,finishing,Thursday,2,0.8,5.13,,3600,0,0.0,0,0,15.0,0.710125,0,-0.08987500000000004,0,0.0,0.0,240.0,0.0,0.34199999999999997,4.104,0.34199999999999997,120.0,0,0,0,0.0,Thursday,19,2,8,1
2015-02-19,Quarter3,sewing,Thursday,3,0.7,30.1,247.0,6960,50,0.0,0,1,58.0,0.700603448,1,0.0006034480000000064,1,247.0,5.5134287461649825,120.0,0.8620689655172413,0.5189655172413793,21.07,0.5189655172413793,0.0,0,0,1,0.0,Thursday,19,2,8,1
2015-02-19,Quarter3,sewing,Thursday,11,0.7,11.41,653.0,3480,30,0.0,0,2,58.0,0.700540441,1,0.0005404410000000581,1,653.0,6.483107351457199,60.0,0.5172413793103449,0.1967241379310345,7.986999999999999,0.1967241379310345,0.0,0,0,1,0.0,Thursday,19,2,8,1
2015-02-19,Quarter3,sewing,Thursday,8,0.7,29.4,1116.0,6240,0,0.0,0,2,57.0,0.7,1,0.0,1,1116.0,7.018401799069201,109.47368421052632,0.0,0.5157894736842105,20.58,0.5157894736842105,0.0,0,0,1,0.0,Thursday,19,2,8,1
2015-02-19,Quarter3,finishing,Thursday,4,0.75,5.13,,1920,0,0.0,0,0,8.0,0.684027778,0,-0.06597222199999997,0,0.0,0.0,240.0,0.0,0.64125,3.8475,0.64125,120.0,0,0,0,0.0,Thursday,19,2,8,1
2015-02-19,Quarter3,finishing,Thursday,8,0.7,5.13,,1920,0,0.0,0,0,8.0,0.672135417,0,-0.027864582999999943,0,0.0,0.0,240.0,0.0,0.64125,3.5909999999999997,0.64125,120.0,0,0,0,0.0,Thursday,19,2,8,1
2015-02-19,Quarter3,sewing,Thursday,9,0.7,18.79,1603.0,6120,30,0.0,0,1,51.0,0.638614379,0,-0.061385621,1,1603.0,7.38025578842646,120.0,0.5882352941176471,0.3684313725490196,13.152999999999999,0.3684313725490196,0.0,0,0,1,0.0,Thursday,19,2,8,1
2015-02-19,Quarter3,finishing,Thursday,5,0.75,5.13,,1920,0,0.0,0,0,8.0,0.631354167,0,-0.11864583299999998,0,0.0,0.0,240.0,0.0,0.64125,3.8475,0.64125,120.0,0,0,0,0.0,Thursday,19,2,8,1
2015-02-19,Quarter3,sewing,Thursday,7,0.75,30.1,444.0,0,0,5.0,20,1,59.0,0.611140537,0,-0.13885946299999996,1,444.0,6.09807428216624,0.0,0.0,0.5101694915254238,22.575000000000003,0.5101694915254238,0.0,1,1,1,100.0,Thursday,19,2,8,1
2015-02-19,Quarter3,finishing,Thursday,12,0.8,5.13,,2160,0,0.0,0,0,9.0,0.609583333,0,-0.19041666700000004,0,0.0,0.0,240.0,0.0,0.57,4.104,0.57,120.0,0,0,0,0.0,Thursday,19,2,8,1
2015-02-19,Quarter3,sewing,Thursday,2,0.65,30.33,841.0,6840,0,0.0,0,1,57.0,0.585315789,0,-0.06468421099999999,1,841.0,6.7357800142423265,120.0,0.0,0.5321052631578947,19.7145,0.5321052631578947,0.0,0,0,1,0.0,Thursday,19,2,8,1
2015-02-19,Quarter3,sewing,Thursday,10,0.7,19.68,1410.0,5760,0,0.0,0,1,48.0,0.249416667,0,-0.450583333,1,1410.0,7.252053951852814,120.0,0.0,0.41,13.776,0.41,0.0,0,0,1,0.0,Thursday,19,2,8,1
2015-02-22,Quarter4,finishing,Sunday,3,0.5,5.13,,1800,0,0.0,0,0,15.0,0.8721,1,0.3721,0,0.0,0.0,120.0,0.0,0.34199999999999997,2.565,0.34199999999999997,0.0,0,0,0,0.0,Sunday,22,2,8,0
2015-02-22,Quarter4,finishing,Sunday,6,0.8,2.9,,960,0,0.0,0,0,8.0,0.8319375,1,0.03193749999999995,0,0.0,0.0,120.0,0.0,0.3625,2.32,0.3625,0.0,0,0,0,0.0,Sunday,22,2,8,0
2015-02-22,Quarter4,finishing,Sunday,2,0.8,5.13,,4800,0,0.0,0,0,20.0,0.8300625,1,0.030062499999999992,0,0.0,0.0,240.0,0.0,0.2565,4.104,0.2565,120.0,0,0,0,0.0,Sunday,22,2,8,0
2015-02-22,Quarter4,finishing,Sunday,11,0.6,2.9,,2880,0,0.0,0,0,12.0,0.805555556,1,0.20555555599999997,0,0.0,0.0,240.0,0.0,0.24166666666666667,1.74,0.24166666666666667,120.0,0,0,0,0.0,Sunday,22,2,8,0
2015-02-22,Quarter4,sewing,Sunday,12,0.8,15.26,1103.0,4080,63,0.0,0,0,34.0,0.800401961,1,0.00040196100000000623,1,1103.0,7.00669522683704,120.0,1.8529411764705883,0.4488235294117647,12.208,0.4488235294117647,0.0,0,0,0,0.0,Sunday,22,2,8,0
2015-02-22,Quarter4,sewing,Sunday,4,0.8,30.1,922.0,5820,63,0.0,0,1,59.0,0.80000295,1,2.9499999999460513e-06,1,922.0,6.827629234502852,98.64406779661017,1.0677966101694916,0.5101694915254238,24.080000000000002,0.5101694915254238,0.0,0,0,1,0.0,Sunday,22,2,8,0
2015-02-22,Quarter4,finishing,Sunday,12,0.8,5.13,,2400,0,0.0,0,0,10.0,0.78375,0,-0.016250000000000098,0,0.0,0.0,240.0,0.0,0.513,4.104,0.513,120.0,0,0,0,0.0,Sunday,22,2,8,0
2015-02-22,Quarter4,finishing,Sunday,9,0.8,3.94,,2400,0,0.0,0,0,10.0,0.753525,0,-0.046475000000000044,0,0.0,0.0,240.0,0.0,0.394,3.152,0.394,120.0,0,0,0,0.0,Sunday,22,2,8,0
2015-02-22,Quarter4,sewing,Sunday,6,0.75,18.79,1055.0,3960,45,0.0,0,0,33.0,0.75065101,1,0.0006510100000000074,1,1055.0,6.962243464266207,120.0,1.3636363636363635,0.5693939393939393,14.0925,0.5693939393939393,0.0,0,0,0,0.0,Sunday,22,2,8,0
2015-02-22,Quarter4,finishing,Sunday,1,0.8,3.94,,2880,0,0.0,0,0,12.0,0.727349537,0,-0.072650463,0,0.0,0.0,240.0,0.0,0.3283333333333333,3.152,0.3283333333333333,120.0,0,0,0,0.0,Sunday,22,2,8,0
2015-02-22,Quarter4,sewing,Sunday,8,0.7,29.4,1146.0,6840,40,0.0,0,2,57.0,0.700614035,1,0.0006140350000000128,1,1146.0,7.044905117129371,120.0,0.7017543859649122,0.5157894736842105,20.58,0.5157894736842105,0.0,0,0,1,0.0,Sunday,22,2,8,0
2015-02-22,Quarter4,sewing,Sunday,2,0.7,30.33,746.0,6840,0,0.0,0,1,57.0,0.700605263,1,0.000605263000000078,1,746.0,6.616065185132817,120.0,0.0,0.5321052631578947,21.230999999999998,0.5321052631578947,0.0,0,0,1,0.0,Sunday,22,2,8,0
2015-02-22,Quarter4,sewing,Sunday,11,0.75,11.41,834.0,3480,0,0.0,0,2,58.0,0.672140805,0,-0.07785919500000005,1,834.0,6.727431724850855,60.0,0.0,0.1967241379310345,8.557500000000001,0.1967241379310345,0.0,0,0,1,0.0,Sunday,22,2,8,0
2015-02-22,Quarter4,sewing,Sunday,9,0.7,18.79,1717.0,3240,30,0.0,0,1,57.0,0.627011183,0,-0.07298881699999993,1,1717.0,7.4489161025442,56.8421052631579,0.5263157894736842,0.3296491228070175,13.152999999999999,0.3296491228070175,0.0,0,0,1,0.0,Sunday,22,2,8,0
2015-02-22,Quarter4,sewing,Sunday,3,0.7,30.1,1041.0,8160,33,0.0,0,2,58.0,0.626577778,0,-0.07342222199999993,1,1041.0,6.948897222313312,140.68965517241378,0.5689655172413793,0.5189655172413793,21.07,0.5189655172413793,20.68965517241378,0,0,1,0.0,Sunday,22,2,8,0
2015-02-22,Quarter4,sewing,Sunday,10,0.7,21.25,1531.0,6000,0,0.0,0,1,50.0,0.456875,0,-0.24312499999999998,1,1531.0,7.3343293503005365,120.0,0.0,0.425,14.874999999999998,0.425,0.0,0,0,1,0.0,Sunday,22,2,8,0
2015-02-22,Quarter4,sewing,Sunday,7,0.75,30.1,627.0,6960,0,3.5,20,1,58.0,0.393548851,0,-0.356451149,1,627.0,6.4425401664681985,120.0,0.0,0.5189655172413793,22.575000000000003,0.5189655172413793,0.0,1,1,1,70.0,Sunday,22,2,8,0
2015-02-22,Quarter4,finishing,Sunday,10,0.8,3.94,,960,0,0.0,0,0,8.0,0.385791667,0,-0.41420833300000004,0,0.0,0.0,120.0,0.0,0.4925,3.152,0.4925,0.0,0,0,0,0.0,Sunday,22,2,8,0
2015-02-22,Quarter4,sewing,Sunday,5,0.8,30.1,450.0,5700,0,4.5,25,0,60.0,0.307501459,0,-0.49249854100000007,1,450.0,6.111467339502679,95.0,0.0,0.5016666666666667,24.080000000000002,0.5016666666666667,0.0,1,1,0,112.5,Sunday,22,2,8,0
2015-02-22,Quarter4,finishing,Sunday,7,0.7,5.13,,960,0,0.0,0,0,8.0,0.283958333,0,-0.41604166699999995,0,0.0,0.0,120.0,0.0,0.64125,3.5909999999999997,0.64125,0.0,0,0,0,0.0,Sunday,22,2,8,0
2015-02-23,Quarter4,finishing,Monday,10,0.8,3.94,,2400,0,0.0,0,0,20.0,0.955791667,1,0.1557916669999999,0,0.0,0.0,120.0,0.0,0.197,3.152,0.197,0.0,0,0,0,0.0,Monday,23,2,9,0
2015-02-23,Quarter4,finishing,Monday,8,0.7,5.13,,960,0,0.0,0,0,8.0,0.930416667,1,0.23041666700000007,0,0.0,0.0,120.0,0.0,0.64125,3.5909999999999997,0.64125,0.0,0,0,0,0.0,Monday,23,2,9,0
2015-02-23,Quarter4,finishing,Monday,12,0.8,5.13,,1080,0,0.0,0,0,9.0,0.9025,1,0.10249999999999992,0,0.0,0.0,120.0,0.0,0.57,4.104,0.57,0.0,0,0,0,0.0,Monday,23,2,9,0
2015-02-23,Quarter4,finishing,Monday,3,0.8,5.13,,2160,0,0.0,0,0,18.0,0.87115,1,0.07114999999999994,0,0.0,0.0,120.0,0.0,0.285,4.104,0.285,0.0,0,0,0,0.0,Monday,23,2,9,0
2015-02-23,Quarter4,sewing,Monday,12,0.8,15.26,1060.0,4080,63,0.0,0,0,34.0,0.800401961,1,0.00040196100000000623,1,1060.0,6.966967138613983,120.0,1.8529411764705883,0.4488235294117647,12.208,0.4488235294117647,0.0,0,0,0,0.0,Monday,23,2,9,0
2015-02-23,Quarter4,sewing,Monday,4,0.8,30.1,891.0,7140,38,0.0,0,1,59.0,0.800137255,1,0.00013725499999994728,1,891.0,6.79346613258001,121.01694915254237,0.6440677966101694,0.5101694915254238,24.080000000000002,0.5101694915254238,1.0169491525423666,0,0,1,0.0,Monday,23,2,9,0
2015-02-23,Quarter4,sewing,Monday,5,0.8,30.1,541.0,7140,38,0.0,0,0,59.0,0.800137255,1,0.00013725499999994728,1,541.0,6.295266001439646,121.01694915254237,0.6440677966101694,0.5101694915254238,24.080000000000002,0.5101694915254238,1.0169491525423666,0,0,0,0.0,Monday,23,2,9,0
2015-02-23,Quarter4,sewing,Monday,7,0.75,30.1,709.0,6960,45,0.0,0,1,58.0,0.750770115,1,0.0007701150000000156,1,709.0,6.565264970035361,120.0,0.7758620689655172,0.5189655172413793,22.575000000000003,0.5189655172413793,0.0,0,0,1,0.0,Monday,23,2,9,0
2015-02-23,Quarter4,sewing,Monday,6,0.75,18.79,1100.0,3960,45,0.0,0,0,33.0,0.75065101,1,0.0006510100000000074,1,1100.0,7.00397413672268,120.0,1.3636363636363635,0.5693939393939393,14.0925,0.5693939393939393,0.0,0,0,0,0.0,Monday,23,2,9,0
2015-02-23,Quarter4,sewing,Monday,11,0.75,11.41,826.0,2820,0,0.0,0,2,58.0,0.750293939,1,0.0002939389999999653,1,826.0,6.717804695023691,48.62068965517241,0.0,0.1967241379310345,8.557500000000001,0.1967241379310345,0.0,0,0,1,0.0,Monday,23,2,9,0
2015-02-23,Quarter4,sewing,Monday,2,0.7,30.33,577.0,2160,30,0.0,0,1,58.0,0.700623,1,0.0006230000000000402,1,577.0,6.359573868672378,37.241379310344826,0.5172413793103449,0.5229310344827586,21.230999999999998,0.5229310344827586,0.0,0,0,1,0.0,Monday,23,2,9,0
2015-02-23,Quarter4,sewing,Monday,8,0.7,29.4,1094.0,6840,40,0.0,0,2,57.0,0.700614035,1,0.0006140350000000128,1,1094.0,6.9985096422506015,120.0,0.7017543859649122,0.5157894736842105,20.58,0.5157894736842105,0.0,0,0,1,0.0,Monday,23,2,9,0
2015-02-23,Quarter4,sewing,Monday,3,0.7,29.4,1228.0,6960,30,0.0,0,2,58.0,0.700362069,1,0.0003620690000000204,1,1228.0,7.113956109566034,120.0,0.5172413793103449,0.506896551724138,20.58,0.506896551724138,0.0,0,0,1,0.0,Monday,23,2,9,0
2015-02-23,Quarter4,sewing,Monday,9,0.7,18.79,1641.0,6000,40,0.0,0,1,50.0,0.60128,0,-0.09871999999999992,1,1641.0,7.403670290012373,120.0,0.8,0.37579999999999997,13.152999999999999,0.37579999999999997,0.0,0,0,1,0.0,Monday,23,2,9,0
2015-02-23,Quarter4,sewing,Monday,10,0.7,21.25,1583.0,6000,0,0.0,0,1,50.0,0.417916667,0,-0.28208333299999994,1,1583.0,7.367708572374371,120.0,0.0,0.425,14.874999999999998,0.425,0.0,0,0,1,0.0,Monday,23,2,9,0
2015-02-23,Quarter4,finishing,Monday,6,0.8,2.9,,960,0,0.0,0,0,8.0,0.3715625,0,-0.4284375,0,0.0,0.0,120.0,0.0,0.3625,2.32,0.3625,0.0,0,0,0,0.0,Monday,23,2,9,0
2015-02-23,Quarter4,finishing,Monday,9,0.8,2.9,,960,0,0.0,0,0,8.0,0.3715625,0,-0.4284375,0,0.0,0.0,120.0,0.0,0.3625,2.32,0.3625,0.0,0,0,0,0.0,Monday,23,2,9,0
2015-02-23,Quarter4,finishing,Monday,2,0.8,5.13,,960,0,0.0,0,0,8.0,0.36871875,0,-0.43128125000000006,0,0.0,0.0,120.0,0.0,0.64125,4.104,0.64125,0.0,0,0,0,0.0,Monday,23,2,9,0
2015-02-23,Quarter4,finishing,Monday,7,0.7,5.13,,960,0,0.0,0,0,8.0,0.356458333,0,-0.34354166699999994,0,0.0,0.0,120.0,0.0,0.64125,3.5909999999999997,0.64125,0.0,0,0,0,0.0,Monday,23,2,9,0
2015-02-24,Quarter4,finishing,Tuesday,10,0.7,2.9,,1800,0,0.0,0,0,15.0,0.902222222,1,0.20222222200000006,0,0.0,0.0,120.0,0.0,0.19333333333333333,2.03,0.19333333333333333,0.0,0,0,0,0.0,Tuesday,24,2,9,0
2015-02-24,Quarter4,finishing,Tuesday,3,0.8,4.6,,1440,0,0.0,0,0,12.0,0.811388889,1,0.011388888999999902,0,0.0,0.0,120.0,0.0,0.3833333333333333,3.6799999999999997,0.3833333333333333,0.0,0,0,0,0.0,Tuesday,24,2,9,0
2015-02-24,Quarter4,sewing,Tuesday,12,0.8,15.26,1062.0,4080,50,0.0,0,0,34.0,0.800401961,1,0.00040196100000000623,1,1062.0,6.968850378341948,120.0,1.4705882352941178,0.4488235294117647,12.208,0.4488235294117647,0.0,0,0,0,0.0,Tuesday,24,2,9,0
2015-02-24,Quarter4,sewing,Tuesday,5,0.8,30.1,450.0,7140,50,0.0,0,0,60.0,0.800137255,1,0.00013725499999994728,1,450.0,6.111467339502679,119.0,0.8333333333333334,0.5016666666666667,24.080000000000002,0.5016666666666667,0.0,0,0,0,0.0,Tuesday,24,2,9,0
2015-02-24,Quarter4,sewing,Tuesday,4,0.8,30.1,901.0,6480,50,0.0,0,1,59.0,0.800071839,1,7.183899999996246e-05,1,901.0,6.804614520062624,109.83050847457628,0.847457627118644,0.5101694915254238,24.080000000000002,0.5101694915254238,0.0,0,0,1,0.0,Tuesday,24,2,9,0
2015-02-24,Quarter4,finishing,Tuesday,8,0.7,4.6,,960,0,0.0,0,0,8.0,0.791458333,1,0.09145833300000006,0,0.0,0.0,120.0,0.0,0.575,3.2199999999999998,0.575,0.0,0,0,0,0.0,Tuesday,24,2,9,0
2015-02-24,Quarter4,sewing,Tuesday,7,0.75,30.1,739.0,5640,45,0.0,0,1,59.0,0.750727326,1,0.0007273260000000281,1,739.0,6.606650186198215,95.59322033898304,0.7627118644067796,0.5101694915254238,22.575000000000003,0.5101694915254238,0.0,0,0,1,0.0,Tuesday,24,2,9,0
2015-02-24,Quarter4,sewing,Tuesday,6,0.75,18.79,913.0,3360,45,0.0,0,0,33.0,0.75065101,1,0.0006510100000000074,1,913.0,6.81783057145415,101.81818181818181,1.3636363636363635,0.5693939393939393,14.0925,0.5693939393939393,0.0,0,0,0,0.0,Tuesday,24,2,9,0
2015-02-24,Quarter4,sewing,Tuesday,11,0.75,11.61,698.0,3360,34,0.0,0,2,57.0,0.750437269,1,0.0004372689999999624,1,698.0,6.54965074223381,58.94736842105263,0.5964912280701754,0.20368421052631577,8.7075,0.20368421052631577,0.0,0,0,1,0.0,Tuesday,24,2,9,0
2015-02-24,Quarter4,sewing,Tuesday,3,0.75,29.4,1172.0,5340,45,0.0,0,2,60.0,0.750176991,1,0.00017699100000001522,1,1172.0,7.067319848653476,89.0,0.75,0.49,22.049999999999997,0.49,0.0,0,0,1,0.0,Tuesday,24,2,9,0
2015-02-24,Quarter4,finishing,Tuesday,6,0.75,2.9,,1800,0,0.0,0,0,15.0,0.726933333,0,-0.02306666700000004,0,0.0,0.0,120.0,0.0,0.19333333333333333,2.175,0.19333333333333333,0.0,0,0,0,0.0,Tuesday,24,2,9,0
2015-02-24,Quarter4,finishing,Tuesday,9,0.7,2.9,,1800,0,0.0,0,0,15.0,0.726933333,1,0.026933333000000004,0,0.0,0.0,120.0,0.0,0.19333333333333333,2.03,0.19333333333333333,0.0,0,0,0,0.0,Tuesday,24,2,9,0
2015-02-24,Quarter4,sewing,Tuesday,2,0.7,30.33,408.0,1680,30,0.0,0,1,59.0,0.700623,1,0.0006230000000000402,1,408.0,6.013715156042802,28.47457627118644,0.5084745762711864,0.5140677966101694,21.230999999999998,0.5140677966101694,0.0,0,0,1,0.0,Tuesday,24,2,9,0
2015-02-24,Quarter4,sewing,Tuesday,8,0.7,29.4,1079.0,4560,40,0.0,0,2,58.0,0.700518519,1,0.0005185189999999951,1,1079.0,6.984716320118266,78.62068965517241,0.6896551724137931,0.506896551724138,20.58,0.506896551724138,0.0,0,0,1,0.0,Tuesday,24,2,9,0
2015-02-24,Quarter4,sewing,Tuesday,9,0.7,18.79,1068.0,3000,30,0.0,0,1,52.0,0.700256795,1,0.00025679500000008737,1,1068.0,6.974478911025045,57.69230769230769,0.5769230769230769,0.3613461538461538,13.152999999999999,0.3613461538461538,0.0,0,0,1,0.0,Tuesday,24,2,9,0
2015-02-24,Quarter4,finishing,Tuesday,11,0.7,2.9,,960,0,0.0,0,0,8.0,0.5046875,0,-0.1953125,0,0.0,0.0,120.0,0.0,0.3625,2.03,0.3625,0.0,0,0,0,0.0,Tuesday,24,2,9,0
2015-02-24,Quarter4,sewing,Tuesday,10,0.7,21.25,1834.0,6360,0,0.0,0,1,53.0,0.471108491,0,-0.22889150899999994,1,1834.0,7.51479976048867,120.0,0.0,0.4009433962264151,14.874999999999998,0.4009433962264151,0.0,0,0,1,0.0,Tuesday,24,2,9,0
2015-02-24,Quarter4,finishing,Tuesday,2,0.7,3.9,,960,0,0.0,0,0,8.0,0.325,0,-0.37499999999999994,0,0.0,0.0,120.0,0.0,0.4875,2.73,0.4875,0.0,0,0,0,0.0,Tuesday,24,2,9,0
2015-02-24,Quarter4,sewing,Tuesday,1,0.6,22.53,708.0,5040,0,0.0,0,1,42.0,0.268214286,0,-0.33178571399999995,1,708.0,6.5638555265321274,120.0,0.0,0.5364285714285715,13.518,0.5364285714285715,0.0,0,0,1,0.0,Tuesday,24,2,9,0
2015-02-25,Quarter4,sewing,Wednesday,9,0.75,18.79,1085.0,6240,56,0.0,0,1,52.0,0.970816667,1,0.22081666700000002,1,1085.0,6.990256500493881,120.0,1.0769230769230769,0.3613461538461538,14.0925,0.3613461538461538,0.0,0,0,1,0.0,Wednesday,25,2,9,0
2015-02-25,Quarter4,finishing,Wednesday,5,0.8,4.6,,1080,0,0.0,0,0,9.0,0.902962963,1,0.10296296299999996,0,0.0,0.0,120.0,0.0,0.5111111111111111,3.6799999999999997,0.5111111111111111,0.0,0,0,0,0.0,Wednesday,25,2,9,0
2015-02-25,Quarter4,finishing,Wednesday,3,0.8,4.6,,2400,0,0.0,0,0,20.0,0.900833333,1,0.10083333299999997,0,0.0,0.0,120.0,0.0,0.22999999999999998,3.6799999999999997,0.22999999999999998,0.0,0,0,0,0.0,Wednesday,25,2,9,0
2015-02-25,Quarter4,finishing,Wednesday,12,0.8,4.6,,1800,0,0.0,0,0,15.0,0.899555556,1,0.09955555599999999,0,0.0,0.0,120.0,0.0,0.30666666666666664,3.6799999999999997,0.30666666666666664,0.0,0,0,0,0.0,Wednesday,25,2,9,0
2015-02-25,Quarter4,finishing,Wednesday,10,0.7,2.9,,1200,0,0.0,0,0,10.0,0.845833333,1,0.145833333,0,0.0,0.0,120.0,0.0,0.29,2.03,0.29,0.0,0,0,0,0.0,Wednesday,25,2,9,0
2015-02-25,Quarter4,sewing,Wednesday,4,0.8,30.1,323.0,4080,50,0.0,0,1,59.0,0.800808642,1,0.0008086419999999706,1,323.0,5.780743515792329,69.15254237288136,0.847457627118644,0.5101694915254238,24.080000000000002,0.5101694915254238,0.0,0,0,1,0.0,Wednesday,25,2,9,0
2015-02-25,Quarter4,sewing,Wednesday,12,0.8,15.26,1053.0,4080,50,0.0,0,0,34.0,0.800401961,1,0.00040196100000000623,1,1053.0,6.960347729101308,120.0,1.4705882352941178,0.4488235294117647,12.208,0.4488235294117647,0.0,0,0,0,0.0,Wednesday,25,2,9,0
2015-02-25,Quarter4,sewing,Wednesday,7,0.8,30.1,786.0,7080,50,0.0,0,2,59.0,0.800115819,1,0.00011581899999990597,1,786.0,6.668228248417403,120.0,0.847457627118644,0.5101694915254238,24.080000000000002,0.5101694915254238,0.0,0,0,1,0.0,Wednesday,25,2,9,0
2015-02-25,Quarter4,sewing,Wednesday,6,0.75,18.79,1003.0,3960,45,0.0,0,1,33.0,0.75065101,1,0.0006510100000000074,1,1003.0,6.911747300251674,120.0,1.3636363636363635,0.5693939393939393,14.0925,0.5693939393939393,0.0,0,0,1,0.0,Wednesday,25,2,9,0
2015-02-25,Quarter4,sewing,Wednesday,11,0.75,11.61,635.0,3360,45,0.0,0,0,57.0,0.750503571,1,0.0005035709999999805,1,635.0,6.455198563340122,58.94736842105263,0.7894736842105263,0.20368421052631577,8.7075,0.20368421052631577,0.0,0,0,0,0.0,Wednesday,25,2,9,0
2015-02-25,Quarter4,sewing,Wednesday,3,0.75,29.4,1283.0,6960,45,0.0,0,2,58.0,0.750206897,1,0.00020689699999998368,1,1283.0,7.157735484249907,120.0,0.7758620689655172,0.506896551724138,22.049999999999997,0.506896551724138,0.0,0,0,1,0.0,Wednesday,25,2,9,0
2015-02-25,Quarter4,sewing,Wednesday,8,0.7,29.4,847.0,6960,30,0.0,0,1,58.0,0.700362069,1,0.0003620690000000204,1,847.0,6.742880635791903,120.0,0.5172413793103449,0.506896551724138,20.58,0.506896551724138,0.0,0,0,1,0.0,Wednesday,25,2,9,0
2015-02-25,Quarter4,sewing,Wednesday,2,0.7,30.33,361.0,3960,30,0.0,0,1,58.0,0.700069811,1,6.981100000003071e-05,1,361.0,5.8916442118257715,68.27586206896552,0.5172413793103449,0.5229310344827586,21.230999999999998,0.5229310344827586,0.0,0,0,1,0.0,Wednesday,25,2,9,0
2015-02-25,Quarter4,sewing,Wednesday,10,0.7,21.82,1653.0,6240,0,0.0,0,2,52.0,0.700058333,1,5.8333000000021507e-05,1,1653.0,7.4109518755836366,120.0,0.0,0.4196153846153846,15.274,0.4196153846153846,0.0,0,0,1,0.0,Wednesday,25,2,9,0
2015-02-25,Quarter4,finishing,Wednesday,7,0.75,4.6,,960,0,0.0,0,0,8.0,0.676666667,0,-0.073333333,0,0.0,0.0,120.0,0.0,0.575,3.4499999999999997,0.575,0.0,0,0,0,0.0,Wednesday,25,2,9,0
2015-02-25,Quarter4,finishing,Wednesday,8,0.7,4.6,,960,0,0.0,0,0,8.0,0.658541667,0,-0.0414583329999999,0,0.0,0.0,120.0,0.0,0.575,3.2199999999999998,0.575,0.0,0,0,0,0.0,Wednesday,25,2,9,0
2015-02-25,Quarter4,sewing,Wednesday,5,0.8,30.1,15.0,1200,49,0.0,0,1,59.0,0.598792339,0,-0.2012076610000001,1,15.0,2.772588722239781,20.338983050847457,0.8305084745762712,0.5101694915254238,24.080000000000002,0.5101694915254238,0.0,0,0,1,0.0,Wednesday,25,2,9,0
2015-02-25,Quarter4,sewing,Wednesday,1,0.65,22.53,762.0,5040,0,0.0,0,1,42.0,0.581130952,0,-0.06886904800000004,1,762.0,6.637258031284457,120.0,0.0,0.5364285714285715,14.6445,0.5364285714285715,0.0,0,0,1,0.0,Wednesday,25,2,9,0
2015-02-25,Quarter4,finishing,Wednesday,2,0.7,3.9,,960,0,0.0,0,0,8.0,0.440375,0,-0.25962499999999994,0,0.0,0.0,120.0,0.0,0.4875,2.73,0.4875,0.0,0,0,0,0.0,Wednesday,25,2,9,0
2015-02-25,Quarter4,finishing,Wednesday,6,0.75,2.9,,960,0,0.0,0,0,8.0,0.410833333,0,-0.339166667,0,0.0,0.0,120.0,0.0,0.3625,2.175,0.3625,0.0,0,0,0,0.0,Wednesday,25,2,9,0
2015-02-25,Quarter4,finishing,Wednesday,9,0.7,2.9,,960,0,0.0,0,0,8.0,0.410833333,0,-0.28916666699999993,0,0.0,0.0,120.0,0.0,0.3625,2.03,0.3625,0.0,0,0,0,0.0,Wednesday,25,2,9,0
2015-02-26,Quarter4,finishing,Thursday,3,0.8,4.6,,6300,0,0.0,0,0,15.0,0.921703704,1,0.12170370399999997,0,0.0,0.0,420.0,0.0,0.30666666666666664,3.6799999999999997,0.30666666666666664,300.0,0,0,0,0.0,Thursday,26,2,9,1
2015-02-26,Quarter4,finishing,Thursday,5,0.8,4.6,,7560,0,0.0,0,0,18.0,0.921604938,1,0.12160493799999994,0,0.0,0.0,420.0,0.0,0.25555555555555554,3.6799999999999997,0.25555555555555554,300.0,0,0,0,0.0,Thursday,26,2,9,1
2015-02-26,Quarter4,sewing,Thursday,7,0.8,30.1,694.0,4080,50,0.0,0,1,59.0,0.800808642,1,0.0008086419999999706,1,694.0,6.543911845564792,69.15254237288136,0.847457627118644,0.5101694915254238,24.080000000000002,0.5101694915254238,0.0,0,0,1,0.0,Thursday,26,2,9,1
2015-02-26,Quarter4,sewing,Thursday,11,0.8,11.61,816.0,2820,50,0.0,0,2,57.0,0.800516667,1,0.0005166669999999707,1,816.0,6.705639094860003,49.473684210526315,0.8771929824561403,0.20368421052631577,9.288,0.20368421052631577,0.0,0,0,1,0.0,Thursday,26,2,9,1
2015-02-26,Quarter4,sewing,Thursday,12,0.8,15.26,1065.0,4080,63,0.0,0,0,34.0,0.800401961,1,0.00040196100000000623,1,1065.0,6.97166860472579,120.0,1.8529411764705883,0.4488235294117647,12.208,0.4488235294117647,0.0,0,0,0,0.0,Thursday,26,2,9,1
2015-02-26,Quarter4,finishing,Thursday,1,0.5,3.94,,3360,0,0.0,0,0,8.0,0.768847222,1,0.268847222,0,0.0,0.0,420.0,0.0,0.4925,1.97,0.4925,300.0,0,0,0,0.0,Thursday,26,2,9,1
2015-02-26,Quarter4,sewing,Thursday,6,0.75,18.79,912.0,3960,45,0.0,0,0,33.0,0.75065101,1,0.0006510100000000074,1,912.0,6.816735880594968,120.0,1.3636363636363635,0.5693939393939393,14.0925,0.5693939393939393,0.0,0,0,0,0.0,Thursday,26,2,9,1
2015-02-26,Quarter4,sewing,Thursday,3,0.75,29.4,1244.0,6840,45,0.0,0,2,57.0,0.750473684,1,0.00047368400000002975,1,1244.0,7.126890808898808,120.0,0.7894736842105263,0.5157894736842105,22.049999999999997,0.5157894736842105,0.0,0,0,1,0.0,Thursday,26,2,9,1
2015-02-26,Quarter4,sewing,Thursday,9,0.75,18.79,1020.0,5640,45,0.0,0,1,52.0,0.750371895,1,0.00037189500000001097,1,1020.0,6.928537818164665,108.46153846153847,0.8653846153846154,0.3613461538461538,14.0925,0.3613461538461538,0.0,0,0,1,0.0,Thursday,26,2,9,1
2015-02-26,Quarter4,sewing,Thursday,8,0.75,29.4,916.0,6960,56,0.0,0,2,58.0,0.750206897,1,0.00020689699999998368,1,916.0,6.821107472256465,120.0,0.9655172413793104,0.506896551724138,22.049999999999997,0.506896551724138,0.0,0,0,1,0.0,Thursday,26,2,9,1
2015-02-26,Quarter4,sewing,Thursday,10,0.7,21.82,1591.0,3240,0,0.0,0,1,52.0,0.700251773,1,0.0002517730000000107,1,1591.0,7.3727463664043285,62.30769230769231,0.0,0.4196153846153846,15.274,0.4196153846153846,0.0,0,0,1,0.0,Thursday,26,2,9,1
2015-02-26,Quarter4,sewing,Thursday,2,0.7,30.33,398.0,6960,0,0.0,0,1,58.0,0.66237931,0,-0.0376206899999999,1,398.0,5.988961416889864,120.0,0.0,0.5229310344827586,21.230999999999998,0.5229310344827586,0.0,0,0,1,0.0,Thursday,26,2,9,1
2015-02-26,Quarter4,finishing,Thursday,12,0.8,4.6,,3780,0,0.0,0,0,9.0,0.590617284,0,-0.20938271600000002,0,0.0,0.0,420.0,0.0,0.5111111111111111,3.6799999999999997,0.5111111111111111,300.0,0,0,0,0.0,Thursday,26,2,9,1
2015-02-26,Quarter4,finishing,Thursday,2,0.7,3.9,,960,0,0.0,0,0,8.0,0.5565625,0,-0.1434375,0,0.0,0.0,120.0,0.0,0.4875,2.73,0.4875,0.0,0,0,0,0.0,Thursday,26,2,9,1
2015-02-26,Quarter4,sewing,Thursday,4,0.8,30.1,437.0,7080,32,0.0,0,2,59.0,0.495617514,0,-0.30438248600000006,1,437.0,6.082218910376446,120.0,0.5423728813559322,0.5101694915254238,24.080000000000002,0.5101694915254238,0.0,0,0,1,0.0,Thursday,26,2,9,1
2015-02-26,Quarter4,sewing,Thursday,5,0.35,27.48,413.0,6840,38,0.0,0,1,57.0,0.449964912,1,0.09996491200000002,1,413.0,6.025865973825314,120.0,0.6666666666666666,0.48210526315789476,9.618,0.48210526315789476,0.0,0,0,1,0.0,Thursday,26,2,9,1
2015-02-26,Quarter4,finishing,Thursday,10,0.7,2.9,,3360,0,0.0,0,0,8.0,0.410833333,0,-0.28916666699999993,0,0.0,0.0,420.0,0.0,0.3625,2.03,0.3625,300.0,0,0,0,0.0,Thursday,26,2,9,1
2015-02-26,Quarter4,finishing,Thursday,9,0.75,2.9,,960,0,0.0,0,0,8.0,0.4078125,0,-0.3421875,0,0.0,0.0,120.0,0.0,0.3625,2.175,0.3625,0.0,0,0,0,0.0,Thursday,26,2,9,1
2015-02-26,Quarter4,sewing,Thursday,1,0.35,26.66,1164.0,6600,23,0.0,0,2,55.0,0.378895152,1,0.028895152000000035,1,1164.0,7.060476365999801,120.0,0.41818181818181815,0.48472727272727273,9.331,0.48472727272727273,0.0,0,0,1,0.0,Thursday,26,2,9,1
2015-02-26,Quarter4,finishing,Thursday,8,0.75,4.6,,3360,0,0.0,0,0,8.0,0.376597222,0,-0.373402778,0,0.0,0.0,420.0,0.0,0.575,3.4499999999999997,0.575,300.0,0,0,0,0.0,Thursday,26,2,9,1
2015-02-26,Quarter4,finishing,Thursday,6,0.75,2.9,,3360,0,0.0,0,0,8.0,0.271875,0,-0.478125,0,0.0,0.0,420.0,0.0,0.3625,2.175,0.3625,300.0,0,0,0,0.0,Thursday,26,2,9,1
2015-02-28,Quarter4,finishing,Saturday,3,0.8,4.6,,6300,0,0.0,0,0,15.0,0.921703704,1,0.12170370399999997,0,0.0,0.0,420.0,0.0,0.30666666666666664,3.6799999999999997,0.30666666666666664,300.0,0,0,0,0.0,Saturday,28,2,9,1
2015-02-28,Quarter4,finishing,Saturday,5,0.8,4.6,,7560,0,0.0,0,0,18.0,0.921604938,1,0.12160493799999994,0,0.0,0.0,420.0,0.0,0.25555555555555554,3.6799999999999997,0.25555555555555554,300.0,0,0,0,0.0,Saturday,28,2,9,1
2015-02-28,Quarter4,sewing,Saturday,11,0.8,11.61,954.0,0,50,0.0,0,2,58.0,0.800779018,1,0.0007790179999999092,1,954.0,6.86171134048073,0.0,0.8620689655172413,0.20017241379310344,9.288,0.20017241379310344,0.0,0,0,1,0.0,Saturday,28,2,9,1
2015-02-28,Quarter4,sewing,Saturday,12,0.8,15.26,1194.0,1700,62,0.0,0,0,34.0,0.800260821,1,0.00026082099999991115,1,1194.0,7.085901464365611,50.0,1.8235294117647058,0.4488235294117647,12.208,0.4488235294117647,0.0,0,0,0,0.0,Saturday,28,2,9,1
2015-02-28,Quarter4,sewing,Saturday,7,0.8,30.1,644.0,840,38,0.0,0,1,59.0,0.799982853,0,-1.714699999999514e-05,1,644.0,6.4692503167957724,14.23728813559322,0.6440677966101694,0.5101694915254238,24.080000000000002,0.5101694915254238,0.0,0,0,1,0.0,Saturday,28,2,9,1
2015-02-28,Quarter4,finishing,Saturday,1,0.5,3.94,,3360,0,0.0,0,0,8.0,0.768847222,1,0.268847222,0,0.0,0.0,420.0,0.0,0.4925,1.97,0.4925,300.0,0,0,0,0.0,Saturday,28,2,9,1
2015-02-28,Quarter4,sewing,Saturday,3,0.75,29.4,1144.0,4440,45,0.0,0,2,57.0,0.750716981,1,0.0007169809999999499,1,1144.0,7.0431599159883405,77.89473684210526,0.7894736842105263,0.5157894736842105,22.049999999999997,0.5157894736842105,0.0,0,0,1,0.0,Saturday,28,2,9,1
2015-02-28,Quarter4,sewing,Saturday,6,0.75,18.79,1012.0,3960,45,0.0,0,0,33.0,0.75065101,1,0.0006510100000000074,1,1012.0,6.920671504248683,120.0,1.3636363636363635,0.5693939393939393,14.0925,0.5693939393939393,0.0,0,0,0,0.0,Saturday,28,2,9,1
2015-02-28,Quarter4,sewing,Saturday,8,0.75,29.4,792.0,4560,56,0.0,0,2,58.0,0.750425926,1,0.0004259260000000209,1,792.0,6.675823221634848,78.62068965517241,0.9655172413793104,0.506896551724138,22.049999999999997,0.506896551724138,0.0,0,0,1,0.0,Saturday,28,2,9,1
2015-02-28,Quarter4,sewing,Saturday,9,0.75,18.79,841.0,6240,45,0.0,0,1,52.0,0.750395513,1,0.0003955129999999585,1,841.0,6.7357800142423265,120.0,0.8653846153846154,0.3613461538461538,14.0925,0.3613461538461538,0.0,0,0,1,0.0,Saturday,28,2,9,1
2015-02-28,Quarter4,sewing,Saturday,10,0.7,21.82,1448.0,6120,40,0.0,0,1,51.0,0.700236601,1,0.00023660100000000295,1,1448.0,7.278628942320682,120.0,0.7843137254901961,0.427843137254902,15.274,0.427843137254902,0.0,0,0,1,0.0,Saturday,28,2,9,1
2015-02-28,Quarter4,sewing,Saturday,2,0.7,30.33,512.0,4560,0,0.0,0,1,58.0,0.700211111,1,0.00021111100000004157,1,512.0,6.240275845170769,78.62068965517241,0.0,0.5229310344827586,21.230999999999998,0.5229310344827586,0.0,0,0,1,0.0,Saturday,28,2,9,1
2015-02-28,Quarter4,finishing,Saturday,12,0.8,4.6,,3780,0,0.0,0,0,9.0,0.590617284,0,-0.20938271600000002,0,0.0,0.0,420.0,0.0,0.5111111111111111,3.6799999999999997,0.5111111111111111,300.0,0,0,0,0.0,Saturday,28,2,9,1
2015-02-28,Quarter4,finishing,Saturday,2,0.7,3.9,,960,0,0.0,0,0,8.0,0.5565625,0,-0.1434375,0,0.0,0.0,120.0,0.0,0.4875,2.73,0.4875,0.0,0,0,0,0.0,Saturday,28,2,9,1
2015-02-28,Quarter4,sewing,Saturday,5,0.5,27.48,609.0,6840,30,0.0,0,1,57.0,0.550403509,1,0.05040350900000001,1,609.0,6.413458957167357,120.0,0.5263157894736842,0.48210526315789476,13.74,0.48210526315789476,0.0,0,0,1,0.0,Saturday,28,2,9,1
2015-02-28,Quarter4,sewing,Saturday,1,0.5,26.66,1448.0,6840,30,0.0,0,2,57.0,0.550349708,1,0.05034970800000005,1,1448.0,7.278628942320682,120.0,0.5263157894736842,0.46771929824561403,13.33,0.46771929824561403,0.0,0,0,1,0.0,Saturday,28,2,9,1
2015-02-28,Quarter4,sewing,Saturday,4,0.5,26.66,556.0,6960,23,0.0,0,2,58.0,0.500258046,1,0.00025804600000001177,1,556.0,6.322565239927284,120.0,0.39655172413793105,0.4596551724137931,13.33,0.4596551724137931,0.0,0,0,1,0.0,Saturday,28,2,9,1
2015-02-28,Quarter4,finishing,Saturday,10,0.7,2.9,,3360,0,0.0,0,0,8.0,0.410833333,0,-0.28916666699999993,0,0.0,0.0,420.0,0.0,0.3625,2.03,0.3625,300.0,0,0,0,0.0,Saturday,28,2,9,1
2015-02-28,Quarter4,finishing,Saturday,9,0.75,2.9,,960,0,0.0,0,0,8.0,0.4078125,0,-0.3421875,0,0.0,0.0,120.0,0.0,0.3625,2.175,0.3625,0.0,0,0,0,0.0,Saturday,28,2,9,1
2015-02-28,Quarter4,finishing,Saturday,8,0.75,4.6,,3360,0,0.0,0,0,8.0,0.376597222,0,-0.373402778,0,0.0,0.0,420.0,0.0,0.575,3.4499999999999997,0.575,300.0,0,0,0,0.0,Saturday,28,2,9,1
2015-02-28,Quarter4,finishing,Saturday,6,0.75,2.9,,3360,0,0.0,0,0,8.0,0.271875,0,-0.478125,0,0.0,0.0,420.0,0.0,0.3625,2.175,0.3625,300.0,0,0,0,0.0,Saturday,28,2,9,1
2015-03-01,Quarter1,finishing,Sunday,3,0.8,4.6,,10500,0,0.0,0,0,25.0,0.936355556,1,0.13635555599999993,0,0.0,0.0,420.0,0.0,0.184,3.6799999999999997,0.184,300.0,0,0,0,0.0,Sunday,1,3,9,0
2015-03-01,Quarter1,finishing,Sunday,8,0.75,4.6,,3360,0,0.0,0,0,8.0,0.813611111,1,0.06361111100000005,0,0.0,0.0,420.0,0.0,0.575,3.4499999999999997,0.575,300.0,0,0,0,0.0,Sunday,1,3,9,0
2015-03-01,Quarter1,sewing,Sunday,12,0.8,15.26,1106.0,4080,63,0.0,0,0,34.0,0.800401961,1,0.00040196100000000623,1,1106.0,7.009408932708637,120.0,1.8529411764705883,0.4488235294117647,12.208,0.4488235294117647,0.0,0,0,0,0.0,Sunday,1,3,9,0
2015-03-01,Quarter1,sewing,Sunday,8,0.75,29.4,622.0,6240,56,0.0,0,0,57.0,0.75075,1,0.0007500000000000284,1,622.0,6.434546518787453,109.47368421052632,0.9824561403508771,0.5157894736842105,22.049999999999997,0.5157894736842105,0.0,0,0,0,0.0,Sunday,1,3,9,0
2015-03-01,Quarter1,sewing,Sunday,6,0.75,18.79,1193.0,3960,45,0.0,0,0,33.0,0.75065101,1,0.0006510100000000074,1,1193.0,7.085064293952548,120.0,1.3636363636363635,0.5693939393939393,14.0925,0.5693939393939393,0.0,0,0,0,0.0,Sunday,1,3,9,0
2015-03-01,Quarter1,sewing,Sunday,3,0.75,29.4,1143.0,6840,45,0.0,0,0,57.0,0.750473684,1,0.00047368400000002975,1,1143.0,7.042286171939743,120.0,0.7894736842105263,0.5157894736842105,22.049999999999997,0.5157894736842105,0.0,0,0,0,0.0,Sunday,1,3,9,0
2015-03-01,Quarter1,sewing,Sunday,9,0.75,18.79,895.0,6240,34,0.0,0,0,52.0,0.750395513,1,0.0003955129999999585,1,895.0,6.79794041297493,120.0,0.6538461538461539,0.3613461538461538,14.0925,0.3613461538461538,0.0,0,0,0,0.0,Sunday,1,3,9,0
2015-03-01,Quarter1,sewing,Sunday,5,0.6,27.48,549.0,6720,38,0.0,0,0,56.0,0.707446429,1,0.10744642900000001,1,549.0,6.309918278226516,120.0,0.6785714285714286,0.4907142857142857,16.488,0.4907142857142857,0.0,0,0,0,0.0,Sunday,1,3,9,0
2015-03-01,Quarter1,sewing,Sunday,10,0.7,21.82,1393.0,5640,30,0.0,0,0,52.0,0.700236601,1,0.00023660100000000295,1,1393.0,7.2399325913204695,108.46153846153847,0.5769230769230769,0.4196153846153846,15.274,0.4196153846153846,0.0,0,0,0,0.0,Sunday,1,3,9,0
2015-03-01,Quarter1,sewing,Sunday,1,0.6,26.66,1578.0,6840,38,0.0,0,0,57.0,0.700019883,1,0.10001988299999998,1,1578.0,7.364547014255642,120.0,0.6666666666666666,0.46771929824561403,15.995999999999999,0.46771929824561403,0.0,0,0,0,0.0,Sunday,1,3,9,0
2015-03-01,Quarter1,sewing,Sunday,2,0.7,30.33,254.0,1800,0,0.0,0,0,58.0,0.683550607,0,-0.016449392999999923,1,254.0,5.541263545158426,31.03448275862069,0.0,0.5229310344827586,21.230999999999998,0.5229310344827586,0.0,0,0,0,0.0,Sunday,1,3,9,0
2015-03-01,Quarter1,sewing,Sunday,11,0.8,11.61,347.0,0,50,4.0,20,0,57.0,0.682433036,0,-0.117566964,1,347.0,5.8522024797744745,0.0,0.8771929824561403,0.20368421052631577,9.288,0.20368421052631577,0.0,1,1,0,80.0,Sunday,1,3,9,0
2015-03-01,Quarter1,finishing,Sunday,4,0.6,3.94,,960,0,0.0,0,0,8.0,0.673083333,1,0.07308333300000003,0,0.0,0.0,120.0,0.0,0.4925,2.364,0.4925,0.0,0,0,0,0.0,Sunday,1,3,9,0
2015-03-01,Quarter1,finishing,Sunday,10,0.7,2.9,,3360,0,0.0,0,0,8.0,0.664583333,0,-0.0354166669999999,0,0.0,0.0,420.0,0.0,0.3625,2.03,0.3625,300.0,0,0,0,0.0,Sunday,1,3,9,0
2015-03-01,Quarter1,sewing,Sunday,4,0.6,26.66,692.0,6840,23,0.0,0,0,57.0,0.600239766,1,0.0002397659999999746,1,692.0,6.541029999189903,120.0,0.40350877192982454,0.46771929824561403,15.995999999999999,0.46771929824561403,0.0,0,0,0,0.0,Sunday,1,3,9,0
2015-03-01,Quarter1,finishing,Sunday,2,0.7,3.9,,960,0,0.0,0,0,8.0,0.585,0,-0.11499999999999999,0,0.0,0.0,120.0,0.0,0.4875,2.73,0.4875,0.0,0,0,0,0.0,Sunday,1,3,9,0
2015-03-01,Quarter1,sewing,Sunday,7,0.8,30.1,934.0,6960,0,3.5,15,0,58.0,0.579511494,0,-0.22048850600000003,1,934.0,6.840546529288687,120.0,0.0,0.5189655172413793,24.080000000000002,0.5189655172413793,0.0,1,1,0,52.5,Sunday,1,3,9,0
2015-03-01,Quarter1,finishing,Sunday,1,0.6,3.94,,3360,0,0.0,0,0,8.0,0.448722222,0,-0.15127777799999997,0,0.0,0.0,420.0,0.0,0.4925,2.364,0.4925,300.0,0,0,0,0.0,Sunday,1,3,9,0
2015-03-01,Quarter1,finishing,Sunday,9,0.75,2.9,,960,0,0.0,0,0,8.0,0.447083333,0,-0.302916667,0,0.0,0.0,120.0,0.0,0.3625,2.175,0.3625,0.0,0,0,0,0.0,Sunday,1,3,9,0
2015-03-01,Quarter1,finishing,Sunday,7,0.8,4.6,,3360,0,0.0,0,0,8.0,0.350416667,0,-0.44958333300000003,0,0.0,0.0,420.0,0.0,0.575,3.6799999999999997,0.575,300.0,0,0,0,0.0,Sunday,1,3,9,0
2015-03-02,Quarter1,finishing,Monday,2,0.7,3.9,,1200,0,0.0,0,0,10.0,0.92885,1,0.22885,0,0.0,0.0,120.0,0.0,0.39,2.73,0.39,0.0,0,0,0,0.0,Monday,2,3,10,0
2015-03-02,Quarter1,finishing,Monday,3,0.8,4.6,,10080,0,0.0,0,0,24.0,0.86037037,1,0.060370370000000007,0,0.0,0.0,420.0,0.0,0.19166666666666665,3.6799999999999997,0.19166666666666665,300.0,0,0,0,0.0,Monday,2,3,10,0
2015-03-02,Quarter1,finishing,Monday,4,0.65,3.94,,960,0,0.0,0,0,8.0,0.806879167,1,0.15687916699999993,0,0.0,0.0,120.0,0.0,0.4925,2.561,0.4925,0.0,0,0,0,0.0,Monday,2,3,10,0
2015-03-02,Quarter1,sewing,Monday,1,0.65,26.66,1527.0,6840,65,0.0,0,0,57.0,0.800579532,1,0.15057953199999996,1,1527.0,7.331714969726466,120.0,1.1403508771929824,0.46771929824561403,17.329,0.46771929824561403,0.0,0,0,0,0.0,Monday,2,3,10,0
2015-03-02,Quarter1,sewing,Monday,12,0.8,15.26,1035.0,4080,63,0.0,0,0,34.0,0.800401961,1,0.00040196100000000623,1,1035.0,6.943122422819428,120.0,1.8529411764705883,0.4488235294117647,12.208,0.4488235294117647,0.0,0,0,0,0.0,Monday,2,3,10,0
2015-03-02,Quarter1,finishing,Monday,9,0.75,2.9,,1200,0,0.0,0,0,10.0,0.8004,1,0.0504,0,0.0,0.0,120.0,0.0,0.29,2.175,0.29,0.0,0,0,0,0.0,Monday,2,3,10,0
2015-03-02,Quarter1,sewing,Monday,11,0.8,11.61,632.0,0,50,0.0,0,0,57.0,0.800309211,1,0.0003092109999999204,1,632.0,6.450470422144176,0.0,0.8771929824561403,0.20368421052631577,9.288,0.20368421052631577,0.0,0,0,0,0.0,Monday,2,3,10,0
2015-03-02,Quarter1,sewing,Monday,3,0.8,29.4,1231.0,4680,50,0.0,0,0,57.0,0.800149813,1,0.00014981299999994313,1,1231.0,7.116394144093465,82.10526315789474,0.8771929824561403,0.5157894736842105,23.52,0.5157894736842105,0.0,0,0,0,0.0,Monday,2,3,10,0
2015-03-02,Quarter1,sewing,Monday,7,0.8,30.1,616.0,7080,0,0.0,0,0,59.0,0.800115819,1,0.00011581899999990597,1,616.0,6.424869023905388,120.0,0.0,0.5101694915254238,24.080000000000002,0.5101694915254238,0.0,0,0,0,0.0,Monday,2,3,10,0
2015-03-02,Quarter1,finishing,Monday,8,0.75,4.6,,3360,0,0.0,0,0,8.0,0.773333333,1,0.023333332999999956,0,0.0,0.0,420.0,0.0,0.575,3.4499999999999997,0.575,300.0,0,0,0,0.0,Monday,2,3,10,0
2015-03-02,Quarter1,sewing,Monday,6,0.75,18.79,947.0,2880,34,0.0,0,0,33.0,0.750797009,1,0.0007970090000000152,1,947.0,6.854354502255021,87.27272727272727,1.0303030303030303,0.5693939393939393,14.0925,0.5693939393939393,0.0,0,0,0,0.0,Monday,2,3,10,0
2015-03-02,Quarter1,sewing,Monday,8,0.75,29.4,551.0,6840,45,0.0,0,0,57.0,0.750473684,1,0.00047368400000002975,1,551.0,6.313548046277095,120.0,0.7894736842105263,0.5157894736842105,22.049999999999997,0.5157894736842105,0.0,0,0,0,0.0,Monday,2,3,10,0
2015-03-02,Quarter1,sewing,Monday,9,0.75,18.79,935.0,6240,45,0.0,0,0,52.0,0.750395513,1,0.0003955129999999585,1,935.0,6.841615476477592,120.0,0.8653846153846154,0.3613461538461538,14.0925,0.3613461538461538,0.0,0,0,0,0.0,Monday,2,3,10,0
2015-03-02,Quarter1,sewing,Monday,4,0.65,26.66,832.0,6780,55,0.0,0,0,57.0,0.750254867,1,0.10025486699999997,1,832.0,6.725033642166843,118.94736842105263,0.9649122807017544,0.46771929824561403,17.329,0.46771929824561403,0.0,0,0,0,0.0,Monday,2,3,10,0
2015-03-02,Quarter1,sewing,Monday,5,0.65,27.48,544.0,6720,34,0.0,0,0,56.0,0.700903571,1,0.05090357099999998,1,544.0,6.300785794663244,120.0,0.6071428571428571,0.4907142857142857,17.862000000000002,0.4907142857142857,0.0,0,0,0,0.0,Monday,2,3,10,0
2015-03-02,Quarter1,sewing,Monday,10,0.7,21.82,1511.0,3600,30,0.0,0,0,51.0,0.70013604,1,0.00013604000000000394,1,1511.0,7.321188556739478,70.58823529411765,0.5882352941176471,0.427843137254902,15.274,0.427843137254902,0.0,0,0,0,0.0,Monday,2,3,10,0
2015-03-02,Quarter1,finishing,Monday,10,0.7,2.9,,3360,0,0.0,0,0,8.0,0.632361111,0,-0.06763888899999992,0,0.0,0.0,420.0,0.0,0.3625,2.03,0.3625,300.0,0,0,0,0.0,Monday,2,3,10,0
2015-03-02,Quarter1,finishing,Monday,12,0.8,4.6,,3780,0,0.0,0,0,9.0,0.607654321,0,-0.192345679,0,0.0,0.0,420.0,0.0,0.5111111111111111,3.6799999999999997,0.5111111111111111,300.0,0,0,0,0.0,Monday,2,3,10,0
2015-03-02,Quarter1,finishing,Monday,1,0.65,3.94,,3360,0,0.0,0,0,8.0,0.537919444,0,-0.112080556,0,0.0,0.0,420.0,0.0,0.4925,2.561,0.4925,300.0,0,0,0,0.0,Monday,2,3,10,0
2015-03-02,Quarter1,finishing,Monday,7,0.8,4.6,,3360,0,0.0,0,0,8.0,0.342361111,0,-0.45763888900000005,0,0.0,0.0,420.0,0.0,0.575,3.6799999999999997,0.575,300.0,0,0,0,0.0,Monday,2,3,10,0
2015-03-03,Quarter1,finishing,Tuesday,7,0.8,4.6,,4200,0,0.0,0,0,10.0,0.999533333,1,0.19953333299999998,0,0.0,0.0,420.0,0.0,0.45999999999999996,3.6799999999999997,0.45999999999999996,300.0,0,0,0,0.0,Tuesday,3,3,10,0
2015-03-03,Quarter1,finishing,Tuesday,3,0.8,4.6,,6300,0,0.0,0,0,15.0,0.902962963,1,0.10296296299999996,0,0.0,0.0,420.0,0.0,0.30666666666666664,3.6799999999999997,0.30666666666666664,300.0,0,0,0,0.0,Tuesday,3,3,10,0
2015-03-03,Quarter1,sewing,Tuesday,11,0.8,11.41,601.0,0,50,0.0,0,0,56.0,0.800701754,1,0.0007017539999999434,1,601.0,6.400257445308821,0.0,0.8928571428571429,0.20375000000000001,9.128,0.20375000000000001,0.0,0,0,0,0.0,Tuesday,3,3,10,0
2015-03-03,Quarter1,sewing,Tuesday,1,0.7,26.66,1562.0,6960,60,0.0,0,0,58.0,0.800566092,1,0.100566092,1,1562.0,7.354362330421477,120.0,1.0344827586206897,0.4596551724137931,18.662,0.4596551724137931,0.0,0,0,0,0.0,Tuesday,3,3,10,0
2015-03-03,Quarter1,sewing,Tuesday,12,0.8,15.26,983.0,4080,50,0.0,0,0,34.0,0.800401961,1,0.00040196100000000623,1,983.0,6.891625897052253,120.0,1.4705882352941178,0.4488235294117647,12.208,0.4488235294117647,0.0,0,0,0,0.0,Tuesday,3,3,10,0
2015-03-03,Quarter1,sewing,Tuesday,3,0.8,29.4,1156.0,6840,50,0.0,0,0,57.0,0.800333333,1,0.0003333329999999357,1,1156.0,7.053585727193677,120.0,0.8771929824561403,0.5157894736842105,23.52,0.5157894736842105,0.0,0,0,0,0.0,Tuesday,3,3,10,0
2015-03-03,Quarter1,sewing,Tuesday,7,0.8,30.1,29.0,7080,50,0.0,0,0,59.0,0.800115819,1,0.00011581899999990597,1,29.0,3.4011973816621555,120.0,0.847457627118644,0.5101694915254238,24.080000000000002,0.5101694915254238,0.0,0,0,0,0.0,Tuesday,3,3,10,0
2015-03-03,Quarter1,sewing,Tuesday,4,0.7,26.66,950.0,6960,50,0.0,0,0,58.0,0.750770115,1,0.05077011500000006,1,950.0,6.85751406254539,120.0,0.8620689655172413,0.4596551724137931,18.662,0.4596551724137931,0.0,0,0,0,0.0,Tuesday,3,3,10,0
2015-03-03,Quarter1,sewing,Tuesday,8,0.75,29.4,534.0,6840,56,0.0,0,0,57.0,0.750473684,1,0.00047368400000002975,1,534.0,6.282266746896006,120.0,0.9824561403508771,0.5157894736842105,22.049999999999997,0.5157894736842105,0.0,0,0,0,0.0,Tuesday,3,3,10,0
2015-03-03,Quarter1,sewing,Tuesday,9,0.75,18.79,1096.0,6240,34,0.0,0,0,52.0,0.750395513,1,0.0003955129999999585,1,1096.0,7.00033446027523,120.0,0.6538461538461539,0.3613461538461538,14.0925,0.3613461538461538,0.0,0,0,0,0.0,Tuesday,3,3,10,0
2015-03-03,Quarter1,sewing,Tuesday,6,0.75,20.2,402.0,3120,45,0.0,0,0,33.0,0.750212553,1,0.0002125530000000042,1,402.0,5.998936561946683,94.54545454545455,1.3636363636363635,0.6121212121212121,15.149999999999999,0.6121212121212121,0.0,0,0,0,0.0,Tuesday,3,3,10,0
2015-03-03,Quarter1,finishing,Tuesday,8,0.75,4.6,,3360,0,0.0,0,0,8.0,0.702777778,0,-0.047222222000000036,0,0.0,0.0,420.0,0.0,0.575,3.4499999999999997,0.575,300.0,0,0,0,0.0,Tuesday,3,3,10,0
2015-03-03,Quarter1,sewing,Tuesday,5,0.7,27.48,573.0,6840,30,0.0,0,0,57.0,0.700659649,1,0.0006596490000000399,1,573.0,6.352629396319567,120.0,0.5263157894736842,0.48210526315789476,19.236,0.48210526315789476,0.0,0,0,0,0.0,Tuesday,3,3,10,0
2015-03-03,Quarter1,sewing,Tuesday,10,0.7,21.82,1313.0,5040,30,0.0,0,0,51.0,0.699984417,0,-1.558299999993018e-05,1,1313.0,7.1808311990445555,98.82352941176471,0.5882352941176471,0.427843137254902,15.274,0.427843137254902,0.0,0,0,0,0.0,Tuesday,3,3,10,0
2015-03-03,Quarter1,finishing,Tuesday,12,0.8,4.6,,3780,0,0.0,0,0,9.0,0.636049383,0,-0.16395061700000002,0,0.0,0.0,420.0,0.0,0.5111111111111111,3.6799999999999997,0.5111111111111111,300.0,0,0,0,0.0,Tuesday,3,3,10,0
2015-03-03,Quarter1,finishing,Tuesday,2,0.4,3.9,,6300,0,0.0,0,0,15.0,0.567377778,1,0.16737777799999998,0,0.0,0.0,420.0,0.0,0.26,1.56,0.26,300.0,0,0,0,0.0,Tuesday,3,3,10,0
2015-03-03,Quarter1,finishing,Tuesday,1,0.7,3.94,,3360,0,0.0,0,0,8.0,0.555430556,0,-0.14456944399999994,0,0.0,0.0,420.0,0.0,0.4925,2.758,0.4925,300.0,0,0,0,0.0,Tuesday,3,3,10,0
2015-03-03,Quarter1,finishing,Tuesday,4,0.7,3.94,,3360,0,0.0,0,0,8.0,0.555430556,0,-0.14456944399999994,0,0.0,0.0,420.0,0.0,0.4925,2.758,0.4925,300.0,0,0,0,0.0,Tuesday,3,3,10,0
2015-03-03,Quarter1,finishing,Tuesday,10,0.7,2.9,,3360,0,0.0,0,0,8.0,0.463194444,0,-0.23680555599999997,0,0.0,0.0,420.0,0.0,0.3625,2.03,0.3625,300.0,0,0,0,0.0,Tuesday,3,3,10,0
2015-03-03,Quarter1,finishing,Tuesday,5,0.7,4.6,,3360,0,0.0,0,0,8.0,0.354444444,0,-0.34555555599999993,0,0.0,0.0,420.0,0.0,0.575,3.2199999999999998,0.575,300.0,0,0,0,0.0,Tuesday,3,3,10,0
2015-03-03,Quarter1,finishing,Tuesday,6,0.75,2.9,,3360,0,0.0,0,0,8.0,0.309333333,0,-0.440666667,0,0.0,0.0,420.0,0.0,0.3625,2.175,0.3625,300.0,0,0,0,0.0,Tuesday,3,3,10,0
2015-03-03,Quarter1,sewing,Tuesday,2,0.4,15.28,157.0,5400,0,6.5,30,1,45.0,0.30277037,0,-0.09722963000000001,1,157.0,5.062595033026967,120.0,0.0,0.33955555555555555,6.112,0.33955555555555555,0.0,1,1,1,195.0,Tuesday,3,3,10,0
2015-03-04,Quarter1,finishing,Wednesday,3,0.8,4.6,,1200,0,0.0,0,0,10.0,0.939166667,1,0.1391666669999999,0,0.0,0.0,120.0,0.0,0.45999999999999996,3.6799999999999997,0.45999999999999996,0.0,0,0,0,0.0,Wednesday,4,3,10,0
2015-03-04,Quarter1,finishing,Wednesday,8,0.8,4.6,,960,0,0.0,0,0,8.0,0.930416667,1,0.130416667,0,0.0,0.0,120.0,0.0,0.575,3.6799999999999997,0.575,0.0,0,0,0,0.0,Wednesday,4,3,10,0
2015-03-04,Quarter1,finishing,Wednesday,12,0.8,4.6,,1080,0,0.0,0,0,9.0,0.885925926,1,0.08592592599999993,0,0.0,0.0,120.0,0.0,0.5111111111111111,3.6799999999999997,0.5111111111111111,0.0,0,0,0,0.0,Wednesday,4,3,10,0
2015-03-04,Quarter1,finishing,Wednesday,9,0.75,2.9,,960,0,0.0,0,0,8.0,0.83375,1,0.08374999999999999,0,0.0,0.0,120.0,0.0,0.3625,2.175,0.3625,0.0,0,0,0,0.0,Wednesday,4,3,10,0
2015-03-04,Quarter1,finishing,Wednesday,1,0.7,3.94,,960,0,0.0,0,0,8.0,0.806879167,1,0.106879167,0,0.0,0.0,120.0,0.0,0.4925,2.758,0.4925,0.0,0,0,0,0.0,Wednesday,4,3,10,0
2015-03-04,Quarter1,finishing,Wednesday,4,0.7,3.94,,960,0,0.0,0,0,8.0,0.806058333,1,0.106058333,0,0.0,0.0,120.0,0.0,0.4925,2.758,0.4925,0.0,0,0,0,0.0,Wednesday,4,3,10,0
2015-03-04,Quarter1,sewing,Wednesday,11,0.8,11.41,433.0,0,38,0.0,0,0,56.0,0.800701754,1,0.0007017539999999434,1,433.0,6.073044534100405,0.0,0.6785714285714286,0.20375000000000001,9.128,0.20375000000000001,0.0,0,0,0,0.0,Wednesday,4,3,10,0
2015-03-04,Quarter1,sewing,Wednesday,12,0.8,15.26,961.0,4080,50,0.0,0,0,34.0,0.800401961,1,0.00040196100000000623,1,961.0,6.8690144506657065,120.0,1.4705882352941178,0.4488235294117647,12.208,0.4488235294117647,0.0,0,0,0,0.0,Wednesday,4,3,10,0
2015-03-04,Quarter1,sewing,Wednesday,3,0.8,29.4,1169.0,6840,63,0.0,0,0,57.0,0.800333333,1,0.0003333329999999357,1,1169.0,7.064759027791802,120.0,1.105263157894737,0.5157894736842105,23.52,0.5157894736842105,0.0,0,0,0,0.0,Wednesday,4,3,10,0
2015-03-04,Quarter1,sewing,Wednesday,7,0.8,30.1,874.0,3960,50,0.0,0,0,59.0,0.800055762,1,5.576199999990372e-05,1,874.0,6.774223886357614,67.11864406779661,0.847457627118644,0.5101694915254238,24.080000000000002,0.5101694915254238,0.0,0,0,0,0.0,Wednesday,4,3,10,0
2015-03-04,Quarter1,sewing,Wednesday,4,0.7,26.82,1028.0,6960,60,0.0,0,0,58.0,0.799975862,1,0.09997586200000008,1,1028.0,6.9363427358340495,120.0,1.0344827586206897,0.46241379310344827,18.773999999999997,0.46241379310344827,0.0,0,0,0,0.0,Wednesday,4,3,10,0
2015-03-04,Quarter1,sewing,Wednesday,1,0.7,26.82,1772.0,6960,50,0.0,0,0,58.0,0.750651724,1,0.050651724000000065,1,1772.0,7.480428306074208,120.0,0.8620689655172413,0.46241379310344827,18.773999999999997,0.46241379310344827,0.0,0,0,0,0.0,Wednesday,4,3,10,0
2015-03-04,Quarter1,sewing,Wednesday,9,0.75,18.79,1206.0,6240,34,0.0,0,0,52.0,0.750395513,1,0.0003955129999999585,1,1206.0,7.095893221097532,120.0,0.6538461538461539,0.3613461538461538,14.0925,0.3613461538461538,0.0,0,0,0,0.0,Wednesday,4,3,10,0
2015-03-04,Quarter1,sewing,Wednesday,5,0.7,27.48,586.0,6960,40,0.0,0,0,58.0,0.700424138,1,0.00042413800000007384,1,586.0,6.375024819828097,120.0,0.6896551724137931,0.47379310344827585,19.236,0.47379310344827585,0.0,0,0,0,0.0,Wednesday,4,3,10,0
2015-03-04,Quarter1,sewing,Wednesday,10,0.7,21.82,1334.0,5760,30,0.0,0,0,53.0,0.700058333,1,5.8333000000021507e-05,1,1334.0,7.19668657083435,108.67924528301887,0.5660377358490566,0.4116981132075472,15.274,0.4116981132075472,0.0,0,0,0,0.0,Wednesday,4,3,10,0
2015-03-04,Quarter1,finishing,Wednesday,7,0.8,4.6,,8400,0,0.0,0,0,20.0,0.684888889,0,-0.11511111100000004,0,0.0,0.0,420.0,0.0,0.22999999999999998,3.6799999999999997,0.22999999999999998,300.0,0,0,0,0.0,Wednesday,4,3,10,0
2015-03-04,Quarter1,finishing,Wednesday,5,0.7,4.6,,960,0,0.0,0,0,8.0,0.592083333,0,-0.10791666699999991,0,0.0,0.0,120.0,0.0,0.575,3.2199999999999998,0.575,0.0,0,0,0,0.0,Wednesday,4,3,10,0
2015-03-04,Quarter1,finishing,Wednesday,2,0.5,3.9,,960,0,0.0,0,0,8.0,0.5403125,1,0.04031249999999997,0,0.0,0.0,120.0,0.0,0.4875,1.95,0.4875,0.0,0,0,0,0.0,Wednesday,4,3,10,0
2015-03-04,Quarter1,sewing,Wednesday,8,0.8,29.4,30.0,6840,0,0.0,0,0,57.0,0.433263158,0,-0.36673684200000006,1,30.0,3.4339872044851463,120.0,0.0,0.5157894736842105,23.52,0.5157894736842105,0.0,0,0,0,0.0,Wednesday,4,3,10,0
2015-03-04,Quarter1,sewing,Wednesday,2,0.5,15.28,261.0,5520,0,0.0,0,1,46.0,0.404144928,0,-0.09585507199999999,1,261.0,5.568344503761097,120.0,0.0,0.33217391304347826,7.64,0.33217391304347826,0.0,0,0,1,0.0,Wednesday,4,3,10,0
2015-03-04,Quarter1,sewing,Wednesday,6,0.75,18.79,52.0,3960,0,0.0,0,0,33.0,0.332146465,0,-0.417853535,1,52.0,3.970291913552122,120.0,0.0,0.5693939393939393,14.0925,0.5693939393939393,0.0,0,0,0,0.0,Wednesday,4,3,10,0
2015-03-05,Quarter1,finishing,Thursday,8,0.8,4.6,,2640,0,0.0,0,0,22.0,0.980984848,1,0.18098484799999992,0,0.0,0.0,120.0,0.0,0.20909090909090908,3.6799999999999997,0.20909090909090908,0.0,0,0,0,0.0,Thursday,5,3,10,1
2015-03-05,Quarter1,finishing,Thursday,2,0.6,3.9,,960,0,0.0,0,0,8.0,0.950625,1,0.3506250000000001,0,0.0,0.0,120.0,0.0,0.4875,2.34,0.4875,0.0,0,0,0,0.0,Thursday,5,3,10,1
2015-03-05,Quarter1,finishing,Thursday,11,0.8,2.9,,1200,0,0.0,0,0,10.0,0.927291667,1,0.12729166699999994,0,0.0,0.0,120.0,0.0,0.29,2.32,0.29,0.0,0,0,0,0.0,Thursday,5,3,10,1
2015-03-05,Quarter1,finishing,Thursday,12,0.8,4.6,,1080,0,0.0,0,0,9.0,0.868888889,1,0.06888888900000001,0,0.0,0.0,120.0,0.0,0.5111111111111111,3.6799999999999997,0.5111111111111111,0.0,0,0,0,0.0,Thursday,5,3,10,1
2015-03-05,Quarter1,finishing,Thursday,1,0.7,3.94,,960,0,0.0,0,0,8.0,0.812625,1,0.11262500000000009,0,0.0,0.0,120.0,0.0,0.4925,2.758,0.4925,0.0,0,0,0,0.0,Thursday,5,3,10,1
2015-03-05,Quarter1,finishing,Thursday,4,0.7,3.94,,960,0,0.0,0,0,8.0,0.812625,1,0.11262500000000009,0,0.0,0.0,120.0,0.0,0.4925,2.758,0.4925,0.0,0,0,0,0.0,Thursday,5,3,10,1
2015-03-05,Quarter1,finishing,Thursday,3,0.8,4.6,,1800,0,0.0,0,0,15.0,0.810111111,1,0.01011111099999995,0,0.0,0.0,120.0,0.0,0.30666666666666664,3.6799999999999997,0.30666666666666664,0.0,0,0,0,0.0,Thursday,5,3,10,1
2015-03-05,Quarter1,sewing,Thursday,11,0.8,11.41,455.0,3420,50,0.0,0,0,56.0,0.800701754,1,0.0007017539999999434,1,455.0,6.1224928095143865,61.07142857142857,0.8928571428571429,0.20375000000000001,9.128,0.20375000000000001,0.0,0,0,0,0.0,Thursday,5,3,10,1
2015-03-05,Quarter1,sewing,Thursday,3,0.8,29.4,797.0,1800,63,0.0,0,0,57.0,0.800534979,1,0.000534978999999991,1,797.0,6.682108597449809,31.57894736842105,1.105263157894737,0.5157894736842105,23.52,0.5157894736842105,0.0,0,0,0,0.0,Thursday,5,3,10,1
2015-03-05,Quarter1,sewing,Thursday,12,0.8,15.26,959.0,4080,50,0.0,0,0,34.0,0.800401961,1,0.00040196100000000623,1,959.0,6.866933284461882,120.0,1.4705882352941178,0.4488235294117647,12.208,0.4488235294117647,0.0,0,0,0,0.0,Thursday,5,3,10,1
2015-03-05,Quarter1,sewing,Thursday,1,0.7,26.82,1373.0,6960,50,0.0,0,0,58.0,0.750651724,1,0.050651724000000065,1,1373.0,7.2254814727822945,120.0,0.8620689655172413,0.46241379310344827,18.773999999999997,0.46241379310344827,0.0,0,0,0,0.0,Thursday,5,3,10,1
2015-03-05,Quarter1,sewing,Thursday,9,0.75,18.79,1228.0,6240,45,0.0,0,0,52.0,0.750395513,1,0.0003955129999999585,1,1228.0,7.113956109566034,120.0,0.8653846153846154,0.3613461538461538,14.0925,0.3613461538461538,0.0,0,0,0,0.0,Thursday,5,3,10,1
2015-03-05,Quarter1,sewing,Thursday,4,0.7,26.82,1117.0,7080,50,0.0,0,0,59.0,0.750050847,1,0.050050847000000065,1,1117.0,7.0192966537150445,120.0,0.847457627118644,0.4545762711864407,18.773999999999997,0.4545762711864407,0.0,0,0,0,0.0,Thursday,5,3,10,1
2015-03-05,Quarter1,sewing,Thursday,5,0.7,27.48,230.0,6960,40,0.0,0,0,58.0,0.700424138,1,0.00042413800000007384,1,230.0,5.442417710521793,120.0,0.6896551724137931,0.47379310344827585,19.236,0.47379310344827585,0.0,0,0,0,0.0,Thursday,5,3,10,1
2015-03-05,Quarter1,sewing,Thursday,10,0.7,21.82,1390.0,6000,30,0.0,0,0,50.0,0.700422,1,0.00042200000000003346,1,1390.0,7.237778191923443,120.0,0.6,0.4364,15.274,0.4364,0.0,0,0,0,0.0,Thursday,5,3,10,1
2015-03-05,Quarter1,sewing,Thursday,2,0.6,15.28,529.0,1320,0,0.0,0,1,46.0,0.600099145,1,9.914499999996718e-05,1,529.0,6.272877006546167,28.695652173913043,0.0,0.33217391304347826,9.168,0.33217391304347826,0.0,0,0,1,0.0,Thursday,5,3,10,1
2015-03-05,Quarter1,finishing,Thursday,9,0.75,2.9,,960,0,0.0,0,0,8.0,0.453125,0,-0.296875,0,0.0,0.0,120.0,0.0,0.3625,2.175,0.3625,0.0,0,0,0,0.0,Thursday,5,3,10,1
2015-03-05,Quarter1,sewing,Thursday,7,0.8,30.1,834.0,1200,0,4.0,40,0,59.0,0.366053523,0,-0.43394647700000005,1,834.0,6.727431724850855,20.338983050847457,0.0,0.5101694915254238,24.080000000000002,0.5101694915254238,0.0,1,1,0,160.0,Thursday,5,3,10,1
2015-03-05,Quarter1,sewing,Thursday,6,0.35,22.53,1450.0,2640,0,0.0,0,1,39.0,0.26369382,0,-0.08630617999999995,1,1450.0,7.280008252884188,67.6923076923077,0.0,0.5776923076923077,7.8854999999999995,0.5776923076923077,0.0,0,0,1,0.0,Thursday,5,3,10,1
2015-03-07,Quarter1,finishing,Saturday,12,0.8,4.6,,1080,0,0.0,0,0,9.0,0.868888889,1,0.06888888900000001,0,0.0,0.0,120.0,0.0,0.5111111111111111,3.6799999999999997,0.5111111111111111,0.0,0,0,0,0.0,Saturday,7,3,10,1
2015-03-07,Quarter1,sewing,Saturday,12,0.8,15.26,986.0,4080,75,0.0,0,0,34.0,0.850520588,1,0.05052058799999992,1,986.0,6.894670039433482,120.0,2.2058823529411766,0.4488235294117647,12.208,0.4488235294117647,0.0,0,0,0,0.0,Saturday,7,3,10,1
2015-03-07,Quarter1,sewing,Saturday,1,0.7,26.82,1267.0,8160,70,0.0,0,0,58.0,0.850045,1,0.1500450000000001,1,1267.0,7.145196134997171,140.68965517241378,1.206896551724138,0.46241379310344827,18.773999999999997,0.46241379310344827,20.68965517241378,0,0,0,0.0,Saturday,7,3,10,1
2015-03-07,Quarter1,finishing,Saturday,7,0.8,4.6,,6000,0,0.0,0,0,25.0,0.825444444,1,0.02544444400000001,0,0.0,0.0,240.0,0.0,0.184,3.6799999999999997,0.184,120.0,0,0,0,0.0,Saturday,7,3,10,1
2015-03-07,Quarter1,finishing,Saturday,5,0.35,3.94,,2400,0,0.0,0,0,10.0,0.80575,1,0.45575,0,0.0,0.0,240.0,0.0,0.394,1.379,0.394,120.0,0,0,0,0.0,Saturday,7,3,10,1
2015-03-07,Quarter1,sewing,Saturday,4,0.7,26.82,1195.0,6960,60,0.0,0,0,58.0,0.800746552,1,0.10074655200000004,1,1195.0,7.086737934510577,120.0,1.0344827586206897,0.46241379310344827,18.773999999999997,0.46241379310344827,0.0,0,0,0,0.0,Saturday,7,3,10,1
2015-03-07,Quarter1,sewing,Saturday,3,0.8,29.4,983.0,6840,63,0.0,0,1,57.0,0.800578947,1,0.0005789469999999408,1,983.0,6.891625897052253,120.0,1.105263157894737,0.5157894736842105,23.52,0.5157894736842105,0.0,0,0,1,0.0,Saturday,7,3,10,1
2015-03-07,Quarter1,sewing,Saturday,11,0.8,11.41,471.0,3420,50,0.0,0,0,58.0,0.800034503,1,3.4502999999963535e-05,1,471.0,6.156978985585555,58.96551724137931,0.8620689655172413,0.1967241379310345,9.128,0.1967241379310345,0.0,0,0,0,0.0,Saturday,7,3,10,1
2015-03-07,Quarter1,finishing,Saturday,6,0.5,2.9,,960,0,0.0,0,0,8.0,0.7975,1,0.2975,0,0.0,0.0,120.0,0.0,0.3625,1.45,0.3625,0.0,0,0,0,0.0,Saturday,7,3,10,1
2015-03-07,Quarter1,sewing,Saturday,9,0.75,18.79,1226.0,3480,45,0.0,0,0,51.0,0.749987124,0,-1.2875999999995003e-05,1,1226.0,7.112327444710911,68.23529411764706,0.8823529411764706,0.3684313725490196,14.0925,0.3684313725490196,0.0,0,0,0,0.0,Saturday,7,3,10,1
2015-03-07,Quarter1,sewing,Saturday,10,0.7,21.82,1251.0,6000,30,0.0,0,0,50.0,0.700422,1,0.00042200000000003346,1,1251.0,7.132497551660044,120.0,0.6,0.4364,15.274,0.4364,0.0,0,0,0,0.0,Saturday,7,3,10,1
2015-03-07,Quarter1,finishing,Saturday,1,0.7,3.94,,960,0,0.0,0,0,8.0,0.664875,0,-0.03512499999999996,0,0.0,0.0,120.0,0.0,0.4925,2.758,0.4925,0.0,0,0,0,0.0,Saturday,7,3,10,1
2015-03-07,Quarter1,finishing,Saturday,4,0.7,3.94,,960,0,0.0,0,0,8.0,0.664875,0,-0.03512499999999996,0,0.0,0.0,120.0,0.0,0.4925,2.758,0.4925,0.0,0,0,0,0.0,Saturday,7,3,10,1
2015-03-07,Quarter1,finishing,Saturday,11,0.8,2.9,,960,0,0.0,0,0,8.0,0.657083333,0,-0.14291666700000005,0,0.0,0.0,120.0,0.0,0.3625,2.32,0.3625,0.0,0,0,0,0.0,Saturday,7,3,10,1
2015-03-07,Quarter1,sewing,Saturday,2,0.65,16.1,626.0,4200,0,0.0,0,1,45.0,0.65024031,1,0.00024031000000002134,1,626.0,6.440946540632921,93.33333333333333,0.0,0.3577777777777778,10.465000000000002,0.3577777777777778,0.0,0,0,1,0.0,Saturday,7,3,10,1
2015-03-07,Quarter1,finishing,Saturday,8,0.8,4.6,,3600,0,0.0,0,0,15.0,0.590740741,0,-0.2092592590000001,0,0.0,0.0,240.0,0.0,0.30666666666666664,3.6799999999999997,0.30666666666666664,120.0,0,0,0,0.0,Saturday,7,3,10,1
2015-03-07,Quarter1,finishing,Saturday,2,0.65,3.9,,1920,0,0.0,0,0,8.0,0.528125,0,-0.12187500000000007,0,0.0,0.0,240.0,0.0,0.4875,2.535,0.4875,120.0,0,0,0,0.0,Saturday,7,3,10,1
2015-03-07,Quarter1,sewing,Saturday,6,0.5,23.41,1379.0,2280,0,0.0,0,1,39.0,0.500528095,1,0.0005280949999999507,1,1379.0,7.22983877815125,58.46153846153846,0.0,0.6002564102564103,11.705,0.6002564102564103,0.0,0,0,1,0.0,Saturday,7,3,10,1
2015-03-07,Quarter1,sewing,Saturday,5,0.7,27.48,541.0,6960,24,0.0,0,1,58.0,0.408960345,0,-0.29103965499999995,1,541.0,6.295266001439646,120.0,0.41379310344827586,0.47379310344827585,19.236,0.47379310344827585,0.0,0,0,1,0.0,Saturday,7,3,10,1
2015-03-08,Quarter2,finishing,Sunday,3,0.8,4.6,,1440,0,0.0,0,0,12.0,0.951944444,1,0.15194444399999996,0,0.0,0.0,120.0,0.0,0.3833333333333333,3.6799999999999997,0.3833333333333333,0.0,0,0,0,0.0,Sunday,8,3,10,0
2015-03-08,Quarter2,finishing,Sunday,12,0.8,4.6,,1080,0,0.0,0,0,9.0,0.945555556,1,0.14555555599999992,0,0.0,0.0,120.0,0.0,0.5111111111111111,3.6799999999999997,0.5111111111111111,0.0,0,0,0,0.0,Sunday,8,3,10,0
2015-03-08,Quarter2,finishing,Sunday,9,0.75,2.9,,1080,0,0.0,0,0,9.0,0.929074074,1,0.17907407399999997,0,0.0,0.0,120.0,0.0,0.3222222222222222,2.175,0.3222222222222222,0.0,0,0,0,0.0,Sunday,8,3,10,0
2015-03-08,Quarter2,finishing,Sunday,1,0.75,3.94,,960,0,0.0,0,0,8.0,0.890604167,1,0.140604167,0,0.0,0.0,120.0,0.0,0.4925,2.955,0.4925,0.0,0,0,0,0.0,Sunday,8,3,10,0
2015-03-08,Quarter2,finishing,Sunday,4,0.75,3.94,,960,0,0.0,0,0,8.0,0.890604167,1,0.140604167,0,0.0,0.0,120.0,0.0,0.4925,2.955,0.4925,0.0,0,0,0,0.0,Sunday,8,3,10,0
2015-03-08,Quarter2,finishing,Sunday,2,0.7,3.9,,1200,0,0.0,0,0,10.0,0.884,1,0.18400000000000005,0,0.0,0.0,120.0,0.0,0.39,2.73,0.39,0.0,0,0,0,0.0,Sunday,8,3,10,0
2015-03-08,Quarter2,finishing,Sunday,5,0.5,3.94,,960,0,0.0,0,0,8.0,0.857916667,1,0.357916667,0,0.0,0.0,120.0,0.0,0.4925,1.97,0.4925,0.0,0,0,0,0.0,Sunday,8,3,10,0
2015-03-08,Quarter2,sewing,Sunday,4,0.75,26.82,1082.0,6840,65,0.0,0,0,57.0,0.850084211,1,0.10008421099999998,1,1082.0,6.9874902470009905,120.0,1.1403508771929824,0.4705263157894737,20.115000000000002,0.4705263157894737,0.0,0,0,0,0.0,Sunday,8,3,10,0
2015-03-08,Quarter2,sewing,Sunday,1,0.75,26.82,1254.0,6960,65,0.0,0,0,58.0,0.85007069,1,0.10007069000000002,1,1254.0,7.134890851565884,120.0,1.1206896551724137,0.46241379310344827,20.115000000000002,0.46241379310344827,0.0,0,0,0,0.0,Sunday,8,3,10,0
2015-03-08,Quarter2,sewing,Sunday,3,0.8,30.1,1278.0,3360,50,0.0,0,1,57.0,0.800511068,1,0.0005110680000000034,1,1278.0,7.153833801578843,58.94736842105263,0.8771929824561403,0.5280701754385965,24.080000000000002,0.5280701754385965,0.0,0,0,1,0.0,Sunday,8,3,10,0
2015-03-08,Quarter2,sewing,Sunday,12,0.8,15.26,1064.0,4080,63,0.0,0,0,34.0,0.800401961,1,0.00040196100000000623,1,1064.0,6.970730078143525,120.0,1.8529411764705883,0.4488235294117647,12.208,0.4488235294117647,0.0,0,0,0,0.0,Sunday,8,3,10,0
2015-03-08,Quarter2,sewing,Sunday,11,0.8,11.41,313.0,3420,50,0.0,0,0,58.0,0.800034503,1,3.4502999999963535e-05,1,313.0,5.749392985908253,58.96551724137931,0.8620689655172413,0.1967241379310345,9.128,0.1967241379310345,0.0,0,0,0,0.0,Sunday,8,3,10,0
2015-03-08,Quarter2,finishing,Sunday,11,0.8,2.9,,960,0,0.0,0,0,8.0,0.755208333,0,-0.044791667000000035,0,0.0,0.0,120.0,0.0,0.3625,2.32,0.3625,0.0,0,0,0,0.0,Sunday,8,3,10,0
2015-03-08,Quarter2,sewing,Sunday,9,0.75,18.79,1239.0,5640,45,0.0,0,0,52.0,0.750371895,1,0.00037189500000001097,1,1239.0,7.122866658599083,108.46153846153847,0.8653846153846154,0.3613461538461538,14.0925,0.3613461538461538,0.0,0,0,0,0.0,Sunday,8,3,10,0
2015-03-08,Quarter2,sewing,Sunday,10,0.7,21.82,1335.0,6000,30,0.0,0,0,50.0,0.700422,1,0.00042200000000003346,1,1335.0,7.197435354096591,120.0,0.6,0.4364,15.274,0.4364,0.0,0,0,0,0.0,Sunday,8,3,10,0
2015-03-08,Quarter2,sewing,Sunday,2,0.7,16.1,928.0,4800,30,0.0,0,1,45.0,0.700106061,1,0.00010606099999999063,1,928.0,6.834108738813838,106.66666666666667,0.6666666666666666,0.3577777777777778,11.27,0.3577777777777778,0.0,0,0,1,0.0,Sunday,8,3,10,0
2015-03-08,Quarter2,sewing,Sunday,6,0.6,23.41,1266.0,2520,23,0.0,0,1,38.0,0.601037091,1,0.0010370910000000455,1,1266.0,7.144407180321139,66.3157894736842,0.6052631578947368,0.6160526315789474,14.046,0.6160526315789474,0.0,0,0,1,0.0,Sunday,8,3,10,0
2015-03-08,Quarter2,sewing,Sunday,8,0.6,30.48,869.0,6720,0,0.0,0,1,56.0,0.600528571,1,0.0005285710000000332,1,869.0,6.76849321164863,120.0,0.0,0.5442857142857143,18.288,0.5442857142857143,0.0,0,0,1,0.0,Sunday,8,3,10,0
2015-03-08,Quarter2,sewing,Sunday,5,0.5,26.82,711.0,7080,23,0.0,0,1,59.0,0.500033898,1,3.389799999997667e-05,1,711.0,6.568077911411976,120.0,0.3898305084745763,0.4545762711864407,13.41,0.4545762711864407,0.0,0,0,1,0.0,Sunday,8,3,10,0
2015-03-08,Quarter2,finishing,Sunday,8,0.6,3.9,,960,0,0.0,0,0,8.0,0.4509375,0,-0.1490625,0,0.0,0.0,120.0,0.0,0.4875,2.34,0.4875,0.0,0,0,0,0.0,Sunday,8,3,10,0
2015-03-08,Quarter2,finishing,Sunday,10,0.7,2.9,,960,0,0.0,0,0,8.0,0.441041667,0,-0.25895833299999993,0,0.0,0.0,120.0,0.0,0.3625,2.03,0.3625,0.0,0,0,0,0.0,Sunday,8,3,10,0
2015-03-08,Quarter2,finishing,Sunday,6,0.6,2.9,,960,0,0.0,0,0,8.0,0.271875,0,-0.328125,0,0.0,0.0,120.0,0.0,0.3625,1.74,0.3625,0.0,0,0,0,0.0,Sunday,8,3,10,0
2015-03-09,Quarter2,finishing,Monday,11,0.8,2.9,,960,0,0.0,0,0,8.0,0.960625,1,0.1606249999999999,0,0.0,0.0,120.0,0.0,0.3625,2.32,0.3625,0.0,0,0,0,0.0,Monday,9,3,11,0
2015-03-09,Quarter2,finishing,Monday,12,0.8,4.6,,1080,0,0.0,0,0,9.0,0.902962963,1,0.10296296299999996,0,0.0,0.0,120.0,0.0,0.5111111111111111,3.6799999999999997,0.5111111111111111,0.0,0,0,0,0.0,Monday,9,3,11,0
2015-03-09,Quarter2,finishing,Monday,5,0.6,3.94,,2880,0,0.0,0,0,12.0,0.864342593,1,0.26434259300000007,0,0.0,0.0,240.0,0.0,0.3283333333333333,2.364,0.3283333333333333,120.0,0,0,0,0.0,Monday,9,3,11,0
2015-03-09,Quarter2,sewing,Monday,4,0.75,26.82,1079.0,7020,65,0.0,0,0,58.0,0.850446154,1,0.10044615400000001,1,1079.0,6.984716320118266,121.03448275862068,1.1206896551724137,0.46241379310344827,20.115000000000002,0.46241379310344827,1.0344827586206833,0,0,0,0.0,Monday,9,3,11,0
2015-03-09,Quarter2,sewing,Monday,1,0.75,26.82,1322.0,7140,65,0.0,0,0,59.0,0.850426891,1,0.10042689100000002,1,1322.0,7.187657164114956,121.01694915254237,1.1016949152542372,0.4545762711864407,20.115000000000002,0.4545762711864407,1.0169491525423666,0,0,0,0.0,Monday,9,3,11,0
2015-03-09,Quarter2,finishing,Monday,9,0.75,2.9,,3600,0,0.0,0,0,15.0,0.841,1,0.09099999999999997,0,0.0,0.0,240.0,0.0,0.19333333333333333,2.175,0.19333333333333333,120.0,0,0,0,0.0,Monday,9,3,11,0
2015-03-09,Quarter2,sewing,Monday,3,0.8,30.1,964.0,5160,50,0.0,0,1,58.0,0.800842424,1,0.0008424240000000083,1,964.0,6.872128101338986,88.96551724137932,0.8620689655172413,0.5189655172413793,24.080000000000002,0.5189655172413793,0.0,0,0,1,0.0,Monday,9,3,11,0
2015-03-09,Quarter2,sewing,Monday,12,0.8,15.26,1132.0,4080,63,0.0,0,0,34.0,0.800401961,1,0.00040196100000000623,1,1132.0,7.0326242610280065,120.0,1.8529411764705883,0.4488235294117647,12.208,0.4488235294117647,0.0,0,0,0,0.0,Monday,9,3,11,0
2015-03-09,Quarter2,sewing,Monday,11,0.8,11.41,357.0,3420,50,0.0,0,0,58.0,0.800034503,1,3.4502999999963535e-05,1,357.0,5.8805329864007,58.96551724137931,0.8620689655172413,0.1967241379310345,9.128,0.1967241379310345,0.0,0,0,0,0.0,Monday,9,3,11,0
2015-03-09,Quarter2,finishing,Monday,3,0.8,4.6,,1440,0,0.0,0,0,12.0,0.795416667,0,-0.004583333000000023,0,0.0,0.0,120.0,0.0,0.3833333333333333,3.6799999999999997,0.3833333333333333,0.0,0,0,0,0.0,Monday,9,3,11,0
2015-03-09,Quarter2,finishing,Monday,4,0.75,3.94,,960,0,0.0,0,0,8.0,0.7953875,1,0.045387500000000025,0,0.0,0.0,120.0,0.0,0.4925,2.955,0.4925,0.0,0,0,0,0.0,Monday,9,3,11,0
2015-03-09,Quarter2,finishing,Monday,1,0.75,3.94,,960,0,0.0,0,0,8.0,0.794566667,1,0.044566667000000004,0,0.0,0.0,120.0,0.0,0.4925,2.955,0.4925,0.0,0,0,0,0.0,Monday,9,3,11,0
2015-03-09,Quarter2,sewing,Monday,9,0.75,18.79,1193.0,6240,45,0.0,0,0,52.0,0.750395513,1,0.0003955129999999585,1,1193.0,7.085064293952548,120.0,0.8653846153846154,0.3613461538461538,14.0925,0.3613461538461538,0.0,0,0,0,0.0,Monday,9,3,11,0
2015-03-09,Quarter2,sewing,Monday,2,0.7,16.1,817.0,5520,30,0.0,0,1,45.0,0.700516224,1,0.0005162240000000651,1,817.0,6.706862336602747,122.66666666666667,0.6666666666666666,0.3577777777777778,11.27,0.3577777777777778,2.6666666666666714,0,0,1,0.0,Monday,9,3,11,0
2015-03-09,Quarter2,sewing,Monday,10,0.7,21.82,1576.0,6000,30,0.0,0,0,50.0,0.700422,1,0.00042200000000003346,1,1576.0,7.3632795869630385,120.0,0.6,0.4364,15.274,0.4364,0.0,0,0,0,0.0,Monday,9,3,11,0
2015-03-09,Quarter2,finishing,Monday,2,0.7,3.9,,1200,0,0.0,0,0,10.0,0.6825,0,-0.01749999999999996,0,0.0,0.0,120.0,0.0,0.39,2.73,0.39,0.0,0,0,0,0.0,Monday,9,3,11,0
2015-03-09,Quarter2,sewing,Monday,6,0.65,23.41,1262.0,4560,35,0.0,0,1,38.0,0.650962281,1,0.0009622809999999538,1,1262.0,7.141245122350491,120.0,0.9210526315789473,0.6160526315789474,15.2165,0.6160526315789474,0.0,0,0,1,0.0,Monday,9,3,11,0
2015-03-09,Quarter2,sewing,Monday,8,0.65,30.48,953.0,6720,26,0.0,0,1,56.0,0.650421429,1,0.0004214289999999732,1,953.0,6.860663671448287,120.0,0.4642857142857143,0.5442857142857143,19.812,0.5442857142857143,0.0,0,0,1,0.0,Monday,9,3,11,0
2015-03-09,Quarter2,sewing,Monday,5,0.6,26.82,919.0,7080,23,0.0,0,1,59.0,0.600040678,1,4.067800000007171e-05,1,919.0,6.824373670043086,120.0,0.3898305084745763,0.4545762711864407,16.092,0.4545762711864407,0.0,0,0,1,0.0,Monday,9,3,11,0
2015-03-09,Quarter2,sewing,Monday,7,0.5,30.48,1161.0,6600,0,0.0,0,1,55.0,0.500610909,1,0.0006109090000000483,1,1161.0,7.057897937411856,120.0,0.0,0.5541818181818182,15.24,0.5541818181818182,0.0,0,0,1,0.0,Monday,9,3,11,0
2015-03-09,Quarter2,finishing,Monday,10,0.7,2.9,,960,0,0.0,0,0,8.0,0.477291667,0,-0.22270833299999998,0,0.0,0.0,120.0,0.0,0.3625,2.03,0.3625,0.0,0,0,0,0.0,Monday,9,3,11,0
2015-03-09,Quarter2,finishing,Monday,8,0.65,3.9,,960,0,0.0,0,0,8.0,0.2640625,0,-0.38593750000000004,0,0.0,0.0,120.0,0.0,0.4875,2.535,0.4875,0.0,0,0,0,0.0,Monday,9,3,11,0
2015-03-10,Quarter2,finishing,Tuesday,12,0.8,4.6,,1080,0,0.0,0,0,9.0,0.92,1,0.12,0,0.0,0.0,120.0,0.0,0.5111111111111111,3.6799999999999997,0.5111111111111111,0.0,0,0,0,0.0,Tuesday,10,3,11,0
2015-03-10,Quarter2,finishing,Tuesday,5,0.6,3.94,,1440,0,0.0,0,0,12.0,0.909391667,1,0.309391667,0,0.0,0.0,120.0,0.0,0.3283333333333333,2.364,0.3283333333333333,0.0,0,0,0,0.0,Tuesday,10,3,11,0
2015-03-10,Quarter2,sewing,Tuesday,1,0.75,26.82,1574.0,7080,75,0.0,0,0,59.0,0.900061017,1,0.15006101699999996,1,1574.0,7.362010551259734,120.0,1.271186440677966,0.4545762711864407,20.115000000000002,0.4545762711864407,0.0,0,0,0,0.0,Tuesday,10,3,11,0
2015-03-10,Quarter2,finishing,Tuesday,3,0.8,4.6,,1440,0,0.0,0,0,12.0,0.894444444,1,0.09444444399999996,0,0.0,0.0,120.0,0.0,0.3833333333333333,3.6799999999999997,0.3833333333333333,0.0,0,0,0,0.0,Tuesday,10,3,11,0
2015-03-10,Quarter2,finishing,Tuesday,4,0.75,3.94,,960,0,0.0,0,0,8.0,0.881575,1,0.131575,0,0.0,0.0,120.0,0.0,0.4925,2.955,0.4925,0.0,0,0,0,0.0,Tuesday,10,3,11,0
2015-03-10,Quarter2,finishing,Tuesday,1,0.75,3.94,,960,0,0.0,0,0,8.0,0.880754167,1,0.13075416699999998,0,0.0,0.0,120.0,0.0,0.4925,2.955,0.4925,0.0,0,0,0,0.0,Tuesday,10,3,11,0
2015-03-10,Quarter2,sewing,Tuesday,4,0.75,26.82,1104.0,5880,65,0.0,0,0,59.0,0.850084211,1,0.10008421099999998,1,1104.0,7.007600613951853,99.66101694915254,1.1016949152542372,0.4545762711864407,20.115000000000002,0.4545762711864407,0.0,0,0,0,0.0,Tuesday,10,3,11,0
2015-03-10,Quarter2,finishing,Tuesday,9,0.75,2.9,,1800,0,0.0,0,0,15.0,0.821666667,1,0.07166666700000002,0,0.0,0.0,120.0,0.0,0.19333333333333333,2.175,0.19333333333333333,0.0,0,0,0,0.0,Tuesday,10,3,11,0
2015-03-10,Quarter2,sewing,Tuesday,12,0.8,15.26,1069.0,4080,63,0.0,0,0,34.0,0.800401961,1,0.00040196100000000623,1,1069.0,6.975413927455952,120.0,1.8529411764705883,0.4488235294117647,12.208,0.4488235294117647,0.0,0,0,0,0.0,Tuesday,10,3,11,0
2015-03-10,Quarter2,sewing,Tuesday,3,0.8,30.1,756.0,6960,63,0.0,0,1,58.0,0.800071839,1,7.183899999996246e-05,1,756.0,6.6293632534374485,120.0,1.0862068965517242,0.5189655172413793,24.080000000000002,0.5189655172413793,0.0,0,0,1,0.0,Tuesday,10,3,11,0
2015-03-10,Quarter2,sewing,Tuesday,11,0.8,11.41,338.0,3420,50,0.0,0,0,58.0,0.800034503,1,3.4502999999963535e-05,1,338.0,5.82600010738045,58.96551724137931,0.8620689655172413,0.1967241379310345,9.128,0.1967241379310345,0.0,0,0,0,0.0,Tuesday,10,3,11,0
2015-03-10,Quarter2,finishing,Tuesday,11,0.8,2.9,,960,0,0.0,0,0,8.0,0.758229167,0,-0.04177083300000006,0,0.0,0.0,120.0,0.0,0.3625,2.32,0.3625,0.0,0,0,0,0.0,Tuesday,10,3,11,0
2015-03-10,Quarter2,sewing,Tuesday,10,0.75,21.82,1499.0,6000,34,0.0,0,0,50.0,0.750608,1,0.0006080000000000529,1,1499.0,7.313220387090301,120.0,0.68,0.4364,16.365000000000002,0.4364,0.0,0,0,0,0.0,Tuesday,10,3,11,0
2015-03-10,Quarter2,sewing,Tuesday,9,0.75,18.79,1247.0,6240,45,0.0,0,0,52.0,0.750395513,1,0.0003955129999999585,1,1247.0,7.129297548929373,120.0,0.8653846153846154,0.3613461538461538,14.0925,0.3613461538461538,0.0,0,0,0,0.0,Tuesday,10,3,11,0
2015-03-10,Quarter2,finishing,Tuesday,2,0.7,3.9,,960,0,0.0,0,0,8.0,0.741,1,0.041000000000000036,0,0.0,0.0,120.0,0.0,0.4875,2.73,0.4875,0.0,0,0,0,0.0,Tuesday,10,3,11,0
2015-03-10,Quarter2,sewing,Tuesday,8,0.7,30.48,923.0,6840,30,0.0,0,1,57.0,0.700505263,1,0.0005052630000000891,1,923.0,6.828712071641684,120.0,0.5263157894736842,0.5347368421052632,21.336,0.5347368421052632,0.0,0,0,1,0.0,Tuesday,10,3,11,0
2015-03-10,Quarter2,sewing,Tuesday,6,0.7,23.41,1180.0,4560,30,0.0,0,1,38.0,0.700246491,1,0.00024649100000007085,1,1180.0,7.074116816197362,120.0,0.7894736842105263,0.6160526315789474,16.387,0.6160526315789474,0.0,0,0,1,0.0,Tuesday,10,3,11,0
2015-03-10,Quarter2,sewing,Tuesday,2,0.7,16.1,957.0,5400,40,0.0,0,1,45.0,0.700051852,1,5.185200000001888e-05,1,957.0,6.86484777797086,120.0,0.8888888888888888,0.3577777777777778,11.27,0.3577777777777778,0.0,0,0,1,0.0,Tuesday,10,3,11,0
2015-03-10,Quarter2,sewing,Tuesday,5,0.65,26.82,1001.0,7080,26,0.0,0,1,59.0,0.650044068,1,4.406800000000821e-05,1,1001.0,6.90975328164481,120.0,0.4406779661016949,0.4545762711864407,17.433,0.4545762711864407,0.0,0,0,1,0.0,Tuesday,10,3,11,0
2015-03-10,Quarter2,sewing,Tuesday,7,0.6,30.48,1017.0,6840,25,0.0,0,1,57.0,0.630402924,1,0.030402923999999998,1,1017.0,6.925595197110468,120.0,0.43859649122807015,0.5347368421052632,18.288,0.5347368421052632,0.0,0,0,1,0.0,Tuesday,10,3,11,0
2015-03-10,Quarter2,finishing,Tuesday,8,0.65,3.9,,960,0,0.0,0,0,8.0,0.560625,0,-0.08937499999999998,0,0.0,0.0,120.0,0.0,0.4875,2.535,0.4875,0.0,0,0,0,0.0,Tuesday,10,3,11,0
2015-03-10,Quarter2,finishing,Tuesday,7,0.5,3.9,,960,0,0.0,0,0,8.0,0.560625,1,0.06062500000000004,0,0.0,0.0,120.0,0.0,0.4875,1.95,0.4875,0.0,0,0,0,0.0,Tuesday,10,3,11,0
2015-03-10,Quarter2,finishing,Tuesday,10,0.7,2.9,,960,0,0.0,0,0,8.0,0.39875,0,-0.30124999999999996,0,0.0,0.0,120.0,0.0,0.3625,2.03,0.3625,0.0,0,0,0,0.0,Tuesday,10,3,11,0
2015-03-11,Quarter2,finishing,Wednesday,12,0.8,4.6,,2160,0,0.0,0,0,9.0,0.922839506,1,0.12283950599999993,0,0.0,0.0,240.0,0.0,0.5111111111111111,3.6799999999999997,0.5111111111111111,120.0,0,0,0,0.0,Wednesday,11,3,11,0
2015-03-11,Quarter2,finishing,Wednesday,11,0.8,2.9,,2400,0,0.0,0,0,10.0,0.874027778,1,0.07402777799999993,0,0.0,0.0,240.0,0.0,0.29,2.32,0.29,120.0,0,0,0,0.0,Wednesday,11,3,11,0
2015-03-11,Quarter2,finishing,Wednesday,2,0.75,3.9,,1920,0,0.0,0,0,8.0,0.819270833,1,0.06927083300000003,0,0.0,0.0,240.0,0.0,0.4875,2.925,0.4875,120.0,0,0,0,0.0,Wednesday,11,3,11,0
2015-03-11,Quarter2,finishing,Wednesday,4,0.75,3.94,,1920,0,0.0,0,0,8.0,0.813309028,1,0.06330902800000004,0,0.0,0.0,240.0,0.0,0.4925,2.955,0.4925,120.0,0,0,0,0.0,Wednesday,11,3,11,0
2015-03-11,Quarter2,finishing,Wednesday,1,0.75,3.94,,1920,0,0.0,0,0,8.0,0.812625,1,0.06262500000000004,0,0.0,0.0,240.0,0.0,0.4925,2.955,0.4925,120.0,0,0,0,0.0,Wednesday,11,3,11,0
2015-03-11,Quarter2,sewing,Wednesday,12,0.8,15.26,470.0,4080,63,0.0,0,0,34.0,0.800401961,1,0.00040196100000000623,1,470.0,6.154858094016418,120.0,1.8529411764705883,0.4488235294117647,12.208,0.4488235294117647,0.0,0,0,0,0.0,Wednesday,11,3,11,0
2015-03-11,Quarter2,sewing,Wednesday,3,0.8,30.1,735.0,6960,63,0.0,0,1,58.0,0.800071839,1,7.183899999996246e-05,1,735.0,6.601230118728877,120.0,1.0862068965517242,0.5189655172413793,24.080000000000002,0.5189655172413793,0.0,0,0,1,0.0,Wednesday,11,3,11,0
2015-03-11,Quarter2,sewing,Wednesday,11,0.8,11.41,560.0,3420,50,0.0,0,0,58.0,0.800034503,1,3.4502999999963535e-05,1,560.0,6.329720905522696,58.96551724137931,0.8620689655172413,0.1967241379310345,9.128,0.1967241379310345,0.0,0,0,0,0.0,Wednesday,11,3,11,0
2015-03-11,Quarter2,finishing,Wednesday,3,0.8,4.6,,1920,0,0.0,0,0,8.0,0.786631944,0,-0.013368056000000017,0,0.0,0.0,240.0,0.0,0.575,3.6799999999999997,0.575,120.0,0,0,0,0.0,Wednesday,11,3,11,0
2015-03-11,Quarter2,finishing,Wednesday,5,0.7,3.94,,1440,0,0.0,0,0,12.0,0.75885,1,0.05885000000000007,0,0.0,0.0,120.0,0.0,0.3283333333333333,2.758,0.3283333333333333,0.0,0,0,0,0.0,Wednesday,11,3,11,0
2015-03-11,Quarter2,sewing,Wednesday,10,0.75,21.82,1674.0,6000,34,0.0,0,0,50.0,0.750608,1,0.0006080000000000529,1,1674.0,7.423568444259167,120.0,0.68,0.4364,16.365000000000002,0.4364,0.0,0,0,0,0.0,Wednesday,11,3,11,0
2015-03-11,Quarter2,sewing,Wednesday,9,0.75,18.79,290.0,5040,45,0.0,0,0,52.0,0.750347333,1,0.0003473330000000052,1,290.0,5.673323267171493,96.92307692307692,0.8653846153846154,0.3613461538461538,14.0925,0.3613461538461538,0.0,0,0,0,0.0,Wednesday,11,3,11,0
2015-03-11,Quarter2,sewing,Wednesday,2,0.75,16.1,971.0,5400,45,0.0,0,1,45.0,0.750140741,1,0.0001407410000000553,1,971.0,6.879355804460439,120.0,1.0,0.3577777777777778,12.075000000000001,0.3577777777777778,0.0,0,0,1,0.0,Wednesday,11,3,11,0
2015-03-11,Quarter2,sewing,Wednesday,1,0.75,26.82,1322.0,7080,45,0.0,0,0,59.0,0.750050847,1,5.0847000000020515e-05,1,1322.0,7.187657164114956,120.0,0.7627118644067796,0.4545762711864407,20.115000000000002,0.4545762711864407,0.0,0,0,0,0.0,Wednesday,11,3,11,0
2015-03-11,Quarter2,sewing,Wednesday,4,0.75,26.82,1054.0,7080,45,0.0,0,0,59.0,0.750050847,1,5.0847000000020515e-05,1,1054.0,6.961296045910167,120.0,0.7627118644067796,0.4545762711864407,20.115000000000002,0.4545762711864407,0.0,0,0,0,0.0,Wednesday,11,3,11,0
2015-03-11,Quarter2,sewing,Wednesday,5,0.7,26.82,992.0,6960,30,0.0,0,1,58.0,0.700556897,1,0.0005568970000000562,1,992.0,6.900730664045173,120.0,0.5172413793103449,0.46241379310344827,18.773999999999997,0.46241379310344827,0.0,0,0,1,0.0,Wednesday,11,3,11,0
2015-03-11,Quarter2,sewing,Wednesday,8,0.7,30.48,914.0,6840,30,0.0,0,1,57.0,0.700505263,1,0.0005052630000000891,1,914.0,6.818924065275521,120.0,0.5263157894736842,0.5347368421052632,21.336,0.5347368421052632,0.0,0,0,1,0.0,Wednesday,11,3,11,0
2015-03-11,Quarter2,sewing,Wednesday,6,0.7,23.41,1128.0,4560,40,0.0,0,1,38.0,0.700246491,1,0.00024649100000007085,1,1128.0,7.029087564149662,120.0,1.0526315789473684,0.6160526315789474,16.387,0.6160526315789474,0.0,0,0,1,0.0,Wednesday,11,3,11,0
2015-03-11,Quarter2,sewing,Wednesday,7,0.65,30.48,935.0,6840,26,0.0,0,1,57.0,0.650596491,1,0.0005964910000000323,1,935.0,6.841615476477592,120.0,0.45614035087719296,0.5347368421052632,19.812,0.5347368421052632,0.0,0,0,1,0.0,Wednesday,11,3,11,0
2015-03-11,Quarter2,finishing,Wednesday,10,0.75,2.9,,960,0,0.0,0,0,8.0,0.628333333,0,-0.12166666699999995,0,0.0,0.0,120.0,0.0,0.3625,2.175,0.3625,0.0,0,0,0,0.0,Wednesday,11,3,11,0
2015-03-11,Quarter2,finishing,Wednesday,8,0.7,3.9,,960,0,0.0,0,0,8.0,0.625625,0,-0.07437499999999997,0,0.0,0.0,120.0,0.0,0.4875,2.73,0.4875,0.0,0,0,0,0.0,Wednesday,11,3,11,0
2015-03-11,Quarter2,finishing,Wednesday,7,0.65,3.9,,960,0,0.0,0,0,8.0,0.625625,0,-0.024375000000000036,0,0.0,0.0,120.0,0.0,0.4875,2.535,0.4875,0.0,0,0,0,0.0,Wednesday,11,3,11,0
2015-03-11,Quarter2,finishing,Wednesday,9,0.75,2.9,,1800,0,0.0,0,0,15.0,0.505888889,0,-0.24411111100000005,0,0.0,0.0,120.0,0.0,0.19333333333333333,2.175,0.19333333333333333,0.0,0,0,0,0.0,Wednesday,11,3,11,0
2015-03-11,Quarter2,finishing,Wednesday,6,0.7,2.9,,720,0,0.0,0,0,6.0,0.394722222,0,-0.30527777799999994,0,0.0,0.0,120.0,0.0,0.48333333333333334,2.03,0.48333333333333334,0.0,0,0,0,0.0,Wednesday,11,3,11,0
